{"type":"FeatureCollection", "features": [
{"type":"Feature","geometry":{"type":"Polygon","coordinates":[[[31.288,-22.402],[31.429,-22.299],[32.371,-21.335],[32.354,-21.137],[32.476,-20.95],[32.478,-20.713],[32.673,-20.516],[32.993,-19.985],[33.007,-19.874],[32.831,-19.558],[32.778,-19.389],[32.85,-19.104],[32.717,-19.002],[32.722,-18.828],[32.854,-18.764],[32.993,-18.36],[32.956,-18.083],[32.981,-17.437],[32.969,-17.252],[32.884,-17.038],[32.876,-16.884],[32.948,-16.712],[32.742,-16.678],[32.636,-16.589],[32.243,-16.449],[31.94,-16.429],[31.688,-16.214],[31.49,-16.18],[31.236,-16.024],[30.438,-15.995],[30.396,-15.643],[29.73,-15.645],[29.288,-15.776],[28.913,-15.988],[28.857,-16.142],[28.833,-16.424],[28.761,-16.532],[28.4,-16.663],[27.932,-16.896],[27.757,-17.06],[27.637,-17.262],[27.438,-17.512],[27.021,-17.958],[26.78,-18.042],[26.578,-18.023],[26.333,-17.929],[26.14,-17.912],[25.996,-17.97],[25.863,-17.952],[25.64,-17.824],[25.452,-17.845],[25.259,-17.794],[25.224,-17.915],[25.384,-18.142],[25.489,-18.351],[25.761,-18.649],[25.812,-18.797],[25.939,-18.939],[25.951,-19.082],[26.168,-19.538],[26.241,-19.569],[26.678,-19.893],[27.092,-20.054],[27.221,-20.146],[27.281,-20.479],[27.625,-20.484],[27.7,-20.531],[27.704,-20.766],[27.669,-21.064],[27.844,-21.262],[28.046,-21.573],[28.532,-21.651],[29.037,-21.811],[29.016,-21.94],[29.107,-22.066],[29.237,-22.079],[29.365,-22.194],[29.663,-22.146],[29.902,-22.184],[30.19,-22.291],[30.46,-22.329],[30.916,-22.291],[31.073,-22.308],[31.288,-22.402]]]},"properties":{"code":"ZWE","name":"Zimbabwe"}},
{"type":"Feature","geometry":{"type":"Polygon","coordinates":[[[30.396,-15.643],[30.351,-15.35],[30.252,-15.183],[30.232,-14.99],[30.673,-14.819],[31.538,-14.577],[31.729,-14.496],[33.202,-14.013],[33.148,-13.941],[32.992,-14.022],[32.867,-13.817],[32.765,-13.761],[32.672,-13.61],[32.852,-13.457],[32.968,-13.225],[33,-12.9],[32.946,-12.804],[33.022,-12.63],[33.398,-12.49],[33.491,-12.331],[33.34,-12.308],[33.252,-12.113],[33.301,-11.888],[33.288,-11.611],[33.226,-11.535],[33.38,-11.158],[33.261,-10.893],[33.465,-10.783],[33.659,-10.591],[33.554,-10.391],[33.529,-10.235],[33.312,-10.038],[33.351,-9.862],[33.196,-9.626],[32.996,-9.623],[32.92,-9.407],[32.487,-9.213],[32.433,-9.156],[31.943,-9.054],[31.919,-8.942],[31.674,-8.909],[31.535,-8.713],[31.351,-8.607],[31.076,-8.612],[30.831,-8.386],[30.751,-8.194],[28.972,-8.465],[28.918,-8.701],[28.794,-8.891],[28.617,-9.072],[28.401,-9.225],[28.541,-9.51],[28.63,-9.831],[28.607,-10.397],[28.639,-10.669],[28.544,-10.802],[28.357,-11.483],[28.483,-11.812],[28.85,-12.121],[29.064,-12.349],[29.428,-12.431],[29.56,-12.202],[29.795,-12.155],[29.796,-13.37],[29.652,-13.414],[29.554,-13.249],[29.202,-13.398],[29.014,-13.369],[28.773,-12.982],[28.673,-12.861],[28.551,-12.836],[28.474,-12.623],[28.358,-12.482],[27.857,-12.285],[27.644,-12.267],[27.533,-12.195],[27.424,-11.945],[27.238,-11.783],[27.196,-11.605],[27.046,-11.616],[26.95,-11.899],[26.89,-11.944],[26.596,-11.972],[26.026,-11.89],[25.619,-11.744],[25.512,-11.753],[25.349,-11.623],[25.283,-11.405],[25.319,-11.237],[25.185,-11.243],[24.668,-11.353],[24.519,-11.438],[24.335,-11.371],[24.396,-11.255],[24.32,-11.072],[24.137,-11.026],[24.078,-10.892],[23.967,-10.872],[24.047,-11.405],[23.971,-11.636],[23.959,-12.118],[23.991,-12.422],[23.882,-12.799],[23.968,-12.957],[23.843,-13.001],[21.979,-13.001],[21.98,-15.956],[22.04,-16.263],[22.151,-16.597],[22.305,-16.69],[22.956,-17.286],[23.381,-17.641],[24.275,-17.481],[24.932,-17.543],[25.092,-17.634],[25.259,-17.794],[25.452,-17.845],[25.64,-17.824],[25.863,-17.952],[25.996,-17.97],[26.14,-17.912],[26.333,-17.929],[26.578,-18.023],[26.78,-18.042],[27.021,-17.958],[27.438,-17.512],[27.637,-17.262],[27.757,-17.06],[27.932,-16.896],[28.4,-16.663],[28.761,-16.532],[28.833,-16.424],[28.857,-16.142],[28.913,-15.988],[29.288,-15.776],[29.73,-15.645],[30.396,-15.643]]]},"properties":{"code":"ZMB","name":"Zambia"}},
{"type":"Feature","geometry":{"type":"MultiPolygon","coordinates":[[[[53.086,16.648],[52.801,17.268],[52.729,17.3],[51.978,18.996],[49.192,18.621],[49.042,18.582],[48.172,18.157],[47.58,17.448],[47.442,17.112],[47.144,16.947],[46.976,16.953],[46.779,17.212],[46.682,17.269],[46.31,17.231],[45.407,17.32],[45.148,17.427],[44.747,17.432],[44.546,17.404],[44.156,17.399],[43.917,17.325],[43.713,17.366],[43.597,17.471],[43.418,17.516],[43.191,17.359],[43.117,16.942],[43.184,16.812],[43.165,16.689],[42.799,16.372],[42.84,16.032],[42.717,15.655],[42.8,15.372],[42.658,15.233],[42.856,15.133],[42.936,14.939],[42.913,14.863],[43.021,14.555],[43.006,14.483],[43.093,14.204],[43.089,14.011],[43.234,13.859],[43.283,13.64],[43.232,13.267],[43.475,12.839],[43.488,12.699],[43.634,12.744],[43.93,12.617],[44.358,12.669],[44.618,12.817],[44.755,12.764],[45.039,12.816],[45.164,12.998],[45.394,13.067],[45.657,13.339],[46.203,13.424],[46.502,13.416],[46.789,13.466],[46.976,13.547],[47.408,13.662],[47.633,13.858],[47.99,14.048],[48.278,13.998],[48.668,14.05],[49.005,14.355],[49.048,14.456],[49.35,14.638],[49.906,14.828],[50.167,14.851],[50.527,15.038],[51.015,15.141],[51.322,15.226],[51.604,15.337],[52.217,15.656],[52.174,15.957],[52.237,16.171],[52.328,16.294],[52.581,16.47],[53.086,16.648]]],[[[53.763,12.637],[53.638,12.707],[53.431,12.664],[53.316,12.533],[53.598,12.342],[53.719,12.319],[54.129,12.361],[54.511,12.553],[54.187,12.664],[53.763,12.637]]]]},"properties":{"code":"YEM","name":"Yemen"}},
{"type":"Feature","geometry":{"type":"MultiPolygon","coordinates":[[[[104.064,10.391],[103.868,10.335],[104.076,10.225],[104.064,10.391]]],[[[107.973,21.508],[107.802,21.645],[107.351,21.609],[107.179,21.717],[107.006,21.893],[106.729,22],[106.654,22.241],[106.536,22.395],[106.582,22.573],[106.702,22.638],[106.78,22.779],[106.542,22.908],[106.249,22.869],[106.148,22.97],[105.843,22.923],[105.548,23.073],[105.495,23.181],[105.275,23.345],[104.865,23.136],[104.796,22.911],[104.687,22.822],[104.527,22.804],[104.372,22.704],[104.213,22.809],[104.054,22.752],[103.915,22.538],[103.62,22.782],[103.471,22.597],[103.356,22.755],[103.005,22.453],[102.83,22.587],[102.517,22.741],[102.428,22.733],[102.237,22.466],[102.127,22.379],[102.183,22.284],[102.583,21.904],[102.695,21.662],[102.845,21.735],[102.949,21.57],[102.851,21.266],[103.104,20.892],[103.464,20.78],[103.635,20.697],[104.052,20.941],[104.195,20.914],[104.583,20.647],[104.392,20.425],[104.619,20.375],[104.699,20.205],[104.889,20.169],[104.928,20.018],[104.743,19.755],[104.546,19.611],[104.26,19.685],[104.032,19.675],[104.063,19.483],[103.896,19.34],[103.918,19.269],[104.109,19.196],[104.717,18.803],[105.115,18.679],[105.086,18.45],[105.333,18.19],[105.458,18.154],[105.588,17.984],[105.691,17.738],[106.006,17.415],[106.27,17.217],[106.502,16.954],[106.546,16.651],[106.696,16.459],[106.832,16.526],[106.931,16.353],[107.217,16.136],[107.396,16.043],[107.361,15.922],[107.189,15.839],[107.19,15.747],[107.339,15.56],[107.564,15.392],[107.653,15.255],[107.48,14.98],[107.519,14.705],[107.448,14.451],[107.364,14.369],[107.331,14.127],[107.605,13.438],[107.475,13.03],[107.555,12.54],[107.506,12.365],[107.159,12.277],[106.931,12.077],[106.765,12.052],[106.7,11.979],[106.414,11.948],[106.411,11.738],[106.34,11.682],[106.006,11.758],[105.851,11.635],[105.856,11.294],[106.168,11.012],[106.099,10.797],[105.938,10.885],[105.853,10.864],[105.755,10.99],[105.387,10.94],[105.315,10.845],[105.022,10.887],[105.061,10.734],[104.851,10.534],[104.564,10.516],[104.426,10.411],[104.663,10.17],[104.802,10.203],[104.873,10.115],[105.028,10.067],[105.093,9.901],[104.903,9.816],[104.845,9.606],[104.815,9.185],[104.819,8.802],[104.896,8.747],[104.892,8.583],[105.114,8.629],[105.322,8.801],[105.501,9.093],[106.168,9.397],[106.204,9.675],[106.378,9.556],[106.572,9.641],[106.596,9.86],[106.785,10.116],[106.757,10.296],[106.813,10.433],[107.088,10.498],[107.262,10.398],[107.47,10.486],[107.845,10.7],[108.001,10.72],[108.095,10.897],[108.272,10.934],[108.551,11.156],[108.7,11.199],[108.821,11.315],[108.987,11.336],[109.04,11.593],[109.199,11.725],[109.158,11.837],[109.216,12.073],[109.219,12.646],[109.336,12.752],[109.424,12.956],[109.272,13.279],[109.247,13.855],[109.303,13.856],[109.191,14.27],[109.087,14.553],[109.085,14.716],[108.94,15.001],[108.821,15.378],[108.674,15.484],[108.286,15.989],[108.267,16.09],[108.029,16.331],[107.834,16.322],[107.724,16.488],[107.355,16.794],[107.18,16.898],[107.12,17.056],[106.736,17.367],[106.479,17.72],[106.499,17.946],[106.24,18.221],[106.066,18.316],[105.888,18.502],[105.622,18.966],[105.791,19.294],[105.814,19.587],[105.984,19.939],[106.166,19.992],[106.518,20.289],[106.551,20.527],[106.753,20.735],[106.675,20.96],[106.886,20.95],[107.075,20.999],[107.165,20.949],[107.354,21.055],[107.41,21.285],[107.707,21.406],[107.809,21.497],[107.973,21.508]]]]},"properties":{"code":"VNM","name":"Vietnam"}},
{"type":"Feature","geometry":{"type":"MultiPolygon","coordinates":[[[[-63.849,11.131],[-63.893,11.167],[-64.161,10.959],[-64.055,10.884],[-63.918,10.888],[-63.817,11],[-63.849,11.131]]],[[[-60.998,8.867],[-60.849,8.996],[-60.916,9.07],[-61.069,8.947],[-60.998,8.867]]],[[[-60.018,8.549],[-60.167,8.617],[-60.34,8.629],[-60.481,8.547],[-60.801,8.592],[-61.036,8.493],[-61.194,8.488],[-61.304,8.41],[-61.619,8.597],[-61.247,8.6],[-61.122,8.843],[-61.053,9.095],[-60.971,9.215],[-60.792,9.361],[-61.013,9.556],[-61.309,9.633],[-61.512,9.848],[-61.766,9.814],[-62.12,9.985],[-62.19,9.842],[-62.32,9.783],[-62.515,10.176],[-62.662,10.199],[-62.706,10.333],[-62.843,10.418],[-62.843,10.507],[-62.694,10.563],[-62.38,10.547],[-62.242,10.7],[-62.702,10.75],[-62.947,10.707],[-63.19,10.709],[-63.497,10.643],[-63.873,10.664],[-63.834,10.449],[-64.188,10.458],[-64.85,10.098],[-65.129,10.07],[-65.852,10.258],[-66.09,10.473],[-66.106,10.575],[-66.247,10.632],[-66.989,10.611],[-67.133,10.57],[-67.581,10.524],[-67.872,10.472],[-68.14,10.493],[-68.234,10.569],[-68.325,10.809],[-68.325,10.949],[-68.399,11.161],[-68.828,11.432],[-69.233,11.518],[-69.632,11.48],[-69.712,11.564],[-69.811,11.837],[-69.831,11.996],[-70.004,12.178],[-70.203,12.098],[-70.287,11.886],[-70.193,11.625],[-69.817,11.672],[-69.773,11.541],[-69.885,11.444],[-70.049,11.53],[-70.233,11.373],[-70.546,11.261],[-70.821,11.208],[-71.264,11],[-71.47,10.964],[-71.545,10.779],[-71.518,10.622],[-71.387,10.264],[-71.262,10.144],[-71.082,9.833],[-71.053,9.706],[-71.086,9.348],[-71.298,9.126],[-71.537,9.048],[-71.687,9.073],[-71.781,9.25],[-71.761,9.336],[-71.976,9.553],[-72.113,9.816],[-71.956,10.108],[-71.665,10.444],[-71.594,10.657],[-71.731,10.995],[-71.947,11.414],[-71.957,11.57],[-71.869,11.627],[-71.488,11.719],[-71.32,11.862],[-71.536,11.774],[-71.958,11.666],[-72.248,11.196],[-72.446,11.114],[-72.69,10.836],[-72.869,10.491],[-73.007,9.789],[-73.064,9.668],[-73.356,9.227],[-73.337,9.168],[-73.058,9.26],[-72.96,9.135],[-72.796,9.109],[-72.665,8.628],[-72.417,8.382],[-72.358,8.087],[-72.446,7.966],[-72.479,7.613],[-72.443,7.455],[-72.208,7.37],[-72.084,7.097],[-71.893,6.99],[-71.621,7.033],[-71.218,6.985],[-71.013,6.994],[-70.811,7.078],[-70.655,7.083],[-70.387,6.973],[-70.095,6.938],[-69.439,6.135],[-69.268,6.1],[-69.09,6.184],[-68.472,6.157],[-68.143,6.198],[-67.859,6.29],[-67.568,6.242],[-67.482,6.18],[-67.439,6.026],[-67.631,5.709],[-67.642,5.559],[-67.825,5.27],[-67.814,4.931],[-67.855,4.507],[-67.783,4.198],[-67.662,3.864],[-67.499,3.691],[-67.311,3.416],[-67.354,3.323],[-67.835,2.893],[-67.597,2.769],[-67.211,2.39],[-67.215,2.275],[-67.114,2.051],[-66.884,1.358],[-66.876,1.223],[-66.429,0.822],[-66.302,0.752],[-66.06,0.785],[-65.681,0.983],[-65.566,0.926],[-65.473,0.691],[-65.361,0.869],[-65.104,1.108],[-64.818,1.257],[-64.732,1.253],[-64.486,1.453],[-64.304,1.455],[-64.115,1.619],[-64.035,1.904],[-63.844,1.977],[-63.394,2.223],[-63.389,2.412],[-63.924,2.452],[-64.049,2.525],[-64.038,2.802],[-64.219,3.205],[-64.221,3.587],[-64.568,3.9],[-64.818,4.232],[-64.722,4.274],[-64.576,4.14],[-64.256,4.14],[-64.122,4.067],[-64.021,3.929],[-63.653,3.941],[-63.527,3.894],[-63.295,3.922],[-62.969,3.594],[-62.765,3.673],[-62.712,4.018],[-62.411,4.157],[-62.153,4.098],[-61.554,4.288],[-61.479,4.402],[-61.28,4.517],[-61.003,4.535],[-60.906,4.687],[-60.742,4.774],[-60.604,4.995],[-60.742,5.202],[-61.377,5.907],[-61.303,6.05],[-61.129,6.214],[-61.204,6.588],[-61.146,6.695],[-60.873,6.787],[-60.718,6.768],[-60.395,6.945],[-60.325,7.134],[-60.523,7.144],[-60.633,7.211],[-60.607,7.321],[-60.719,7.499],[-60.514,7.813],[-60.381,7.828],[-60.178,7.994],[-60.032,8.054],[-59.965,8.192],[-59.832,8.306],[-60.018,8.549]]]]},"properties":{"code":"VEN","name":"Venezuela"}},
{"type":"Feature","geometry":{"type":"Polygon","coordinates":[[[12.439,41.898],[12.438,41.906],[12.431,41.905],[12.431,41.898],[12.439,41.898]]]},"properties":{"code":"VAT","name":"Vatican City"}},
{"type":"Feature","geometry":{"type":"MultiPolygon","coordinates":[[[[166.746,-14.827],[166.608,-14.637],[166.527,-14.85],[166.648,-15.212],[166.631,-15.406],[166.826,-15.635],[167.094,-15.581],[167.2,-15.486],[167.132,-15.135],[166.987,-14.94],[166.923,-15.139],[166.81,-15.157],[166.746,-14.827]]],[[[167.413,-16.096],[167.336,-15.917],[167.2,-15.885],[167.151,-16.08],[167.316,-16.116],[167.38,-16.246],[167.449,-16.555],[167.611,-16.499],[167.76,-16.516],[167.837,-16.45],[167.714,-16.314],[167.413,-16.096]]],[[[168.447,-16.779],[168.366,-16.759],[168.199,-16.594],[168.124,-16.69],[168.181,-16.804],[168.447,-16.779]]],[[[168.297,-16.337],[168.164,-16.082],[168.022,-16.316],[168.297,-16.337]]],[[[168.446,-17.542],[168.273,-17.552],[168.158,-17.711],[168.252,-17.781],[168.525,-17.798],[168.545,-17.685],[168.446,-17.542]]],[[[169.491,-19.54],[169.247,-19.345],[169.217,-19.476],[169.347,-19.624],[169.491,-19.54]]],[[[169.334,-18.94],[169.201,-18.796],[169.144,-18.631],[169.016,-18.644],[168.987,-18.871],[169.248,-18.983],[169.334,-18.94]]]]},"properties":{"code":"VUT","name":"Vanuatu"}},
{"type":"Feature","geometry":{"type":"MultiPolygon","coordinates":[[[[70.947,42.249],[70.715,42.169],[70.613,42.055],[70.416,42.079],[70.096,41.821],[69.664,41.672],[69.368,41.491],[69.065,41.367],[68.987,41.205],[68.737,41.042],[68.584,40.876],[68.601,40.66],[68.496,40.609],[68.292,40.656],[68.048,40.809],[68.113,41.029],[67.936,41.197],[66.814,41.142],[66.669,41.271],[66.538,41.741],[66.499,41.995],[66.01,42.005],[66.016,42.315],[66.05,42.473],[66.1,42.991],[65.803,42.877],[65.496,43.311],[65.271,43.418],[64.905,43.715],[64.443,43.551],[63.207,43.628],[62.072,43.489],[61.99,43.492],[61.161,44.169],[61.008,44.394],[58.669,45.508],[58.449,45.543],[57.477,45.337],[55.976,44.995],[55.977,41.322],[56.774,41.288],[57.018,41.263],[57.119,41.35],[57.018,41.451],[56.964,41.857],[57.229,42.084],[57.382,42.156],[57.814,42.19],[58.029,42.488],[58.234,42.448],[58.397,42.292],[58.477,42.34],[58.289,42.527],[58.26,42.688],[58.477,42.663],[58.589,42.778],[58.877,42.561],[59.123,42.524],[59.277,42.356],[59.451,42.3],[59.858,42.295],[60.006,42.191],[59.963,41.954],[60.107,41.907],[60.076,41.701],[60.138,41.594],[60.09,41.399],[60.455,41.222],[60.755,41.246],[61.329,41.195],[61.497,41.276],[61.645,41.24],[61.903,41.094],[62.095,40.683],[62.298,40.467],[62.375,40.332],[62.442,40.036],[62.651,39.858],[63.506,39.377],[63.721,39.188],[64.163,38.954],[64.31,38.977],[64.66,38.736],[65.077,38.539],[65.613,38.239],[65.857,38.269],[66.173,38.167],[66.39,38.051],[66.575,38.011],[66.629,37.932],[66.526,37.786],[66.522,37.348],[66.828,37.371],[67.069,37.335],[67.32,37.21],[67.517,37.267],[67.759,37.172],[67.814,37.487],[68.088,37.835],[68.294,38.033],[68.333,38.238],[68.144,38.383],[68.048,38.669],[68.149,38.891],[68.104,38.962],[67.677,39.008],[67.617,39.15],[67.35,39.242],[67.426,39.466],[67.719,39.621],[68.077,39.564],[68.463,39.537],[68.586,39.635],[68.639,39.839],[68.735,39.836],[68.805,40.05],[68.653,40.183],[68.952,40.223],[69.228,40.188],[69.304,40.327],[69.206,40.567],[69.314,40.635],[69.414,40.797],[69.713,40.657],[70.292,40.892],[70.442,41.023],[70.751,40.74],[70.712,40.669],[70.383,40.454],[70.653,40.201],[70.958,40.239],[71.305,40.287],[71.692,40.152],[71.956,40.259],[72.131,40.439],[72.358,40.402],[72.402,40.578],[72.567,40.524],[72.774,40.65],[73.113,40.786],[72.99,40.86],[72.62,40.884],[72.364,41.043],[72.187,41.026],[72.164,41.174],[71.879,41.195],[71.792,41.413],[71.602,41.503],[71.546,41.308],[71.421,41.342],[71.408,41.136],[71.111,41.153],[70.782,41.263],[70.646,41.46],[70.471,41.413],[70.181,41.571],[70.455,41.725],[70.631,41.875],[70.803,41.923],[70.842,42.02],[71.229,42.163],[71.036,42.285],[70.947,42.249]]],[[[71.206,39.893],[71.08,40.08],[71.012,39.895],[71.206,39.893]]]]},"properties":{"code":"UZB","name":"Uzbekistan"}},
{"type":"Feature","geometry":{"type":"Polygon","coordinates":[[[-53.371,-33.742],[-53.538,-33.623],[-53.531,-33.171],[-53.126,-32.737],[-53.231,-32.625],[-53.363,-32.581],[-53.602,-32.403],[-53.762,-32.057],[-53.921,-31.952],[-54.221,-31.855],[-54.37,-31.745],[-54.588,-31.485],[-54.896,-31.391],[-55.255,-31.226],[-55.366,-31.046],[-55.557,-30.876],[-55.874,-31.07],[-56.005,-31.079],[-55.999,-30.837],[-56.176,-30.628],[-56.833,-30.107],[-57.121,-30.144],[-57.214,-30.283],[-57.552,-30.261],[-57.609,-30.188],[-57.713,-30.384],[-57.873,-30.591],[-57.811,-30.859],[-57.898,-30.975],[-57.868,-31.104],[-58.054,-31.495],[-57.988,-31.576],[-58.042,-31.769],[-58.189,-31.924],[-58.123,-32.322],[-58.201,-32.472],[-58.082,-32.894],[-58.222,-33.129],[-58.353,-33.26],[-58.438,-33.719],[-58.4,-33.912],[-58.207,-34.109],[-57.961,-34.307],[-57.829,-34.477],[-57.543,-34.448],[-57.171,-34.452],[-56.855,-34.677],[-56.463,-34.775],[-56.388,-34.861],[-56.118,-34.908],[-55.863,-34.811],[-55.673,-34.776],[-55.371,-34.808],[-55.238,-34.896],[-54.902,-34.933],[-54.169,-34.671],[-54.01,-34.517],[-53.785,-34.38],[-53.743,-34.25],[-53.535,-34.017],[-53.472,-33.849],[-53.371,-33.742]]]},"properties":{"code":"URY","name":"Uruguay"}},
{"type":"Feature","geometry":{"type":"Polygon","coordinates":[[[158.315,6.814],[158.295,6.951],[158.135,6.945],[158.183,6.801],[158.315,6.814]]]},"properties":{"code":"FSM","name":"Federated States of Micronesia"}},
{"type":"Feature","geometry":{"type":"Polygon","coordinates":[[[171.102,7.138],[171.096,7.109],[171.202,7.074],[171.227,7.087],[171.102,7.138]]]},"properties":{"code":"MHL","name":"Marshall Islands"}},
{"type":"Feature","geometry":{"type":"Polygon","coordinates":[[[145.752,15.133],[145.782,15.175],[145.713,15.215],[145.684,15.125],[145.752,15.133]]]},"properties":{"code":"MNP","name":"Northern Mariana Islands"}},
{"type":"Feature","geometry":{"type":"Polygon","coordinates":[[[-64.766,17.794],[-64.885,17.772],[-64.889,17.702],[-64.686,17.706],[-64.766,17.794]]]},"properties":{"code":"VIR","name":"United States Virgin Islands"}},
{"type":"Feature","geometry":{"type":"Polygon","coordinates":[[[144.742,13.259],[144.79,13.527],[144.649,13.429],[144.742,13.259]]]},"properties":{"code":"GUM","name":"Guam"}},
{"type":"Feature","geometry":{"type":"Polygon","coordinates":[[[-170.726,-14.351],[-170.689,-14.257],[-170.821,-14.312],[-170.726,-14.351]]]},"properties":{"code":"ASM","name":"American Samoa"}},
{"type":"Feature","geometry":{"type":"Polygon","coordinates":[[[-66.129,18.445],[-66.189,18.476],[-67.159,18.499],[-67.264,18.365],[-67.172,18.224],[-67.197,17.994],[-66.9,17.948],[-66.772,17.987],[-66.511,17.987],[-66.409,17.951],[-65.971,17.974],[-65.621,18.242],[-65.629,18.381],[-66.07,18.469],[-66.129,18.445]]]},"properties":{"code":"PRI","name":"Puerto Rico"}},
{"type":"Feature","geometry":{"type":"MultiPolygon","coordinates":[[[[-132.747,56.526],[-132.568,56.576],[-132.656,56.685],[-132.843,56.795],[-132.931,56.524],[-132.747,56.526]]],[[[-132.78,56.247],[-132.647,56.313],[-132.643,56.435],[-132.902,56.454],[-133.035,56.341],[-132.78,56.247]]],[[[-171.463,63.64],[-171.646,63.727],[-171.804,63.581],[-171.791,63.425],[-171.632,63.351],[-171.401,63.339],[-171.061,63.446],[-170.848,63.444],[-170.527,63.379],[-170.273,63.284],[-170.19,63.196],[-169.988,63.173],[-169.778,63.094],[-169.676,62.956],[-169.365,63.171],[-168.852,63.171],[-168.716,63.311],[-168.996,63.347],[-169.428,63.348],[-169.624,63.431],[-170.017,63.492],[-170.122,63.618],[-170.43,63.699],[-170.673,63.669],[-170.875,63.594],[-171.035,63.585],[-171.463,63.64]]],[[[-166.135,60.384],[-166.476,60.383],[-166.784,60.296],[-166.836,60.217],[-167.252,60.234],[-167.436,60.207],[-167.139,60.009],[-166.985,59.984],[-166.628,59.865],[-166.343,59.834],[-166.188,59.774],[-165.947,59.89],[-165.592,59.913],[-165.712,60.069],[-165.689,60.224],[-165.841,60.346],[-166.044,60.334],[-166.135,60.384]]],[[[-152.898,57.824],[-152.943,57.936],[-153.16,57.972],[-153.2,57.82],[-153.524,57.731],[-153.663,57.858],[-153.904,57.82],[-153.799,57.647],[-153.805,57.358],[-154.03,57.631],[-154.281,57.638],[-154.535,57.559],[-154.673,57.446],[-154.706,57.335],[-154.569,57.206],[-154.499,57.037],[-154.339,56.921],[-154.184,57.005],[-154.244,57.143],[-154.065,57.134],[-153.999,57.05],[-153.793,56.99],[-154.071,56.821],[-153.973,56.774],[-153.757,56.858],[-153.647,57.03],[-153.444,57.167],[-153.274,57.226],[-153.052,57.238],[-152.879,57.321],[-152.679,57.345],[-152.631,57.472],[-152.412,57.455],[-152.216,57.577],[-152.411,57.646],[-152.419,57.782],[-152.512,57.851],[-152.898,57.824]]],[[[-130.025,55.888],[-130.098,56.109],[-130.215,56.083],[-130.413,56.123],[-130.477,56.231],[-130.649,56.264],[-130.742,56.341],[-131.083,56.405],[-131.575,56.599],[-131.824,56.59],[-131.866,56.793],[-132.104,56.857],[-132.032,57.027],[-132.338,57.079],[-132.232,57.199],[-132.55,57.5],[-133.275,58.223],[-133.423,58.337],[-133.401,58.411],[-133.821,58.705],[-134.219,58.85],[-134.441,59.085],[-134.944,59.288],[-135.071,59.441],[-135.051,59.579],[-135.476,59.793],[-135.935,59.663],[-136.322,59.605],[-136.348,59.456],[-136.466,59.459],[-136.467,59.28],[-136.579,59.152],[-136.813,59.15],[-137.278,58.988],[-137.439,58.903],[-137.593,59.226],[-138.632,59.778],[-138.705,59.901],[-139.043,59.993],[-139.185,60.084],[-139.079,60.344],[-139.676,60.328],[-139.973,60.183],[-140.453,60.3],[-140.525,60.218],[-141.002,60.3],[-141.002,69.651],[-141.408,69.653],[-141.699,69.77],[-142.297,69.87],[-142.708,70.034],[-143.218,70.116],[-143.357,70.09],[-143.746,70.102],[-144.064,70.054],[-144.417,70.039],[-144.619,69.982],[-145.197,70.009],[-145.44,70.051],[-145.823,70.16],[-146.281,70.186],[-146.745,70.192],[-147.063,70.17],[-147.705,70.217],[-147.87,70.303],[-148.249,70.357],[-148.479,70.318],[-148.688,70.416],[-149.269,70.501],[-149.87,70.51],[-150.152,70.444],[-150.403,70.444],[-150.663,70.51],[-151.128,70.452],[-151.225,70.419],[-151.945,70.452],[-151.769,70.56],[-152.173,70.557],[-152.471,70.654],[-152.3,70.847],[-152.491,70.881],[-152.785,70.876],[-153.233,70.933],[-153.498,70.891],[-153.918,70.877],[-154.195,70.801],[-154.599,70.848],[-154.674,70.987],[-154.944,71.083],[-155.167,71.099],[-155.579,70.894],[-155.872,70.835],[-156.042,70.902],[-155.635,71.062],[-155.646,71.183],[-155.811,71.188],[-156.47,71.292],[-156.567,71.342],[-156.783,71.319],[-157.195,71.093],[-157.606,70.941],[-157.998,70.845],[-158.484,70.841],[-158.621,70.799],[-158.996,70.802],[-159.315,70.879],[-159.681,70.787],[-159.962,70.634],[-159.815,70.497],[-159.908,70.331],[-160.095,70.333],[-159.963,70.568],[-160.117,70.591],[-160.634,70.446],[-160.996,70.305],[-161.639,70.235],[-161.768,70.197],[-161.881,70.332],[-162.35,70.094],[-162.952,69.758],[-163.094,69.611],[-163.161,69.388],[-163.536,69.17],[-163.868,69.037],[-164.302,68.936],[-165.044,68.882],[-165.509,68.868],[-166.209,68.885],[-166.182,68.797],[-166.381,68.425],[-166.574,68.32],[-166.236,68.278],[-165.96,68.156],[-165.386,68.046],[-164.125,67.607],[-163.943,67.478],[-163.721,67.196],[-163.532,67.103],[-163.002,67.027],[-162.392,67.02],[-161.965,67.05],[-161.72,67.021],[-161.731,66.923],[-161.879,66.804],[-161.857,66.7],[-161.398,66.552],[-161.051,66.653],[-160.864,66.671],[-160.644,66.605],[-160.361,66.613],[-160.263,66.572],[-160.232,66.42],[-160.651,66.373],[-161.048,66.474],[-161.336,66.496],[-161.591,66.46],[-161.91,66.56],[-162.051,66.667],[-162.254,66.919],[-162.362,66.947],[-162.607,66.894],[-162.467,66.736],[-162.191,66.693],[-161.888,66.493],[-161.828,66.371],[-161.544,66.407],[-161.12,66.334],[-161.201,66.219],[-161.455,66.281],[-161.557,66.251],[-161.816,66.054],[-162.214,66.071],[-162.587,66.051],[-162.886,66.099],[-163.171,66.075],[-163.695,66.084],[-164.034,66.216],[-163.894,66.287],[-163.903,66.378],[-163.794,66.493],[-163.816,66.583],[-164.058,66.611],[-164.674,66.555],[-165.064,66.438],[-165.449,66.41],[-165.776,66.319],[-165.84,66.245],[-165.724,66.113],[-166.009,66.121],[-166.215,66.17],[-166.748,66.052],[-167.074,65.877],[-167.405,65.859],[-167.58,65.758],[-168.088,65.658],[-167.987,65.568],[-167.404,65.422],[-166.665,65.338],[-166.452,65.247],[-166.531,65.155],[-166.827,65.096],[-166.551,64.953],[-166.415,64.927],[-166.481,64.728],[-166.325,64.626],[-166.143,64.583],[-165.446,64.513],[-165.138,64.465],[-164.9,64.461],[-164.304,64.584],[-163.713,64.588],[-163.486,64.55],[-163.144,64.424],[-163.204,64.652],[-162.876,64.516],[-162.807,64.374],[-162.172,64.678],[-161.868,64.743],[-161.759,64.816],[-161.466,64.795],[-161.187,64.924],[-161.063,64.904],[-160.887,64.796],[-160.836,64.682],[-160.932,64.579],[-161.193,64.516],[-161.22,64.397],[-160.988,64.251],[-160.904,64.031],[-160.779,63.819],[-160.827,63.729],[-161.1,63.558],[-161.266,63.497],[-161.505,63.468],[-161.974,63.453],[-162.112,63.534],[-162.283,63.529],[-162.621,63.266],[-163.062,63.08],[-163.359,63.046],[-163.736,63.193],[-164.108,63.262],[-164.409,63.215],[-164.764,62.971],[-164.845,62.801],[-164.779,62.481],[-165,62.534],[-165.195,62.474],[-165.707,62.1],[-165.706,61.927],[-165.834,61.837],[-165.991,61.834],[-166.1,61.645],[-165.797,61.491],[-165.864,61.336],[-165.691,61.3],[-165.566,61.102],[-165.381,61.106],[-165.392,61.212],[-165.138,61.13],[-165,61.044],[-165.066,60.921],[-164.754,60.931],[-164.442,60.87],[-163.995,60.865],[-163.749,60.97],[-163.655,60.877],[-163.421,60.757],[-163.529,60.665],[-163.73,60.59],[-163.895,60.745],[-164,60.766],[-164.266,60.725],[-164.37,60.796],[-164.805,60.892],[-164.9,60.873],[-165.016,60.74],[-165.354,60.541],[-165.113,60.526],[-165.061,60.413],[-164.8,60.307],[-164.662,60.304],[-164.471,60.149],[-164.132,59.994],[-164.143,59.897],[-163.907,59.807],[-163.68,59.802],[-163.219,59.846],[-162.878,59.923],[-162.733,59.994],[-162.571,59.99],[-162.5,60.127],[-162.6,60.297],[-162.469,60.395],[-162.421,60.284],[-162.242,60.178],[-162.138,59.98],[-161.829,59.589],[-161.92,59.365],[-162.023,59.284],[-161.981,59.146],[-161.794,59.109],[-161.781,58.897],[-161.724,58.794],[-161.856,58.717],[-161.755,58.612],[-161.361,58.67],[-161.216,58.801],[-160.817,58.872],[-160.363,59.051],[-160.153,58.906],[-159.92,58.82],[-159.67,58.911],[-159.358,58.721],[-159.083,58.47],[-158.951,58.405],[-158.772,58.52],[-158.861,58.719],[-158.761,58.95],[-158.678,58.929],[-158.514,59.073],[-158.426,58.999],[-158.503,58.85],[-158.303,58.642],[-158.022,58.64],[-157.666,58.748],[-157.142,58.878],[-157.04,58.773],[-157.461,58.503],[-157.524,58.421],[-157.443,58.172],[-157.611,58.051],[-157.621,57.895],[-157.737,57.548],[-157.894,57.511],[-158.046,57.409],[-158.321,57.298],[-158.661,57.039],[-158.675,56.795],[-158.99,56.86],[-159.283,56.689],[-159.785,56.562],[-160.302,56.314],[-160.539,56.006],[-160.53,55.863],[-160.706,55.87],[-160.851,55.772],[-161.216,56.021],[-161.697,55.907],[-162.157,55.719],[-162.659,55.351],[-162.907,55.196],[-163.115,55.194],[-163.279,55.122],[-163.289,54.838],[-163.131,54.917],[-163.12,55.065],[-162.865,54.955],[-162.674,54.997],[-162.614,55.071],[-162.644,55.218],[-162.542,55.243],[-162.333,55.05],[-162.074,55.139],[-161.742,55.391],[-161.684,55.53],[-161.459,55.629],[-161.481,55.398],[-161.382,55.371],[-161.1,55.406],[-160.897,55.514],[-160.771,55.484],[-160.625,55.552],[-160.499,55.537],[-159.962,55.795],[-159.743,55.844],[-159.568,55.695],[-159.523,55.81],[-158.79,55.987],[-158.591,56.185],[-158.523,56.072],[-158.276,56.196],[-158.386,56.302],[-158.414,56.436],[-158.071,56.51],[-158.028,56.592],[-157.869,56.645],[-157.578,56.634],[-157.39,56.81],[-157.139,56.827],[-156.78,57.006],[-156.629,57.01],[-156.475,57.105],[-156.398,57.241],[-156.478,57.328],[-156.242,57.449],[-156.055,57.448],[-156,57.545],[-155.778,57.568],[-155.53,57.759],[-155.313,57.807],[-155.099,57.913],[-155.007,58.016],[-154.585,58.056],[-154.571,58.118],[-154.247,58.159],[-154.208,58.289],[-154.086,58.366],[-154.02,58.493],[-153.862,58.588],[-153.617,58.655],[-153.334,58.858],[-153.418,58.96],[-153.656,59.039],[-154.13,59.12],[-154.067,59.336],[-153.414,59.74],[-153.364,59.66],[-153.048,59.73],[-153.106,59.875],[-152.759,59.921],[-152.629,60.041],[-152.654,60.238],[-152.369,60.336],[-152.26,60.409],[-152.271,60.528],[-151.996,60.682],[-151.75,60.755],[-151.734,60.911],[-151.594,60.98],[-151.15,61.086],[-150.946,61.198],[-150.612,61.301],[-150.472,61.26],[-149.945,61.294],[-149.968,61.122],[-149.592,60.994],[-149.142,60.936],[-149.173,60.88],[-149.632,60.952],[-150.113,60.933],[-150.441,61.024],[-150.954,60.841],[-151.322,60.743],[-151.313,60.466],[-151.451,60.203],[-151.735,59.988],[-151.853,59.782],[-151.764,59.7],[-151.189,59.638],[-151.4,59.516],[-151.85,59.406],[-151.964,59.285],[-151.738,59.189],[-151.366,59.246],[-150.961,59.244],[-150.677,59.427],[-150.582,59.565],[-150.198,59.567],[-149.801,59.738],[-149.714,59.92],[-149.63,59.785],[-149.432,60.001],[-149.122,60.033],[-148.843,59.951],[-148.431,59.989],[-148.333,60.122],[-148.198,60.168],[-148.182,60.393],[-147.964,60.485],[-148.051,60.567],[-148.296,60.532],[-148.268,60.7],[-148.344,60.854],[-148.209,61.03],[-148.049,61.083],[-147.891,60.89],[-147.656,60.91],[-147.567,60.995],[-147.321,60.925],[-147.106,61.003],[-146.98,60.978],[-146.583,61.128],[-146.638,60.897],[-146.532,60.839],[-146.503,60.701],[-146.251,60.749],[-146.149,60.661],[-145.675,60.651],[-145.718,60.468],[-145.248,60.38],[-144.984,60.537],[-144.824,60.534],[-144.901,60.335],[-144.643,60.225],[-144.185,60.151],[-144.147,60.016],[-143.805,60.013],[-143.506,60.055],[-142.946,60.097],[-142.549,60.086],[-141.67,59.97],[-141.33,60.083],[-141.332,59.874],[-140.843,59.749],[-140.42,59.711],[-140.217,59.727],[-139.85,59.831],[-139.519,60.017],[-139.582,59.848],[-139.506,59.726],[-139.612,59.61],[-139.773,59.527],[-139.341,59.376],[-138.704,59.188],[-138.515,59.166],[-138.027,58.941],[-137.75,58.707],[-137.544,58.581],[-137.072,58.395],[-136.583,58.245],[-136.462,58.328],[-136.13,58.35],[-136.103,58.506],[-136.568,58.786],[-136.879,58.882],[-136.831,58.984],[-136.566,58.941],[-136.451,58.846],[-136.226,58.765],[-136.046,58.789],[-135.862,58.577],[-135.873,58.394],[-135.572,58.412],[-135.303,58.256],[-135.142,58.233],[-135.05,58.307],[-135.334,58.91],[-135.386,59.088],[-135.217,59.077],[-135.132,58.843],[-134.965,58.742],[-134.943,58.646],[-134.776,58.454],[-134.664,58.385],[-134.485,58.367],[-134.209,58.233],[-134.063,58.211],[-134.031,58.072],[-133.744,57.855],[-133.497,57.925],[-133.554,57.695],[-133.539,57.554],[-133.437,57.337],[-133.466,57.172],[-132.913,57.047],[-132.802,56.895],[-132.64,56.796],[-132.487,56.766],[-132.476,56.65],[-132.358,56.626],[-132.182,56.421],[-132.022,56.38],[-131.844,56.16],[-132.006,55.93],[-132.223,55.721],[-132.119,55.57],[-131.983,55.535],[-131.869,55.647],[-131.784,55.877],[-131.288,56.012],[-131.128,55.96],[-130.919,55.736],[-130.856,55.355],[-131.048,55.158],[-130.85,54.808],[-130.575,54.77],[-130.214,55.026],[-130.037,55.298],[-130.12,55.524],[-130.137,55.719],[-130.025,55.888]]],[[[-163.476,54.981],[-163.607,55.051],[-163.868,55.039],[-164.274,54.9],[-164.53,54.881],[-164.706,54.692],[-164.888,54.608],[-164.823,54.419],[-164.463,54.427],[-164.235,54.571],[-164.073,54.621],[-163.583,54.626],[-163.358,54.736],[-163.476,54.981]]],[[[-133.305,55.544],[-133.634,55.539],[-133.65,55.269],[-133.463,55.377],[-133.305,55.544]]],[[[-131.34,55.08],[-131.405,55.213],[-131.565,55.264],[-131.595,55.091],[-131.431,54.996],[-131.406,54.894],[-131.232,54.904],[-131.34,55.08]]],[[[-132.112,56.109],[-132.067,56.244],[-132.317,56.488],[-132.38,56.499],[-132.599,56.242],[-132.66,56.078],[-132.451,56.056],[-132.287,55.929],[-132.133,55.943],[-132.112,56.109]]],[[[-130.979,55.489],[-130.966,55.67],[-131.121,55.857],[-131.269,55.955],[-131.625,55.832],[-131.648,55.586],[-131.846,55.416],[-131.762,55.166],[-131.641,55.299],[-131.522,55.341],[-131.188,55.206],[-131.083,55.267],[-130.979,55.489]]],[[[-133.366,57.004],[-133.866,57.069],[-133.823,56.924],[-133.681,56.798],[-133.649,56.517],[-133.603,56.464],[-133.213,56.465],[-132.954,56.713],[-132.954,56.88],[-133.071,56.974],[-133.366,57.004]]],[[[-132.862,54.894],[-133.097,55.214],[-133.251,55.175],[-133.123,54.97],[-132.807,54.709],[-132.706,54.684],[-132.617,54.892],[-132.862,54.894]]],[[[-146.394,60.45],[-146.56,60.481],[-146.703,60.409],[-146.618,60.274],[-146.202,60.368],[-146.394,60.45]]],[[[-147.736,59.813],[-147.499,59.89],[-147.318,60.075],[-146.987,60.254],[-147.12,60.363],[-147.466,60.097],[-147.814,59.902],[-147.736,59.813]]],[[[-147.658,60.45],[-147.795,60.46],[-147.871,60.23],[-147.788,60.178],[-147.66,60.352],[-147.658,60.45]]],[[[-160.685,55.315],[-160.847,55.311],[-160.825,55.174],[-160.609,55.159],[-160.685,55.315]]],[[[-159.873,55.129],[-159.92,55.268],[-160.039,55.193],[-160.038,55.044],[-159.873,55.129]]],[[[-165.842,54.071],[-165.893,54.207],[-166.088,54.169],[-166.036,54.047],[-165.842,54.071]]],[[[-160.919,58.577],[-160.715,58.795],[-160.986,58.736],[-161.07,58.569],[-160.919,58.577]]],[[[173.723,52.36],[173.658,52.504],[173.402,52.405],[173.723,52.36]]],[[[-134.97,57.351],[-135.346,57.533],[-135.487,57.517],[-135.581,57.39],[-135.787,57.317],[-135.768,57.1],[-135.609,57.071],[-135.502,57.244],[-135.375,57.188],[-135.315,56.932],[-135.331,56.822],[-135.163,56.824],[-135.159,56.725],[-135.018,56.66],[-134.981,56.519],[-134.75,56.241],[-134.63,56.302],[-134.657,56.523],[-134.621,56.718],[-134.823,57.157],[-134.97,57.351]]],[[[-134.68,58.162],[-134.837,58.32],[-134.908,58.263],[-134.754,57.995],[-134.66,57.638],[-134.487,57.482],[-134.592,57.092],[-134.435,57.057],[-134.26,57.147],[-134.1,57.3],[-133.925,57.337],[-133.961,57.614],[-134.267,57.885],[-134.24,58.144],[-134.68,58.162]]],[[[-135.73,58.244],[-136.094,58.198],[-136.144,58.098],[-136.322,58.219],[-136.512,58.096],[-136.569,57.972],[-136.46,57.873],[-136.077,57.675],[-135.911,57.447],[-135.692,57.42],[-135.618,57.48],[-135.609,57.651],[-135.498,57.662],[-135.085,57.511],[-134.931,57.481],[-134.873,57.589],[-134.979,57.724],[-135.25,57.733],[-135.231,57.816],[-134.971,57.817],[-134.928,57.953],[-135.002,58.051],[-135.347,58.124],[-135.613,57.992],[-135.587,58.147],[-135.73,58.244]]],[[[-133.566,56.339],[-133.531,56.146],[-133.755,55.999],[-133.684,55.943],[-133.371,56.036],[-133.242,55.921],[-133.447,55.797],[-133.298,55.607],[-133.09,55.613],[-133.103,55.36],[-132.782,55.048],[-132.665,55.147],[-132.549,54.953],[-132.341,54.907],[-132.134,54.713],[-131.981,54.805],[-131.976,55.209],[-132.166,55.218],[-132.215,55.384],[-132.418,55.483],[-132.592,55.464],[-132.43,55.687],[-132.598,55.895],[-132.758,55.995],[-133.097,56.09],[-133.104,56.235],[-133.203,56.32],[-133.566,56.339]]],[[[-133.99,56.845],[-134.143,56.932],[-134.374,56.839],[-134.384,56.724],[-134.195,56.414],[-134.245,56.203],[-134.19,56.077],[-133.994,56.101],[-133.885,56.292],[-133.855,56.582],[-133.738,56.65],[-133.831,56.781],[-133.99,56.845]]],[[[-152.417,58.36],[-152.675,58.451],[-152.841,58.416],[-152.772,58.279],[-152.976,58.297],[-153.381,58.087],[-152.983,57.997],[-152.782,58.016],[-152.598,58.163],[-152.538,58.101],[-152.309,58.134],[-152.268,58.252],[-152.109,58.161],[-151.983,58.244],[-152.125,58.374],[-152.316,58.413],[-152.417,58.36]]],[[[-167.964,53.345],[-167.805,53.485],[-167.986,53.558],[-168.193,53.533],[-168.357,53.458],[-168.437,53.257],[-168.639,53.256],[-168.76,53.175],[-168.796,53.045],[-169.066,52.834],[-168.506,53.043],[-168.271,53.238],[-167.964,53.345]]],[[[-166.615,53.901],[-166.627,53.996],[-166.978,53.963],[-167.118,53.873],[-167.027,53.769],[-167.136,53.526],[-167.53,53.394],[-167.71,53.371],[-167.669,53.26],[-167.522,53.276],[-167.154,53.408],[-166.77,53.476],[-166.444,53.652],[-166.489,53.785],[-166.231,53.933],[-166.372,53.999],[-166.497,53.884],[-166.615,53.901]]],[[[-174.677,52.035],[-174.344,52.078],[-174.121,52.135],[-174.018,52.332],[-174.169,52.42],[-174.406,52.296],[-174.306,52.216],[-175.118,52.047],[-174.677,52.035]]],[[[-176.593,51.867],[-176.874,51.79],[-176.771,51.63],[-176.437,51.754],[-176.593,51.867]]],[[[-177.879,51.65],[-177.771,51.778],[-177.954,51.918],[-178.117,51.916],[-177.879,51.65]]],[[[172.812,53.013],[172.678,53.008],[172.776,52.797],[172.935,52.752],[173.08,52.814],[173.348,52.825],[173.252,52.943],[173.102,52.996],[172.812,53.013]]],[[[-155.581,19.012],[-155.535,19.109],[-155.31,19.26],[-155.053,19.319],[-154.804,19.524],[-155.066,19.748],[-155.086,19.876],[-155.199,19.994],[-155.622,20.163],[-155.832,20.276],[-155.893,20.167],[-155.82,20.014],[-156.049,19.75],[-155.891,19.383],[-155.881,19.071],[-155.681,18.968],[-155.581,19.012]]],[[[-157.214,21.215],[-157.29,21.113],[-156.86,21.056],[-156.742,21.164],[-157.214,21.215]]],[[[-156.487,20.933],[-156.585,21.034],[-156.69,20.901],[-156.48,20.801],[-156.438,20.618],[-156.31,20.599],[-156.107,20.645],[-156.019,20.792],[-156.278,20.951],[-156.487,20.933]]],[[[-157.799,21.457],[-157.962,21.701],[-158.123,21.6],[-158.273,21.585],[-158.11,21.319],[-157.902,21.341],[-157.799,21.269],[-157.635,21.308],[-157.799,21.457]]],[[[-159.373,21.932],[-159.301,22.105],[-159.352,22.22],[-159.579,22.223],[-159.789,22.042],[-159.609,21.91],[-159.461,21.876],[-159.373,21.932]]],[[[-74.709,45.004],[-74.857,45.004],[-75.179,44.899],[-75.401,44.772],[-75.876,44.417],[-76.151,44.304],[-76.465,44.058],[-76.82,43.629],[-78.458,43.631],[-78.72,43.625],[-79.172,43.467],[-79.059,43.278],[-79.066,43.106],[-78.946,42.961],[-78.939,42.864],[-79.174,42.749],[-80.248,42.366],[-81.278,42.209],[-82.439,41.675],[-82.69,41.675],[-83.03,41.833],[-83.142,41.976],[-83.15,42.142],[-83.073,42.3],[-82.868,42.385],[-82.545,42.625],[-82.488,42.74],[-82.408,43.073],[-82.138,43.571],[-82.551,45.347],[-83.593,45.817],[-83.469,45.995],[-83.616,46.117],[-83.978,46.085],[-84.088,46.227],[-84.192,46.55],[-84.562,46.457],[-84.779,46.637],[-84.876,46.9],[-86.429,47.54],[-88.161,48.225],[-88.378,48.303],[-88.612,48.264],[-89.186,48.047],[-89.456,47.996],[-89.994,48.015],[-90.092,48.118],[-90.744,48.105],[-90.84,48.201],[-91.043,48.194],[-91.221,48.105],[-91.518,48.058],[-91.858,48.198],[-92.005,48.302],[-92.172,48.338],[-92.415,48.277],[-92.501,48.435],[-92.996,48.612],[-93.378,48.617],[-93.464,48.561],[-93.708,48.525],[-94.055,48.659],[-94.621,48.743],[-94.803,49.003],[-94.854,49.305],[-95.155,49.37],[-95.162,48.992],[-95.398,48.993],[-122.789,48.993],[-122.653,48.764],[-122.545,48.762],[-122.515,48.555],[-122.583,48.429],[-122.409,48.294],[-122.494,48.13],[-122.353,48.114],[-122.242,48.011],[-122.393,47.821],[-122.354,47.372],[-122.542,47.276],[-122.702,47.111],[-122.988,47.173],[-122.813,47.329],[-122.578,47.293],[-122.554,47.405],[-122.657,47.881],[-122.779,48.138],[-123.024,48.082],[-123.124,48.151],[-123.294,48.12],[-123.976,48.168],[-124.633,48.375],[-124.702,48.152],[-124.621,47.904],[-124.46,47.784],[-124.376,47.659],[-124.309,47.405],[-124.199,47.209],[-124.072,46.745],[-123.889,46.66],[-123.946,46.433],[-124.05,46.491],[-124.073,46.279],[-123.688,46.3],[-123.674,46.183],[-123.947,46.141],[-123.961,45.843],[-123.929,45.577],[-124.059,44.778],[-124.047,44.425],[-124.099,44.334],[-124.149,43.692],[-124.347,43.342],[-124.54,42.813],[-124.406,42.584],[-124.421,42.381],[-124.355,42.123],[-124.212,41.985],[-124.245,41.788],[-124.118,41.622],[-124.069,41.384],[-124.14,41.156],[-124.133,40.97],[-124.284,40.711],[-124.372,40.491],[-124.324,40.252],[-124.108,40.095],[-123.884,39.861],[-123.783,39.619],[-123.82,39.368],[-123.72,39.111],[-123.701,38.907],[-123.29,38.536],[-123.121,38.449],[-122.987,38.277],[-122.968,38.097],[-122.76,37.946],[-122.467,37.838],[-122.484,38.109],[-122.393,38.145],[-122.154,38.066],[-122.385,37.961],[-122.124,37.544],[-122.166,37.502],[-122.37,37.656],[-122.384,37.789],[-122.514,37.772],[-122.499,37.543],[-122.408,37.373],[-122.395,37.208],[-122.164,36.991],[-121.881,36.939],[-121.79,36.732],[-121.919,36.572],[-121.877,36.331],[-121.664,36.154],[-121.344,35.792],[-121.284,35.676],[-121.138,35.607],[-120.86,35.365],[-120.857,35.21],[-120.634,35.076],[-120.645,34.58],[-120.481,34.472],[-120.053,34.469],[-119.853,34.412],[-119.606,34.418],[-119.268,34.257],[-119.144,34.112],[-118.832,34.024],[-118.506,34.017],[-118.393,33.858],[-118.41,33.744],[-118.081,33.722],[-117.789,33.538],[-117.467,33.296],[-117.319,33.1],[-117.263,32.939],[-117.243,32.664],[-117.128,32.533],[-114.725,32.715],[-114.836,32.508],[-111.042,31.324],[-108.214,31.329],[-108.212,31.779],[-106.453,31.77],[-106.256,31.545],[-105.813,31.241],[-105.514,30.981],[-104.918,30.583],[-104.681,30.134],[-104.681,29.991],[-104.504,29.678],[-104.401,29.574],[-103.99,29.323],[-103.664,29.207],[-103.258,29.001],[-103.09,29.042],[-102.892,29.216],[-102.834,29.444],[-102.734,29.644],[-102.615,29.752],[-102.476,29.769],[-102.343,29.865],[-101.991,29.796],[-101.44,29.777],[-101.304,29.634],[-101.039,29.46],[-101.016,29.401],[-100.659,29.069],[-100.55,28.821],[-100.332,28.503],[-100.296,28.328],[-100.001,28.048],[-99.754,27.73],[-99.505,27.548],[-99.51,27.34],[-99.44,27.17],[-99.444,27.037],[-99.23,26.762],[-99.108,26.447],[-98.765,26.34],[-98.598,26.238],[-98.378,26.182],[-98.083,26.064],[-97.801,26.042],[-97.587,25.984],[-97.358,25.871],[-97.146,25.961],[-97.402,26.397],[-97.555,26.967],[-97.476,27.118],[-97.524,27.314],[-97.38,27.419],[-97.289,27.671],[-97.431,27.837],[-97.171,27.88],[-97.073,27.986],[-97.156,28.144],[-96.892,28.158],[-96.676,28.341],[-96.562,28.367],[-96.449,28.594],[-96.275,28.655],[-96.02,28.587],[-95.853,28.64],[-95.273,28.964],[-95.139,29.168],[-94.888,29.371],[-94.993,29.531],[-95.023,29.702],[-94.89,29.677],[-94.742,29.75],[-94.75,29.418],[-94.1,29.67],[-93.89,29.689],[-93.695,29.77],[-93.176,29.779],[-92.671,29.597],[-92.261,29.557],[-92.084,29.593],[-92.135,29.699],[-91.893,29.836],[-91.824,29.751],[-91.672,29.746],[-91.514,29.555],[-91.331,29.514],[-91.155,29.351],[-91.29,29.289],[-90.751,29.131],[-90.586,29.272],[-90.379,29.295],[-90.213,29.105],[-90.101,29.182],[-90.052,29.431],[-89.877,29.458],[-89.792,29.333],[-89.62,29.302],[-89.443,29.194],[-89.331,28.999],[-89.156,29.017],[-89.016,29.203],[-89.246,29.333],[-89.514,29.42],[-89.721,29.619],[-89.531,29.772],[-89.354,29.82],[-89.358,29.921],[-89.494,30.058],[-89.59,29.915],[-89.744,29.93],[-89.815,30.007],[-89.994,30.059],[-90.175,30.029],[-90.413,30.14],[-90.225,30.379],[-90.045,30.351],[-89.954,30.269],[-89.588,30.166],[-89.444,30.223],[-89.321,30.345],[-89.224,30.332],[-88.905,30.415],[-88.692,30.355],[-88.135,30.367],[-88.032,30.681],[-87.949,30.627],[-87.924,30.45],[-87.79,30.292],[-87.622,30.265],[-87.281,30.339],[-87.171,30.539],[-86.986,30.431],[-86.68,30.403],[-86.448,30.496],[-86.257,30.493],[-86.175,30.333],[-85.756,30.167],[-85.354,29.876],[-85.319,29.68],[-84.801,29.773],[-84.55,29.898],[-84.383,29.907],[-84.31,30.065],[-84.044,30.104],[-83.694,29.926],[-83.29,29.452],[-82.769,29.052],[-82.651,28.888],[-82.661,28.486],[-82.749,28.237],[-82.844,27.846],[-82.743,27.709],[-82.521,27.878],[-82.401,27.835],[-82.636,27.525],[-82.62,27.401],[-82.441,27.06],[-82.29,26.871],[-82.181,26.84],[-82.078,26.704],[-82.04,26.552],[-81.867,26.435],[-81.811,26.146],[-81.715,25.983],[-81.568,25.892],[-81.365,25.831],[-81.098,25.319],[-81.11,25.138],[-80.862,25.176],[-80.737,25.156],[-80.485,25.23],[-80.367,25.331],[-80.301,25.619],[-80.126,25.833],[-80.111,26.132],[-80.041,26.569],[-80.05,26.808],[-80.126,27.083],[-80.226,27.207],[-80.65,28.181],[-80.524,28.486],[-80.9,29.05],[-81.105,29.457],[-81.25,29.794],[-81.386,30.27],[-81.52,30.875],[-81.453,31.088],[-81.288,31.264],[-81.295,31.371],[-81.175,31.531],[-81.198,31.704],[-81.098,31.753],[-81.113,31.879],[-80.923,31.945],[-80.849,32.114],[-80.758,32.142],[-80.474,32.423],[-80.23,32.577],[-80.022,32.62],[-79.615,32.909],[-79.587,33.001],[-79.276,33.135],[-79.138,33.406],[-78.92,33.659],[-78.578,33.873],[-78.406,33.918],[-78.013,33.912],[-77.926,34.073],[-77.751,34.285],[-77.134,34.708],[-76.733,34.707],[-76.517,34.777],[-76.362,34.937],[-76.457,34.989],[-76.745,34.941],[-76.513,35.27],[-76.741,35.431],[-76.532,35.508],[-76.49,35.397],[-76.174,35.354],[-75.774,35.647],[-75.772,35.9],[-75.854,35.96],[-75.979,35.896],[-76.001,35.722],[-76.084,35.691],[-76.07,35.97],[-76.726,35.958],[-76.679,36.075],[-76.479,36.028],[-76.384,36.134],[-76.15,36.146],[-76.148,36.279],[-75.883,36.176],[-75.867,36.268],[-75.993,36.474],[-75.89,36.657],[-75.999,36.913],[-76.283,37.053],[-76.401,37.213],[-76.401,37.386],[-76.269,37.495],[-76.344,37.676],[-76.264,37.894],[-76.55,38.094],[-76.906,38.197],[-76.89,38.292],[-76.333,38.141],[-76.501,38.532],[-76.52,38.898],[-76.42,39.074],[-76.406,39.304],[-76.276,39.323],[-76.168,38.853],[-76.175,38.707],[-76.295,38.495],[-76.212,38.361],[-76.051,38.28],[-75.795,38.087],[-75.851,37.972],[-75.659,37.954],[-75.719,37.821],[-75.888,37.619],[-75.997,37.264],[-75.934,37.152],[-75.812,37.425],[-75.587,37.559],[-75.596,37.631],[-75.354,38.065],[-75.036,38.503],[-75.128,38.632],[-75.089,38.778],[-75.185,38.819],[-75.392,39.093],[-75.413,39.281],[-75.353,39.34],[-75.136,39.208],[-74.897,39.145],[-74.954,38.95],[-74.794,39.002],[-74.603,39.293],[-74.429,39.387],[-74.39,39.487],[-74.176,39.727],[-74.118,39.938],[-74.028,40.073],[-73.958,40.328],[-74.05,40.43],[-74.242,40.456],[-74.227,40.608],[-73.949,40.839],[-73.851,40.831],[-73.583,41.022],[-73.182,41.176],[-72.847,41.266],[-72.265,41.292],[-71.93,41.341],[-71.769,41.331],[-71.523,41.379],[-71.444,41.454],[-71.427,41.633],[-71.331,41.762],[-71.204,41.641],[-71.169,41.489],[-70.974,41.549],[-70.701,41.715],[-70.657,41.534],[-70.405,41.627],[-69.949,41.677],[-70.001,41.826],[-70.295,41.729],[-70.515,41.803],[-70.549,41.939],[-70.738,42.229],[-71.046,42.331],[-70.831,42.553],[-70.661,42.617],[-70.829,42.825],[-70.733,43.07],[-70.642,43.134],[-70.521,43.349],[-70.203,43.626],[-70.269,43.672],[-70.062,43.835],[-69.974,43.788],[-69.803,43.867],[-69.521,43.897],[-69.345,44.001],[-69.226,43.986],[-69.068,44.098],[-68.956,44.348],[-68.794,44.382],[-68.533,44.259],[-68.451,44.508],[-68.117,44.491],[-68.057,44.384],[-67.907,44.454],[-67.839,44.576],[-67.653,44.562],[-67.556,44.645],[-67.364,44.697],[-67.191,44.676],[-66.987,44.828],[-67.107,44.885],[-67.125,45.169],[-67.367,45.174],[-67.473,45.276],[-67.494,45.474],[-67.433,45.603],[-67.596,45.621],[-67.785,45.702],[-67.807,47.083],[-68.097,47.275],[-68.311,47.354],[-68.48,47.286],[-68.829,47.203],[-69.049,47.274],[-69.05,47.427],[-69.243,47.463],[-70.008,46.709],[-70.067,46.441],[-70.248,46.251],[-70.304,46.057],[-70.296,45.906],[-70.421,45.738],[-70.702,45.551],[-70.898,45.262],[-71,45.337],[-71.135,45.263],[-71.327,45.29],[-71.518,45.008],[-74.709,45.004]]],[[[-72.51,40.986],[-73.574,40.92],[-73.879,40.792],[-73.767,40.593],[-73.266,40.664],[-73.194,40.654],[-72.339,40.894],[-72.287,41.024],[-72.51,40.986]]],[[[-68.187,44.332],[-68.299,44.456],[-68.412,44.294],[-68.187,44.332]]],[[[-122.573,48.157],[-122.542,48.294],[-122.629,48.384],[-122.749,48.239],[-122.573,48.157]]]]},"properties":{"code":"USA","name":"United States"}},
{"type":"Feature","geometry":{"type":"Polygon","coordinates":[[[-37.103,-54.066],[-37.382,-53.984],[-37.946,-53.996],[-37.689,-54.077],[-37.631,-54.167],[-37.498,-54.156],[-37.007,-54.341],[-36.886,-54.339],[-36.735,-54.467],[-36.507,-54.511],[-36.252,-54.78],[-36.085,-54.867],[-35.939,-54.834],[-35.913,-54.711],[-35.965,-54.568],[-36.073,-54.554],[-36.173,-54.382],[-36.326,-54.251],[-36.449,-54.308],[-36.704,-54.108],[-37.103,-54.066]]]},"properties":{"code":"SGS","name":"South Georgia and the South Sandwich Islands"}},
{"type":"Feature","geometry":{"type":"Polygon","coordinates":[[[72.492,-7.377],[72.494,-7.262],[72.446,-7.22],[72.474,-7.31],[72.467,-7.368],[72.492,-7.377]]]},"properties":{"code":"IOT","name":"British Indian Ocean Territory"}},
{"type":"Feature","geometry":{"type":"Polygon","coordinates":[[[-5.692,-15.998],[-5.708,-15.906],[-5.775,-15.957],[-5.692,-15.998]]]},"properties":{"code":"SHN","name":"Saint Helena"}},
{"type":"Feature","geometry":{"type":"Polygon","coordinates":[[[-128.29,-24.397],[-128.304,-24.334],[-128.35,-24.34],[-128.321,-24.4],[-128.29,-24.397]]]},"properties":{"code":"PCN","name":"Pitcairn Islands"}},
{"type":"Feature","geometry":{"type":"Polygon","coordinates":[[[-63.001,18.222],[-63.026,18.27],[-63.153,18.2],[-63.16,18.171],[-63.001,18.222]]]},"properties":{"code":"AIA","name":"Anguilla"}},
{"type":"Feature","geometry":{"type":"MultiPolygon","coordinates":[[[[-58.85,-51.27],[-58.887,-51.358],[-59.097,-51.491],[-59.06,-51.685],[-59.262,-51.737],[-59.571,-51.925],[-59.649,-52.134],[-59.396,-52.308],[-59.342,-52.196],[-59.068,-52.173],[-59.131,-52.008],[-58.653,-52.099],[-58.683,-51.936],[-58.336,-51.864],[-58.151,-51.765],[-57.838,-51.709],[-57.808,-51.518],[-57.977,-51.384],[-58.206,-51.405],[-58.272,-51.575],[-58.474,-51.509],[-58.426,-51.324],[-58.698,-51.329],[-58.85,-51.27]]],[[[-60.286,-51.462],[-60.516,-51.354],[-60.506,-51.485],[-60.303,-51.58],[-60.238,-51.772],[-60.591,-51.952],[-60.762,-51.946],[-60.961,-52.057],[-60.686,-52.188],[-60.508,-52.195],[-60.353,-52.14],[-60.246,-51.986],[-59.921,-51.97],[-59.268,-51.428],[-59.388,-51.36],[-59.788,-51.446],[-59.917,-51.388],[-60.142,-51.481],[-60.286,-51.462]]]]},"properties":{"code":"FLK","name":"Falkland Islands"}},
{"type":"Feature","geometry":{"type":"Polygon","coordinates":[[[-81.37,19.349],[-81.304,19.272],[-81.13,19.347],[-81.285,19.363],[-81.37,19.349]]]},"properties":{"code":"CYM","name":"Cayman Islands"}},
{"type":"Feature","geometry":{"type":"Polygon","coordinates":[[[-64.73,32.293],[-64.695,32.387],[-64.82,32.26],[-64.73,32.293]]]},"properties":{"code":"BMU","name":"Bermuda"}},
{"type":"Feature","geometry":{"type":"Polygon","coordinates":[[[-64.395,18.465],[-64.325,18.517],[-64.426,18.513],[-64.395,18.465]]]},"properties":{"code":"VGB","name":"British Virgin Islands"}},
{"type":"Feature","geometry":{"type":"Polygon","coordinates":[[[-71.661,21.765],[-71.668,21.833],[-71.806,21.852],[-71.83,21.791],[-71.661,21.765]]]},"properties":{"code":"TCA","name":"Turks and Caicos Islands"}},
{"type":"Feature","geometry":{"type":"Polygon","coordinates":[[[-62.148,16.74],[-62.223,16.752],[-62.222,16.7],[-62.154,16.681],[-62.148,16.74]]]},"properties":{"code":"MSR","name":"Montserrat"}},
{"type":"Feature","geometry":{"type":"Polygon","coordinates":[[[-2.019,49.231],[-2.221,49.266],[-2.236,49.176],[-2.019,49.231]]]},"properties":{"code":"JEY","name":"Jersey"}},
{"type":"Feature","geometry":{"type":"Polygon","coordinates":[[[-2.512,49.495],[-2.542,49.507],[-2.646,49.468],[-2.547,49.429],[-2.512,49.495]]]},"properties":{"code":"GGY","name":"Guernsey"}},
{"type":"Feature","geometry":{"type":"Polygon","coordinates":[[[-4.412,54.185],[-4.338,54.269],[-4.377,54.393],[-4.509,54.377],[-4.699,54.225],[-4.766,54.069],[-4.614,54.059],[-4.412,54.185]]]},"properties":{"code":"IMN","name":"Isle of Man"}},
{"type":"Feature","geometry":{"type":"MultiPolygon","coordinates":[[[[-2.668,51.623],[-3.042,51.249],[-3.136,51.205],[-3.375,51.197],[-3.842,51.231],[-4.188,51.189],[-4.296,51.027],[-4.523,50.977],[-4.583,50.776],[-5.342,50.246],[-5.571,50.197],[-5.225,50.021],[-4.728,50.29],[-4.173,50.391],[-3.793,50.229],[-3.584,50.322],[-3.485,50.548],[-3.405,50.632],[-2.999,50.717],[-2.777,50.706],[-2.548,50.616],[-2.35,50.637],[-2.036,50.603],[-2.031,50.725],[-1.517,50.747],[-1.285,50.857],[-0.785,50.765],[-0.451,50.81],[-0.204,50.814],[0.205,50.763],[0.684,50.886],[0.96,50.926],[1.044,51.047],[1.366,51.155],[1.415,51.363],[0.889,51.36],[0.687,51.387],[0.593,51.519],[0.891,51.571],[0.955,51.808],[1.101,51.785],[1.274,51.845],[1.317,51.957],[1.559,52.087],[1.747,52.469],[1.716,52.677],[1.657,52.754],[1.382,52.894],[1.056,52.959],[0.559,52.967],[0.382,52.825],[0.28,52.809],[0.046,52.906],[0.298,53.081],[0.356,53.16],[0.271,53.335],[-0.074,53.644],[0.011,53.743],[-0.206,54.022],[-0.084,54.118],[-0.37,54.279],[-0.671,54.504],[-1.154,54.654],[-1.292,54.774],[-1.423,55.026],[-1.61,55.498],[-2.147,55.903],[-2.599,56.027],[-2.837,56.026],[-3.049,55.952],[-3.178,56.08],[-2.98,56.194],[-2.768,56.202],[-2.653,56.318],[-3.047,56.449],[-2.775,56.483],[-2.593,56.562],[-2.26,56.863],[-2.09,57.103],[-2.02,57.259],[-1.778,57.494],[-1.867,57.612],[-2.074,57.702],[-2.244,57.681],[-2.856,57.692],[-3.084,57.673],[-3.403,57.708],[-3.868,57.6],[-4.078,57.677],[-3.888,57.787],[-4.036,57.852],[-3.99,57.959],[-3.212,58.321],[-3.101,58.434],[-3.053,58.635],[-3.259,58.65],[-3.454,58.617],[-4.189,58.557],[-4.433,58.513],[-4.492,58.568],[-4.715,58.51],[-4.925,58.588],[-5.067,58.52],[-5.09,58.385],[-5.008,58.263],[-5.338,58.239],[-5.394,58.044],[-5.177,57.906],[-5.608,57.881],[-5.745,57.668],[-5.679,57.572],[-5.818,57.436],[-5.562,57.233],[-5.591,57.102],[-5.736,56.961],[-5.731,56.853],[-6.035,56.764],[-5.865,56.562],[-5.652,56.532],[-5.218,56.751],[-5.392,56.515],[-5.61,56.055],[-5.623,55.813],[-5.768,55.363],[-5.556,55.39],[-5.386,55.77],[-5.41,55.995],[-5.282,56.09],[-5.246,55.929],[-4.844,56.051],[-4.892,55.699],[-4.724,55.598],[-4.721,55.421],[-4.965,55.149],[-5.135,54.858],[-4.911,54.689],[-4.818,54.846],[-4.517,54.758],[-4.304,54.836],[-4.133,54.779],[-3.958,54.781],[-3.783,54.87],[-3.434,54.964],[-3.268,54.907],[-3.465,54.773],[-3.592,54.564],[-3.569,54.468],[-3.322,54.229],[-3.166,54.128],[-2.994,54.171],[-2.846,54.135],[-2.9,53.961],[-3.027,53.906],[-3.065,53.427],[-3.326,53.347],[-3.646,53.298],[-3.809,53.303],[-4.111,53.219],[-4.328,53.105],[-4.405,53.014],[-4.638,52.891],[-4.584,52.815],[-4.356,52.897],[-4.101,52.915],[-4.039,52.704],[-4.051,52.475],[-4.149,52.326],[-4.383,52.197],[-5.183,51.95],[-5.125,51.706],[-4.902,51.626],[-4.601,51.738],[-4.386,51.741],[-4.115,51.566],[-3.944,51.598],[-3.763,51.54],[-3.562,51.414],[-3.293,51.39],[-2.979,51.539],[-2.668,51.623]]],[[[-4.197,53.321],[-4.315,53.417],[-4.568,53.386],[-4.553,53.26],[-4.373,53.134],[-4.084,53.264],[-4.197,53.321]]],[[[-1.308,60.538],[-1.45,60.469],[-1.276,60.115],[-1.356,59.911],[-1.284,59.887],[-1.066,60.382],[-1.308,60.538]]],[[[-3.057,59.03],[-3.156,59.136],[-3.31,59.131],[-3.347,58.987],[-3.167,58.919],[-3.057,59.03]]],[[[-5.105,55.449],[-5.16,55.667],[-5.318,55.709],[-5.393,55.618],[-5.331,55.481],[-5.105,55.449]]],[[[-5.778,56.344],[-5.761,56.491],[-5.947,56.535],[-6.103,56.646],[-6.176,56.289],[-5.778,56.344]]],[[[-6.129,55.931],[-6.311,55.856],[-6.334,55.774],[-6.253,55.607],[-6.055,55.695],[-6.129,55.931]]],[[[-5.97,55.815],[-5.797,56.006],[-5.939,56.045],[-6.072,55.893],[-5.97,55.815]]],[[[-6.199,58.363],[-6.237,58.503],[-6.742,58.322],[-6.725,58.198],[-7.085,58.182],[-7.057,58.003],[-6.864,57.933],[-7.083,57.814],[-6.957,57.75],[-6.683,57.911],[-6.425,58.021],[-6.199,58.363]]],[[[-6.145,57.505],[-6.247,57.651],[-6.617,57.563],[-6.741,57.412],[-6.442,57.327],[-6.323,57.202],[-6.034,57.201],[-5.949,57.045],[-5.669,57.227],[-6.136,57.314],[-6.145,57.505]]],[[[-7.206,57.683],[-7.44,57.656],[-7.321,57.534],[-7.183,57.533],[-7.206,57.683]]],[[[-7.25,57.115],[-7.267,57.372],[-7.411,57.381],[-7.381,57.131],[-7.25,57.115]]],[[[-6.218,54.089],[-6.019,54.051],[-5.826,54.236],[-5.607,54.273],[-5.646,54.478],[-5.47,54.5],[-5.717,54.817],[-5.986,55.03],[-6.129,55.217],[-6.475,55.241],[-6.947,55.183],[-7.101,55.048],[-7.219,55.092],[-7.377,55.028],[-7.55,54.768],[-7.886,54.666],[-7.794,54.571],[-8.044,54.512],[-8.118,54.414],[-7.884,54.284],[-7.855,54.215],[-7.607,54.144],[-7.355,54.121],[-7.155,54.24],[-7.05,54.408],[-6.936,54.374],[-6.65,54.059],[-6.218,54.089]]],[[[-1.066,50.69],[-1.313,50.773],[-1.515,50.67],[-1.306,50.589],[-1.066,50.69]]]]},"properties":{"code":"GBR","name":"United Kingdom"}},
{"type":"Feature","geometry":{"type":"Polygon","coordinates":[[[56.298,25.651],[56.145,25.691],[56.167,26.047],[56.08,26.063],[55.941,25.794],[55.523,25.498],[55.304,25.237],[55.098,25.042],[54.747,24.81],[54.535,24.531],[54.397,24.278],[53.893,24.077],[53.33,24.098],[53.026,24.147],[52.648,24.155],[52.251,23.995],[51.906,23.985],[51.792,24.075],[51.768,24.254],[51.568,24.286],[51.593,24.079],[52.555,22.933],[55.104,22.621],[55.186,22.704],[55.2,23.035],[55.508,23.725],[55.468,23.941],[55.548,23.991],[55.985,24.063],[55.929,24.215],[55.761,24.243],[55.806,24.35],[55.768,24.491],[55.804,24.636],[55.796,24.868],[55.916,24.972],[56.064,24.739],[56.388,24.979],[56.363,25.569],[56.298,25.651]]]},"properties":{"code":"ARE","name":"United Arab Emirates"}},
{"type":"Feature","geometry":{"type":"Polygon","coordinates":[[[38.214,47.091],[38.281,47.277],[38.287,47.559],[38.719,47.714],[38.9,47.855],[39.391,47.834],[39.736,47.845],[39.885,48.168],[39.883,48.419],[39.836,48.543],[39.645,48.591],[39.793,48.808],[39.687,49.008],[39.89,49.064],[40.07,49.2],[40.128,49.307],[40.031,49.597],[39.781,49.572],[39.463,49.728],[39.303,49.742],[39.175,49.856],[38.918,49.825],[38.648,49.953],[38.451,49.964],[38.259,50.052],[38.047,49.92],[37.704,50.109],[37.582,50.292],[37.423,50.411],[36.759,50.292],[36.619,50.209],[36.5,50.28],[36.306,50.28],[36.116,50.409],[35.89,50.437],[35.674,50.346],[35.591,50.369],[35.412,50.54],[35.44,50.728],[35.312,51.044],[35.158,51.061],[35.064,51.203],[34.712,51.172],[34.281,51.312],[34.121,51.679],[34.379,51.717],[34.398,51.78],[34.113,51.98],[33.922,52.251],[33.735,52.345],[33.148,52.34],[32.9,52.256],[32.508,52.309],[32.363,52.272],[32.283,52.114],[31.974,52.047],[31.763,52.101],[31.346,52.105],[31.218,52.05],[30.981,52.046],[30.667,51.814],[30.533,51.596],[30.633,51.355],[30.545,51.265],[30.333,51.326],[30.161,51.478],[29.553,51.435],[29.346,51.383],[29.136,51.617],[28.793,51.51],[28.731,51.433],[28.599,51.543],[28.184,51.608],[28.011,51.56],[27.859,51.592],[27.741,51.483],[27.601,51.602],[27.27,51.614],[27.142,51.752],[26.953,51.754],[26.453,51.813],[25.925,51.914],[25.267,51.938],[24.362,51.868],[24.127,51.665],[23.951,51.585],[23.707,51.641],[23.605,51.518],[23.664,51.31],[23.863,51.126],[23.986,50.94],[23.978,50.786],[24.095,50.617],[23.973,50.41],[23.712,50.377],[23.036,49.899],[22.649,49.539],[22.732,49.295],[22.706,49.171],[22.81,49.021],[22.539,49.073],[22.295,48.686],[22.143,48.569],[22.132,48.405],[22.254,48.407],[22.35,48.256],[22.582,48.134],[22.769,48.11],[22.877,47.947],[23.203,48.085],[23.408,47.99],[23.629,47.996],[24.178,47.906],[24.579,47.931],[24.893,47.718],[25.074,47.746],[25.17,47.823],[25.464,47.911],[26.163,47.993],[26.306,48.204],[26.619,48.26],[26.847,48.387],[27.229,48.371],[27.549,48.478],[27.82,48.416],[28.088,48.257],[28.291,48.239],[28.327,48.161],[28.774,48.12],[28.973,47.933],[29.093,47.975],[29.195,47.882],[29.211,47.732],[29.123,47.53],[29.16,47.456],[29.549,47.247],[29.515,47.091],[29.572,46.964],[29.878,46.829],[29.942,46.724],[29.924,46.539],[30.076,46.378],[29.838,46.351],[29.707,46.449],[29.615,46.399],[29.146,46.527],[28.958,46.458],[28.944,46.288],[29.006,46.176],[28.948,46.05],[28.739,45.937],[28.729,45.852],[28.492,45.666],[28.471,45.507],[28.213,45.45],[28.451,45.292],[28.761,45.234],[29.224,45.403],[29.404,45.42],[29.568,45.371],[29.706,45.26],[29.727,45.343],[29.602,45.683],[29.685,45.755],[29.821,45.732],[30.219,45.867],[30.512,46.105],[30.722,46.366],[30.796,46.552],[31.137,46.624],[31.532,46.665],[31.78,46.632],[31.974,46.709],[32.127,46.597],[32.354,46.565],[32.361,46.475],[32.008,46.43],[31.925,46.287],[32.477,46.084],[32.942,46.124],[33.202,46.176],[33.43,46.058],[33.594,46.096],[33.66,46.22],[33.807,46.208],[34.027,46.107],[34.354,46.062],[34.45,45.966],[34.687,45.977],[34.8,45.791],[35.002,45.733],[34.857,45.987],[34.85,46.19],[35.064,46.267],[35.23,46.441],[35.4,46.381],[35.827,46.624],[36.025,46.667],[36.279,46.659],[36.432,46.733],[36.689,46.764],[36.795,46.714],[36.932,46.825],[37.219,46.917],[37.34,46.917],[37.543,47.075],[37.829,47.096],[38.214,47.091]]]},"properties":{"code":"UKR","name":"Ukraine"}},
{"type":"Feature","geometry":{"type":"Polygon","coordinates":[[[33.903,-1.002],[33.943,0.174],[34.037,0.295],[34.161,0.605],[34.411,0.867],[34.482,1.042],[34.649,1.185],[34.788,1.231],[34.784,1.381],[34.965,1.643],[34.964,2.062],[34.883,2.418],[34.742,2.818],[34.589,2.925],[34.523,3.12],[34.448,3.163],[34.399,3.413],[34.442,3.606],[34.393,3.692],[34.165,3.813],[33.976,4.22],[33.489,3.755],[33.154,3.775],[32.997,3.88],[32.838,3.798],[32.336,3.706],[32.099,3.529],[31.942,3.608],[31.798,3.803],[31.629,3.701],[31.48,3.68],[31.152,3.786],[30.929,3.634],[30.839,3.491],[30.906,3.409],[30.828,3.283],[30.754,3.042],[30.847,2.847],[30.77,2.678],[30.729,2.455],[30.962,2.403],[31.176,2.27],[31.274,2.146],[31.253,2.045],[30.943,1.683],[30.478,1.239],[30.321,1.185],[30.183,0.973],[29.943,0.819],[29.934,0.499],[29.718,0.098],[29.633,-0.442],[29.648,-0.535],[29.562,-0.977],[29.577,-1.388],[29.825,-1.336],[29.882,-1.452],[30.102,-1.369],[30.36,-1.075],[30.51,-1.067],[30.845,-1.002],[33.903,-1.002]]]},"properties":{"code":"UGA","name":"Uganda"}},
{"type":"Feature","geometry":{"type":"Polygon","coordinates":[[[55.977,41.322],[55.545,41.263],[55.434,41.296],[55.25,41.458],[54.952,41.81],[54.904,41.919],[54.678,42.078],[54.121,42.335],[53.685,42.297],[53.25,42.206],[52.871,42.061],[52.494,41.78],[52.609,41.529],[52.747,41.365],[52.83,41.342],[52.883,41.653],[52.815,41.712],[52.97,41.976],[53.164,42.094],[53.285,42.082],[53.625,42.136],[53.846,42.091],[54.095,41.519],[54.285,41.364],[54.592,41.194],[54.704,41.071],[54.71,40.891],[54.547,40.832],[54.374,40.871],[54.377,40.693],[54.193,40.72],[53.87,40.649],[53.764,40.666],[53.615,40.819],[53.333,40.783],[53.145,40.825],[52.943,41.038],[52.85,40.686],[52.734,40.399],[52.744,40.22],[52.898,39.913],[52.988,39.988],[53.404,39.96],[53.487,39.909],[53.472,39.669],[53.39,39.536],[53.236,39.609],[53.125,39.432],[53.203,39.317],[53.336,39.341],[53.618,39.216],[53.869,38.949],[53.885,38.864],[53.84,38.515],[53.854,38.286],[53.824,37.928],[53.914,37.344],[54.192,37.332],[54.745,37.502],[54.849,37.723],[55.076,37.902],[55.381,38.051],[55.578,38.1],[56.229,38.073],[56.441,38.249],[56.775,38.25],[56.907,38.213],[57.194,38.216],[57.424,37.948],[57.711,37.905],[58.109,37.783],[58.262,37.666],[58.436,37.639],[58.815,37.683],[59.241,37.521],[59.367,37.334],[59.562,37.179],[59.949,37.042],[60.063,36.963],[60.341,36.638],[61.12,36.643],[61.212,36.099],[61.153,35.977],[61.252,35.868],[61.262,35.62],[61.345,35.629],[61.543,35.458],[61.72,35.419],[61.984,35.444],[62.253,35.25],[62.308,35.171],[62.463,35.251],[62.611,35.233],[63.057,35.446],[63.17,35.678],[63.109,35.819],[63.863,36.012],[64.01,36.012],[64.092,36.113],[64.358,36.226],[64.511,36.341],[64.816,37.132],[65.09,37.238],[65.555,37.251],[65.641,37.468],[65.765,37.569],[66.108,37.415],[66.522,37.348],[66.526,37.786],[66.629,37.932],[66.575,38.011],[66.39,38.051],[66.173,38.167],[65.857,38.269],[65.613,38.239],[65.077,38.539],[64.66,38.736],[64.31,38.977],[64.163,38.954],[63.721,39.188],[63.506,39.377],[62.651,39.858],[62.442,40.036],[62.375,40.332],[62.298,40.467],[62.095,40.683],[61.903,41.094],[61.645,41.24],[61.497,41.276],[61.329,41.195],[60.755,41.246],[60.455,41.222],[60.09,41.399],[60.138,41.594],[60.076,41.701],[60.107,41.907],[59.963,41.954],[60.006,42.191],[59.858,42.295],[59.451,42.3],[59.277,42.356],[59.123,42.524],[58.877,42.561],[58.589,42.778],[58.477,42.663],[58.26,42.688],[58.289,42.527],[58.477,42.34],[58.397,42.292],[58.234,42.448],[58.029,42.488],[57.814,42.19],[57.382,42.156],[57.229,42.084],[56.964,41.857],[57.018,41.451],[57.119,41.35],[57.018,41.263],[56.774,41.288],[55.977,41.322]]]},"properties":{"code":"TKM","name":"Turkmenistan"}},
{"type":"Feature","geometry":{"type":"MultiPolygon","coordinates":[[[[25.97,40.136],[25.918,40.238],[25.741,40.196],[25.74,40.105],[25.97,40.136]]],[[[41.51,41.517],[41.414,41.424],[40.959,41.212],[40.265,40.961],[40.128,40.943],[39.808,40.983],[39.426,41.106],[38.852,41.018],[38.557,40.937],[38.381,40.925],[37.91,41.002],[37.766,41.079],[37.431,41.114],[37.066,41.184],[36.992,41.275],[36.778,41.363],[36.647,41.353],[36.51,41.263],[36.278,41.336],[36.179,41.427],[36.052,41.683],[35.92,41.714],[35.558,41.634],[35.298,41.729],[35.122,41.891],[35.155,42.028],[35.006,42.063],[34.75,41.957],[34.193,41.964],[33.381,42.018],[32.947,41.892],[32.542,41.806],[32.306,41.73],[32.086,41.589],[31.458,41.32],[31.255,41.108],[30.81,41.085],[30.345,41.197],[29.919,41.151],[29.322,41.228],[29.148,41.221],[29.046,41.008],[29.365,40.809],[29.801,40.76],[28.958,40.631],[28.788,40.534],[28.974,40.467],[29.007,40.39],[28.63,40.376],[28.289,40.403],[27.728,40.329],[27.476,40.32],[27.285,40.456],[27.012,40.396],[26.738,40.4],[26.475,40.197],[26.313,40.025],[26.181,39.99],[26.113,39.467],[26.827,39.563],[26.911,39.517],[26.682,39.292],[26.854,39.116],[26.808,39.014],[26.909,38.776],[26.764,38.71],[26.907,38.482],[26.861,38.373],[26.595,38.419],[26.514,38.629],[26.378,38.624],[26.43,38.441],[26.333,38.242],[26.582,38.149],[26.683,38.198],[26.944,38.063],[27.232,37.979],[27.224,37.725],[27.078,37.688],[27.204,37.491],[27.219,37.389],[27.52,37.249],[27.535,37.164],[27.349,37.02],[27.668,37.007],[28.134,37.029],[28.005,36.832],[27.631,36.787],[27.656,36.675],[27.804,36.736],[28.084,36.751],[28.196,36.686],[28.304,36.812],[28.484,36.804],[28.718,36.701],[29.038,36.693],[29.143,36.397],[29.348,36.259],[29.689,36.157],[30.232,36.307],[30.387,36.243],[30.484,36.31],[30.558,36.526],[30.582,36.797],[30.644,36.866],[31.353,36.801],[31.778,36.613],[32.022,36.535],[32.378,36.184],[32.534,36.101],[32.795,36.036],[33.1,36.103],[33.695,36.182],[34.023,36.341],[34.3,36.604],[34.601,36.784],[34.811,36.799],[35.176,36.635],[35.393,36.575],[35.537,36.597],[35.661,36.724],[36.049,36.911],[36.18,36.807],[36.188,36.659],[35.883,36.406],[35.811,36.31],[35.957,35.998],[35.893,35.917],[36.127,35.831],[36.202,35.938],[36.348,36.004],[36.375,36.171],[36.641,36.264],[36.538,36.457],[36.659,36.803],[36.942,36.758],[37.066,36.653],[37.436,36.643],[38.192,36.902],[38.444,36.862],[38.767,36.693],[39.357,36.682],[39.687,36.739],[40.016,36.826],[40.706,37.098],[40.959,37.109],[41.265,37.069],[41.516,37.089],[42.06,37.206],[42.269,37.277],[42.359,37.109],[42.456,37.129],[42.775,37.372],[42.937,37.325],[43.092,37.367],[43.516,37.245],[43.836,37.224],[44.013,37.314],[44.208,37.203],[44.202,37.052],[44.282,36.978],[44.606,37.176],[44.765,37.142],[44.794,37.29],[44.574,37.435],[44.561,37.745],[44.211,37.908],[44.431,38.357],[44.291,38.42],[44.272,38.836],[44.145,38.994],[44.178,39.145],[44.079,39.218],[44.023,39.377],[44.389,39.422],[44.456,39.667],[44.587,39.769],[44.817,39.65],[44.768,39.704],[44.56,39.888],[44.289,40.04],[44.005,40.014],[43.792,40.07],[43.71,40.167],[43.569,40.482],[43.723,40.72],[43.632,40.929],[43.439,41.107],[43.359,41.19],[43.205,41.199],[43.149,41.307],[42.788,41.564],[42.567,41.559],[42.466,41.44],[42.211,41.487],[41.926,41.496],[41.824,41.432],[41.51,41.517]]],[[[28.014,41.969],[27.879,41.987],[27.535,41.921],[27.295,42.08],[27.012,42.059],[26.885,41.992],[26.615,41.965],[26.511,41.826],[26.36,41.802],[26.321,41.717],[26.581,41.601],[26.625,41.402],[26.331,41.239],[26.331,40.954],[26.039,40.727],[26.105,40.611],[26.792,40.627],[26.72,40.544],[26.447,40.445],[26.254,40.315],[26.33,40.123],[26.772,40.498],[27.258,40.687],[27.43,40.84],[27.499,40.973],[27.747,41.013],[27.925,40.991],[28.172,41.081],[28.78,40.974],[28.956,41.008],[29.057,41.23],[28.947,41.248],[28.346,41.466],[28.198,41.554],[27.987,41.855],[28.014,41.969]]]]},"properties":{"code":"TUR","name":"Turkey"}},
{"type":"Feature","geometry":{"type":"MultiPolygon","coordinates":[[[[11.505,33.182],[11.234,33.234],[11.085,33.563],[10.958,33.626],[10.898,33.534],[10.723,33.514],[10.713,33.689],[10.454,33.663],[10.159,33.85],[10.049,34.056],[10.065,34.212],[10.2,34.346],[10.535,34.545],[10.866,34.884],[11.12,35.24],[11.043,35.335],[11.004,35.634],[10.591,35.887],[10.477,36.175],[10.526,36.323],[10.798,36.493],[10.967,36.743],[11.127,36.874],[11.054,37.073],[10.951,37.059],[10.766,36.93],[10.571,36.879],[10.412,36.732],[10.189,37.034],[10.196,37.206],[9.876,37.254],[9.688,37.34],[9.142,37.195],[8.824,36.998],[8.577,36.937],[8.601,36.834],[8.444,36.761],[8.37,36.633],[8.231,36.545],[8.349,36.368],[8.246,35.871],[8.318,35.655],[8.316,35.403],[8.394,35.204],[8.277,34.979],[8.246,34.734],[8.123,34.564],[7.838,34.41],[7.749,34.254],[7.514,34.081],[7.5,33.832],[7.763,33.233],[8.076,33.089],[8.211,32.927],[8.333,32.544],[9.044,32.072],[9.519,30.229],[9.895,30.387],[10.216,30.783],[10.243,31.032],[10.115,31.464],[10.306,31.705],[10.476,31.736],[10.609,31.93],[10.826,32.081],[11.505,32.414],[11.534,32.525],[11.454,32.643],[11.505,33.182]]],[[[10.958,33.722],[10.922,33.893],[10.745,33.889],[10.722,33.739],[10.958,33.722]]]]},"properties":{"code":"TUN","name":"Tunisia"}},
{"type":"Feature","geometry":{"type":"Polygon","coordinates":[[[-61.012,10.134],[-60.968,10.323],[-61.037,10.482],[-61.034,10.67],[-60.918,10.84],[-61.37,10.797],[-61.592,10.748],[-61.465,10.539],[-61.499,10.269],[-61.633,10.243],[-61.772,10.085],[-61.597,10.065],[-61.174,10.078],[-61.012,10.134]]]},"properties":{"code":"TTO","name":"Trinidad and Tobago"}},
{"type":"Feature","geometry":{"type":"Polygon","coordinates":[[[-175.162,-21.169],[-175.225,-21.119],[-175.335,-21.158],[-175.157,-21.264],[-175.162,-21.169]]]},"properties":{"code":"TON","name":"Tonga"}},
{"type":"Feature","geometry":{"type":"Polygon","coordinates":[[[0.9,10.993],[0.484,10.992],[-0.069,11.116],[0.009,11.021],[-0.09,10.716],[-0.058,10.631],[0.332,10.307],[0.363,10.236],[0.324,9.688],[0.262,9.496],[0.448,9.48],[0.529,9.358],[0.466,9.115],[0.489,8.851],[0.373,8.759],[0.415,8.653],[0.616,8.48],[0.688,8.304],[0.584,8.146],[0.605,7.728],[0.5,7.547],[0.51,7.435],[0.635,7.354],[0.579,7.004],[0.526,6.851],[0.737,6.453],[0.985,6.32],[1.187,6.089],[1.623,6.217],[1.778,6.295],[1.743,6.426],[1.578,6.687],[1.625,6.997],[1.625,8.271],[1.6,9.05],[1.424,9.285],[1.347,9.568],[1.33,9.997],[0.78,10.36],[0.788,10.71],[0.9,10.993]]]},"properties":{"code":"TGO","name":"Togo"}},
{"type":"Feature","geometry":{"type":"MultiPolygon","coordinates":[[[[125.068,-9.512],[125.408,-9.276],[125.84,-9.13],[125.946,-9.124],[126.164,-8.997],[126.383,-8.958],[126.665,-8.782],[126.915,-8.715],[127.296,-8.425],[126.966,-8.316],[126.62,-8.459],[126.173,-8.489],[125.804,-8.492],[125.382,-8.575],[125.178,-8.648],[125.027,-8.859],[124.922,-8.942],[124.973,-9.064],[125.1,-9.004],[125.149,-9.123],[124.978,-9.195],[124.968,-9.294],[125.068,-9.512]]],[[[124.036,-9.342],[124.09,-9.416],[124.282,-9.428],[124.413,-9.314],[124.444,-9.19],[124.198,-9.256],[124.036,-9.342]]]]},"properties":{"code":"TLS","name":"Timor-Leste"}},
{"type":"Feature","geometry":{"type":"MultiPolygon","coordinates":[[[[98.409,7.902],[98.435,8.086],[98.301,8.136],[98.262,7.926],[98.409,7.902]]],[[[100.122,20.317],[99.89,20.424],[99.639,20.32],[99.459,20.363],[99.502,20.188],[99.338,20.079],[99.197,20.115],[99.021,20.042],[98.987,19.861],[98.917,19.773],[98.761,19.771],[98.494,19.701],[98.239,19.691],[98.111,19.762],[97.817,19.46],[97.804,19.13],[97.706,18.932],[97.754,18.621],[97.485,18.494],[97.451,18.36],[97.599,18.303],[97.72,18.037],[97.699,17.834],[97.793,17.681],[98.257,17.148],[98.439,16.976],[98.478,16.732],[98.689,16.305],[98.888,16.352],[98.818,16.181],[98.592,16.051],[98.558,15.769],[98.565,15.404],[98.191,15.204],[98.246,14.815],[98.57,14.36],[98.934,14.05],[99.137,13.717],[99.176,13.233],[99.107,13.104],[99.22,12.74],[99.405,12.548],[99.463,12.19],[99.615,11.781],[99.478,11.613],[99.19,11.105],[98.757,10.661],[98.768,10.431],[98.703,10.19],[98.562,9.838],[98.493,9.561],[98.371,9.291],[98.326,8.969],[98.242,8.768],[98.238,8.423],[98.305,8.226],[98.421,8.178],[98.579,8.344],[98.704,8.257],[98.789,8.06],[99.051,7.888],[99.043,7.766],[99.183,7.718],[99.3,7.561],[99.359,7.372],[99.529,7.329],[99.602,7.155],[99.72,7.106],[99.696,6.877],[99.869,6.75],[100.119,6.442],[100.177,6.672],[100.345,6.55],[100.629,6.448],[100.794,6.426],[100.874,6.245],[101.054,6.243],[101.076,5.956],[100.982,5.771],[101.114,5.637],[101.257,5.789],[101.556,5.908],[101.65,5.796],[101.874,5.825],[101.936,5.979],[102.055,6.097],[102.101,6.242],[101.799,6.475],[101.614,6.754],[101.498,6.865],[101.302,6.908],[101.018,6.861],[100.793,6.995],[100.586,7.176],[100.424,7.188],[100.205,7.501],[100.158,7.728],[100.317,7.716],[100.284,7.552],[100.454,7.442],[100.279,8.269],[100.229,8.425],[100.129,8.428],[99.961,8.671],[99.905,9.113],[99.836,9.288],[99.724,9.314],[99.394,9.214],[99.254,9.265],[99.288,9.415],[99.161,9.734],[99.195,10.175],[99.165,10.32],[99.285,10.569],[99.487,10.89],[99.514,11.101],[99.627,11.463],[99.799,11.749],[99.837,11.937],[99.989,12.171],[100.006,12.355],[99.964,12.69],[100.09,13.046],[99.991,13.243],[100.017,13.353],[100.236,13.484],[100.656,13.521],[100.963,13.432],[100.946,13.187],[100.863,12.715],[100.954,12.621],[101.09,12.674],[101.445,12.619],[101.724,12.689],[102.034,12.532],[102.23,12.332],[102.54,12.109],[102.594,12.203],[102.763,12.012],[102.792,11.889],[102.934,11.707],[102.737,12.09],[102.706,12.256],[102.756,12.426],[102.5,12.67],[102.462,13.015],[102.331,13.288],[102.32,13.54],[102.547,13.586],[102.545,13.66],[102.729,13.842],[102.909,14.137],[103.031,14.253],[103.199,14.333],[103.6,14.421],[103.818,14.362],[104.228,14.396],[104.412,14.37],[104.779,14.428],[104.97,14.366],[105.074,14.227],[105.183,14.346],[105.476,14.53],[105.547,14.932],[105.49,15.128],[105.513,15.361],[105.616,15.488],[105.622,15.7],[105.462,15.78],[105.373,15.89],[105.406,15.987],[105.047,16.16],[104.95,16.34],[104.819,16.466],[104.751,16.648],[104.759,17.077],[104.816,17.3],[104.74,17.462],[104.428,17.699],[103.95,18.319],[103.792,18.317],[103.63,18.383],[103.367,18.423],[103.263,18.278],[103.149,18.222],[103.051,18.029],[102.718,17.892],[102.352,18.046],[102.101,18.211],[101.947,18.081],[101.775,18.033],[101.688,17.889],[101.414,17.719],[101.105,17.48],[100.908,17.584],[101.113,18.034],[101.138,18.287],[101.051,18.407],[101.166,18.618],[101.286,18.977],[101.198,19.328],[101.221,19.487],[101.155,19.579],[100.967,19.611],[100.625,19.5],[100.42,19.644],[100.398,19.756],[100.543,20.089],[100.52,20.178],[100.318,20.386],[100.122,20.317]]]]},"properties":{"code":"THA","name":"Thailand"}},
{"type":"Feature","geometry":{"type":"MultiPolygon","coordinates":[[[[39.496,-6.175],[39.368,-5.951],[39.192,-5.931],[39.182,-6.173],[39.243,-6.275],[39.573,-6.387],[39.496,-6.175]]],[[[39.865,-4.906],[39.673,-4.927],[39.701,-5.114],[39.647,-5.369],[39.749,-5.444],[39.853,-5.255],[39.865,-4.906]]],[[[32.92,-9.407],[33.13,-9.496],[33.331,-9.519],[33.421,-9.608],[33.698,-9.598],[33.944,-9.672],[33.996,-9.495],[34.321,-9.732],[34.524,-10.03],[34.57,-10.241],[34.584,-10.525],[34.662,-10.71],[34.598,-11.037],[34.774,-11.342],[34.937,-11.463],[34.959,-11.578],[35.631,-11.582],[35.785,-11.453],[35.911,-11.455],[36.082,-11.537],[36.191,-11.671],[36.519,-11.716],[36.771,-11.61],[36.979,-11.567],[37.218,-11.687],[37.542,-11.675],[37.829,-11.482],[37.92,-11.295],[38.177,-11.279],[38.492,-11.413],[38.795,-11.229],[38.988,-11.167],[39.322,-11.123],[39.563,-10.979],[39.817,-10.912],[39.989,-10.821],[40.464,-10.464],[40.389,-10.354],[40.084,-10.157],[39.984,-10.16],[39.784,-9.915],[39.625,-9.409],[39.641,-9.192],[39.451,-8.943],[39.488,-8.862],[39.377,-8.721],[39.304,-8.444],[39.34,-8.243],[39.441,-8.012],[39.428,-7.813],[39.33,-7.747],[39.288,-7.518],[39.353,-7.341],[39.519,-7.124],[39.546,-7.024],[39.472,-6.879],[39.287,-6.815],[39.228,-6.685],[38.874,-6.331],[38.805,-6.07],[38.819,-5.878],[38.978,-5.519],[39.222,-4.692],[39.19,-4.677],[37.797,-3.674],[37.609,-3.46],[37.688,-3.246],[37.644,-3.045],[34.052,-1.04],[33.903,-1.002],[30.845,-1.002],[30.51,-1.067],[30.47,-1.131],[30.632,-1.367],[30.813,-1.563],[30.819,-1.967],[30.877,-2.143],[30.829,-2.338],[30.554,-2.4],[30.424,-2.642],[30.424,-2.824],[30.515,-2.918],[30.78,-2.985],[30.79,-3.275],[30.425,-3.589],[30.379,-3.731],[30.269,-3.85],[30.147,-4.085],[29.947,-4.307],[29.718,-4.456],[29.403,-4.449],[29.326,-4.836],[29.343,-4.983],[29.594,-5.651],[29.596,-5.776],[29.48,-6.025],[29.541,-6.314],[29.71,-6.617],[30.106,-6.915],[30.313,-7.204],[30.407,-7.461],[30.751,-8.194],[30.831,-8.386],[31.076,-8.612],[31.351,-8.607],[31.535,-8.713],[31.674,-8.909],[31.919,-8.942],[31.943,-9.054],[32.433,-9.156],[32.487,-9.213],[32.92,-9.407]]],[[[39.711,-7.977],[39.824,-7.901],[39.847,-7.73],[39.603,-7.936],[39.711,-7.977]]]]},"properties":{"code":"TZA","name":"Tanzania"}},
{"type":"Feature","geometry":{"type":"Polygon","coordinates":[[[67.759,37.172],[67.958,36.972],[68.068,36.95],[68.387,37.138],[68.669,37.258],[68.96,37.325],[69.265,37.108],[69.414,37.208],[69.399,37.399],[69.492,37.553],[69.626,37.594],[69.941,37.6],[70.045,37.547],[70.251,37.664],[70.215,37.924],[70.418,38.075],[70.616,38.334],[70.879,38.456],[71.052,38.418],[71.256,38.307],[71.333,38.17],[71.279,37.918],[71.552,37.933],[71.433,37.128],[71.597,36.733],[71.802,36.694],[72.154,36.901],[72.359,36.983],[72.657,37.029],[72.757,37.173],[72.896,37.268],[73.211,37.408],[73.481,37.472],[73.721,37.419],[73.75,37.232],[74.167,37.329],[74.26,37.415],[74.659,37.394],[74.891,37.232],[75.119,37.386],[75.097,37.451],[74.894,37.601],[74.938,37.773],[74.79,38.104],[74.772,38.275],[74.836,38.404],[74.745,38.51],[74.277,38.66],[74.131,38.661],[74.026,38.54],[73.802,38.607],[73.696,38.854],[73.796,39.002],[73.607,39.229],[73.632,39.449],[73.47,39.461],[73.235,39.375],[72.872,39.36],[72.64,39.386],[72.358,39.337],[72.23,39.208],[72.043,39.352],[71.806,39.276],[71.732,39.423],[71.546,39.453],[71.404,39.598],[71.065,39.493],[71.005,39.412],[70.733,39.413],[70.608,39.564],[70.392,39.582],[70.245,39.543],[69.599,39.574],[69.298,39.525],[69.229,39.761],[69.307,39.969],[69.432,39.91],[69.53,40.097],[69.967,40.202],[70.451,40.049],[70.515,39.95],[70.644,40.083],[70.946,40.188],[70.958,40.239],[70.653,40.201],[70.383,40.454],[70.712,40.669],[70.751,40.74],[70.442,41.023],[70.292,40.892],[69.713,40.657],[69.414,40.797],[69.314,40.635],[69.206,40.567],[69.304,40.327],[69.228,40.188],[68.952,40.223],[68.653,40.183],[68.805,40.05],[68.735,39.836],[68.639,39.839],[68.586,39.635],[68.463,39.537],[68.077,39.564],[67.719,39.621],[67.426,39.466],[67.35,39.242],[67.617,39.15],[67.677,39.008],[68.104,38.962],[68.149,38.891],[68.048,38.669],[68.144,38.383],[68.333,38.238],[68.294,38.033],[68.088,37.835],[67.814,37.487],[67.759,37.172]]]},"properties":{"code":"TJK","name":"Tajikistan"}},
{"type":"Feature","geometry":{"type":"Polygon","coordinates":[[[121.009,22.62],[121.296,22.967],[121.477,23.424],[121.639,24.13],[121.737,24.285],[121.828,24.534],[121.82,24.825],[121.929,24.974],[121.853,25.104],[121.594,25.275],[121.45,25.249],[121.365,25.159],[121.041,25.033],[120.902,24.813],[120.63,24.479],[120.159,23.709],[120.143,23.399],[120.072,23.15],[120.233,22.718],[120.326,22.542],[120.581,22.356],[120.678,22.16],[120.69,22.033],[120.84,21.925],[120.897,22.379],[121.009,22.62]]]},"properties":{"code":"TWN","name":"Taiwan"}},
{"type":"Feature","geometry":{"type":"Polygon","coordinates":[[[35.893,35.917],[35.84,35.849],[35.764,35.572],[35.902,35.421],[35.943,35.224],[35.89,35.06],[35.899,34.852],[35.976,34.629],[36.264,34.633],[36.326,34.513],[36.504,34.432],[36.585,34.221],[36.282,33.894],[36.092,33.832],[35.942,33.668],[36.022,33.563],[35.869,33.432],[35.816,33.362],[35.785,33.291],[35.888,32.944],[35.787,32.735],[35.895,32.714],[36.059,32.534],[36.22,32.495],[36.372,32.387],[36.818,32.317],[38.056,32.995],[38.774,33.372],[40.689,34.332],[40.987,34.429],[41.195,34.769],[41.216,35.288],[41.354,35.64],[41.353,35.81],[41.246,36.073],[41.296,36.383],[41.417,36.515],[41.789,36.597],[42.35,37.061],[42.359,37.109],[42.269,37.277],[42.06,37.206],[41.516,37.089],[41.265,37.069],[40.959,37.109],[40.706,37.098],[40.016,36.826],[39.687,36.739],[39.357,36.682],[38.767,36.693],[38.444,36.862],[38.192,36.902],[37.436,36.643],[37.066,36.653],[36.942,36.758],[36.659,36.803],[36.538,36.457],[36.641,36.264],[36.375,36.171],[36.348,36.004],[36.202,35.938],[36.127,35.831],[35.893,35.917]]]},"properties":{"code":"SYR","name":"Syria"}},
{"type":"Feature","geometry":{"type":"Polygon","coordinates":[[[9.524,47.524],[9.183,47.671],[8.881,47.656],[8.618,47.766],[8.436,47.731],[8.415,47.59],[8.198,47.607],[7.927,47.564],[7.616,47.593],[7.42,47.455],[7.203,47.433],[7.053,47.489],[6.9,47.394],[6.952,47.267],[6.625,47.004],[6.456,46.948],[6.41,46.755],[6.161,46.611],[6.06,46.428],[6.087,46.147],[6.273,46.252],[6.235,46.333],[6.429,46.431],[6.758,46.416],[6.817,46.275],[6.772,46.165],[7.021,45.926],[7.129,45.88],[7.539,45.978],[7.788,45.922],[7.993,46.016],[8.125,46.161],[8.082,46.256],[8.371,46.445],[8.458,46.246],[8.954,45.83],[9.047,45.876],[9.022,46.051],[9.251,46.287],[9.26,46.475],[9.428,46.482],[9.481,46.349],[9.639,46.296],[9.939,46.362],[10.041,46.238],[10.145,46.254],[10.038,46.483],[10.087,46.6],[10.431,46.55],[10.398,46.665],[10.453,46.865],[10.349,46.985],[10.18,46.862],[9.997,46.885],[9.845,47.007],[9.58,47.057],[9.488,47.062],[9.528,47.271],[9.626,47.467],[9.524,47.524]]]},"properties":{"code":"CHE","name":"Switzerland"}},
{"type":"Feature","geometry":{"type":"MultiPolygon","coordinates":[[[[19.076,57.836],[18.841,57.9],[18.537,57.831],[18.137,57.557],[18.152,57.339],[18.105,57.272],[18.285,57.083],[18.387,57.088],[18.538,57.197],[18.7,57.243],[18.785,57.361],[18.814,57.706],[19.076,57.836]]],[[[16.529,56.291],[16.778,56.805],[17.054,57.208],[17.025,57.345],[16.728,56.902],[16.63,56.877],[16.412,56.569],[16.401,56.311],[16.529,56.291]]],[[[11.388,59.037],[11.196,59.078],[11.147,58.989],[11.208,58.866],[11.272,58.476],[11.432,58.34],[11.449,58.118],[11.549,58.001],[11.703,57.973],[11.735,57.718],[11.879,57.679],[11.962,57.426],[12.053,57.447],[12.152,57.227],[12.421,56.906],[12.573,56.823],[12.718,56.663],[12.884,56.618],[12.857,56.452],[12.656,56.441],[12.802,56.264],[12.593,56.138],[12.978,55.694],[12.886,55.411],[13.321,55.346],[13.806,55.429],[14.174,55.397],[14.342,55.528],[14.203,55.729],[14.215,55.833],[14.559,56.049],[14.755,56.033],[14.782,56.162],[15.327,56.151],[15.627,56.186],[15.827,56.125],[15.997,56.223],[16.151,56.501],[16.349,56.709],[16.528,57.068],[16.476,57.265],[16.631,57.43],[16.555,57.812],[16.695,57.918],[16.7,58.161],[16.77,58.214],[16.652,58.434],[16.924,58.493],[16.788,58.585],[17.348,58.781],[17.457,58.858],[17.829,58.955],[18.285,59.109],[18.373,59.18],[18.509,59.408],[18.271,59.367],[18.217,59.421],[18.578,59.566],[18.971,59.757],[18.933,59.942],[18.787,60.079],[18.535,60.153],[18.558,60.254],[18.25,60.362],[18.011,60.511],[17.956,60.59],[17.661,60.535],[17.555,60.643],[17.36,60.641],[17.251,60.701],[17.279,60.812],[17.213,60.986],[17.138,61.382],[17.131,61.576],[17.417,61.741],[17.375,61.866],[17.535,62.264],[17.373,62.427],[17.41,62.508],[17.571,62.451],[17.834,62.503],[18.007,62.626],[17.896,62.831],[18.248,62.849],[18.463,62.896],[18.606,63.178],[19.034,63.238],[19.236,63.347],[19.354,63.477],[19.502,63.509],[19.656,63.458],[19.914,63.611],[20.205,63.662],[20.454,63.774],[20.763,63.868],[21.018,64.178],[21.465,64.38],[21.196,64.877],[21.574,65.126],[21.566,65.408],[21.88,65.424],[21.92,65.532],[22.087,65.53],[22.254,65.598],[22.366,65.843],[22.539,65.794],[22.747,65.871],[23.102,65.735],[23.221,65.786],[23.691,65.829],[23.891,65.782],[24.155,65.805],[23.907,66.148],[23.751,66.191],[23.674,66.381],[23.701,66.481],[23.866,66.577],[23.942,66.878],[23.677,67.068],[23.623,67.184],[23.775,67.329],[23.734,67.423],[23.468,67.45],[23.537,67.59],[23.474,68.017],[23.319,68.13],[23.183,68.137],[23.098,68.258],[22.782,68.391],[21.997,68.521],[21.616,68.651],[21.183,68.829],[20.919,68.907],[20.895,68.98],[20.622,69.037],[20.117,69.021],[20.337,68.9],[20.319,68.754],[20.147,68.607],[20.24,68.478],[19.97,68.356],[19.053,68.493],[18.77,68.5],[18.379,68.562],[18.163,68.528],[18.177,68.201],[17.917,67.965],[17.325,68.104],[16.784,67.895],[16.586,67.628],[16.457,67.552],[16.194,67.505],[16.127,67.426],[16.361,67.252],[16.404,67.055],[15.884,66.769],[15.423,66.49],[15.484,66.306],[15.153,66.191],[14.543,66.129],[14.635,65.845],[14.55,65.646],[14.48,65.301],[14.115,64.946],[13.65,64.582],[14.078,64.464],[14.141,64.174],[13.961,64.014],[13.3,64.075],[12.988,64.05],[12.663,63.94],[12.175,63.596],[12.212,63.492],[12,63.292],[12.218,63.001],[12.109,62.919],[12.115,62.592],[12.304,62.286],[12.292,62.167],[12.155,61.721],[12.596,61.541],[12.881,61.352],[12.828,61.222],[12.683,61.047],[12.294,61.003],[12.315,60.892],[12.554,60.546],[12.589,60.451],[12.516,60.305],[12.486,60.107],[12.169,59.913],[11.932,59.864],[11.834,59.697],[11.681,59.592],[11.798,59.29],[11.712,59.019],[11.643,58.926],[11.471,58.91],[11.388,59.037]]]]},"properties":{"code":"SWE","name":"Sweden"}},
{"type":"Feature","geometry":{"type":"Polygon","coordinates":[[[31.948,-25.958],[31.871,-25.982],[31.415,-25.747],[31.207,-25.843],[30.803,-26.413],[30.794,-26.764],[30.883,-26.792],[31.063,-27.112],[31.274,-27.238],[31.47,-27.296],[31.958,-27.306],[31.946,-27.174],[31.995,-26.817],[32.113,-26.839],[32.106,-26.52],[32.041,-26.281],[32.061,-26.018],[31.948,-25.958]]]},"properties":{"code":"SWZ","name":"Eswatini"}},
{"type":"Feature","geometry":{"type":"Polygon","coordinates":[[[-54.156,5.359],[-54.046,5.609],[-54.054,5.808],[-54.356,5.91],[-54.834,5.988],[-55.148,5.993],[-55.379,5.953],[-55.648,5.986],[-55.828,5.962],[-55.94,5.795],[-56.466,5.938],[-56.97,5.993],[-57.057,5.939],[-57.195,5.548],[-57.319,5.335],[-57.207,5.214],[-57.331,5.02],[-57.711,4.991],[-57.917,4.82],[-57.846,4.668],[-57.95,4.35],[-58.054,4.172],[-58.032,4.002],[-57.908,3.857],[-57.833,3.676],[-57.649,3.517],[-57.55,3.353],[-57.304,3.377],[-57.232,3.109],[-57.21,2.883],[-57.029,2.638],[-56.931,2.395],[-56.704,2.036],[-56.483,1.942],[-56.02,1.842],[-55.93,1.888],[-55.915,2.04],[-56.129,2.3],[-55.936,2.517],[-55.731,2.406],[-55.385,2.441],[-55.344,2.489],[-55.006,2.593],[-54.852,2.44],[-54.722,2.442],[-54.616,2.327],[-54.402,2.462],[-54.196,2.818],[-54.203,3.138],[-54.01,3.449],[-53.99,3.59],[-54.351,4.054],[-54.45,4.485],[-54.471,4.749],[-54.452,5.013],[-54.332,5.187],[-54.156,5.359]]]},"properties":{"code":"SUR","name":"Suriname"}},
{"type":"Feature","geometry":{"type":"Polygon","coordinates":[[[33.976,4.22],[35.268,5.492],[35.082,5.673],[34.984,5.858],[34.959,6.045],[34.838,6.3],[34.711,6.66],[34.484,6.898],[34.279,7.003],[34.064,7.226],[34.02,7.368],[33.902,7.51],[33.666,7.671],[33.226,7.761],[33.015,7.869],[33.013,7.952],[33.234,8.396],[33.409,8.448],[33.953,8.444],[34.095,8.582],[34.078,9.462],[33.891,9.462],[33.895,9.718],[33.959,9.845],[33.957,10.054],[33.892,10.199],[33.459,10.551],[33.361,10.658],[33.141,10.738],[33.172,10.85],[33.073,11.592],[33.122,11.693],[33.135,11.942],[33.199,12.217],[32.722,12.223],[32.737,12.01],[32.072,12.007],[32.335,11.716],[32.354,11.247],[32.404,11.058],[31.933,10.663],[31.854,10.479],[31.655,10.221],[31.225,9.799],[31.154,9.771],[30.739,9.743],[30.475,9.979],[30.003,10.277],[29.605,10.065],[29.604,9.921],[29.473,9.769],[29.242,9.718],[29,9.61],[28.839,9.459],[28.845,9.326],[28.049,9.329],[27.886,9.6],[27.8,9.588],[27.074,9.614],[26.763,9.499],[26.551,9.526],[26.17,9.966],[25.892,10.203],[25.885,10.346],[25.798,10.421],[25.285,10.319],[25.067,10.294],[25.003,10.055],[24.785,9.775],[24.783,9.527],[24.663,9.338],[24.648,9.179],[24.532,8.887],[24.214,8.768],[24.147,8.666],[24.221,8.608],[24.18,8.461],[24.291,8.291],[24.737,8.192],[24.853,8.138],[25.247,7.725],[25.19,7.519],[25.381,7.333],[25.889,7.065],[26.037,6.955],[26.169,6.782],[26.362,6.635],[26.309,6.455],[26.514,6.069],[26.726,5.998],[27.083,5.777],[27.213,5.619],[27.257,5.29],[27.403,5.109],[27.491,4.968],[27.664,4.846],[27.788,4.645],[27.981,4.532],[28.192,4.35],[28.428,4.324],[28.727,4.505],[28.939,4.487],[29.151,4.388],[29.385,4.498],[29.47,4.612],[29.677,4.587],[29.87,4.327],[30.195,3.982],[30.508,3.836],[30.559,3.653],[30.757,3.624],[30.839,3.491],[30.929,3.634],[31.152,3.786],[31.48,3.68],[31.629,3.701],[31.798,3.803],[31.942,3.608],[32.099,3.529],[32.336,3.706],[32.838,3.798],[32.997,3.88],[33.154,3.775],[33.489,3.755],[33.976,4.22]]]},"properties":{"code":"SDS","name":"South Sudan"}},
{"type":"Feature","geometry":{"type":"Polygon","coordinates":[[[34.078,9.462],[34.12,9.73],[34.292,10.125],[34.315,10.252],[34.276,10.528],[34.431,10.788],[34.572,10.88],[34.771,10.746],[34.931,10.865],[34.961,11.277],[35.112,11.817],[35.252,11.957],[35.596,12.537],[35.821,12.685],[36.108,12.726],[36.16,13.093],[36.212,13.271],[36.391,13.626],[36.444,13.988],[36.524,14.257],[36.427,15.132],[36.522,15.25],[36.679,15.726],[36.813,15.994],[36.914,16.296],[36.888,16.625],[36.979,16.801],[37.009,17.059],[37.411,17.062],[37.51,17.288],[37.782,17.458],[38.254,17.585],[38.422,17.824],[38.609,18.005],[38.574,18.073],[38.333,18.219],[38.202,18.249],[37.922,18.556],[37.73,18.694],[37.599,18.717],[37.471,18.82],[37.362,19.092],[37.248,19.582],[37.263,19.792],[37.193,20.121],[37.188,20.395],[37.228,20.557],[37.173,20.732],[37.151,21.104],[37.212,21.186],[37.081,21.326],[36.927,21.587],[36.871,21.997],[31.434,21.996],[31.486,22.148],[31.358,22.189],[31.209,21.995],[24.98,21.996],[24.979,20.003],[23.98,19.996],[23.98,19.497],[23.983,15.78],[23.946,15.704],[23.708,15.745],[23.105,15.703],[22.934,15.533],[22.97,15.311],[22.932,15.162],[22.763,14.999],[22.671,14.722],[22.382,14.55],[22.51,14.127],[22.173,13.911],[22.108,13.73],[22.202,13.538],[22.228,13.33],[22.158,13.215],[21.99,13.113],[21.825,12.791],[22.001,12.672],[22.233,12.709],[22.352,12.66],[22.49,12.045],[22.581,11.99],[22.556,11.67],[22.641,11.516],[22.923,11.345],[22.938,11.192],[22.86,10.92],[22.964,10.752],[23.312,10.388],[23.545,10.03],[23.646,9.823],[23.623,9.341],[23.468,9.115],[23.552,8.943],[23.537,8.816],[23.679,8.732],[24.147,8.666],[24.214,8.768],[24.532,8.887],[24.648,9.179],[24.663,9.338],[24.783,9.527],[24.785,9.775],[25.003,10.055],[25.067,10.294],[25.285,10.319],[25.798,10.421],[25.885,10.346],[25.892,10.203],[26.17,9.966],[26.551,9.526],[26.763,9.499],[27.074,9.614],[27.8,9.588],[27.886,9.6],[28.049,9.329],[28.845,9.326],[28.839,9.459],[29,9.61],[29.242,9.718],[29.473,9.769],[29.604,9.921],[29.605,10.065],[30.003,10.277],[30.475,9.979],[30.739,9.743],[31.154,9.771],[31.225,9.799],[31.655,10.221],[31.854,10.479],[31.933,10.663],[32.404,11.058],[32.354,11.247],[32.335,11.716],[32.072,12.007],[32.737,12.01],[32.722,12.223],[33.199,12.217],[33.135,11.942],[33.122,11.693],[33.073,11.592],[33.172,10.85],[33.141,10.738],[33.361,10.658],[33.459,10.551],[33.892,10.199],[33.957,10.054],[33.959,9.845],[33.895,9.718],[33.891,9.462],[34.078,9.462]]]},"properties":{"code":"SDN","name":"Sudan"}},
{"type":"Feature","geometry":{"type":"Polygon","coordinates":[[[79.982,9.813],[80.086,9.578],[80.118,9.327],[80.065,9.096],[79.929,8.899],[79.942,8.692],[79.851,8.412],[79.809,8.05],[79.708,8.066],[79.792,7.585],[79.859,6.829],[80.007,6.364],[80.095,6.153],[80.267,6.01],[80.496,5.949],[80.724,5.979],[81.38,6.241],[81.637,6.425],[81.768,6.614],[81.861,6.901],[81.874,7.288],[81.683,7.684],[81.665,7.782],[81.436,8.119],[81.373,8.431],[81.227,8.506],[81.198,8.662],[80.711,9.366],[80.376,9.642],[80.253,9.796],[79.982,9.813]]]},"properties":{"code":"LKA","name":"Sri Lanka"}},
{"type":"Feature","geometry":{"type":"MultiPolygon","coordinates":[[[[3.145,39.79],[3.159,39.971],[2.785,39.855],[2.371,39.613],[2.5,39.478],[2.634,39.556],[2.77,39.41],[3.073,39.301],[3.245,39.387],[3.462,39.698],[3.342,39.787],[3.145,39.79]]],[[[4.294,39.842],[4.226,40.032],[4.059,40.075],[3.853,40.063],[3.843,39.976],[4.294,39.842]]],[[[1.445,38.919],[1.624,39.039],[1.564,39.121],[1.349,39.081],[1.257,38.879],[1.445,38.919]]],[[[-1.794,43.407],[-1.991,43.345],[-2.337,43.328],[-2.607,43.413],[-2.875,43.454],[-3.046,43.372],[-3.418,43.452],[-3.605,43.519],[-3.889,43.499],[-4.313,43.415],[-4.523,43.416],[-5.105,43.502],[-5.316,43.553],[-5.666,43.582],[-5.847,43.645],[-6.08,43.595],[-6.476,43.579],[-6.901,43.586],[-7.061,43.554],[-7.262,43.595],[-7.504,43.74],[-7.698,43.765],[-8.005,43.694],[-8.257,43.58],[-8.249,43.439],[-8.537,43.337],[-8.874,43.334],[-9.178,43.174],[-9.235,42.977],[-9.127,42.865],[-8.937,42.767],[-8.988,42.586],[-8.812,42.64],[-8.812,42.47],[-8.691,42.274],[-8.887,42.105],[-8.878,41.947],[-8.777,41.941],[-8.538,42.069],[-8.213,42.134],[-8.13,42.018],[-8.225,41.896],[-8.152,41.812],[-7.921,41.884],[-7.693,41.888],[-7.404,41.834],[-7.03,41.951],[-6.618,41.942],[-6.558,41.874],[-6.542,41.673],[-6.392,41.665],[-6.212,41.532],[-6.403,41.375],[-6.566,41.304],[-6.928,41.009],[-6.858,40.878],[-6.818,40.654],[-6.848,40.411],[-6.81,40.343],[-7.015,40.208],[-6.916,40.057],[-6.911,39.937],[-7.037,39.714],[-7.118,39.682],[-7.454,39.681],[-7.445,39.536],[-7.335,39.465],[-7.306,39.338],[-7.172,39.135],[-6.998,39.056],[-7.046,38.907],[-7.282,38.715],[-7.343,38.457],[-7.023,38.045],[-7.185,38.006],[-7.444,37.728],[-7.504,37.585],[-7.406,37.179],[-7.175,37.209],[-6.885,37.194],[-6.492,36.955],[-6.396,36.832],[-6.384,36.637],[-6.266,36.527],[-6.17,36.334],[-6.041,36.188],[-5.625,36.026],[-5.361,36.135],[-5.33,36.236],[-5.171,36.424],[-4.935,36.502],[-4.674,36.506],[-4.367,36.718],[-3.828,36.756],[-3.431,36.708],[-3.259,36.756],[-2.788,36.715],[-2.596,36.806],[-2.306,36.82],[-2.188,36.745],[-1.939,36.946],[-1.798,37.233],[-1.641,37.387],[-1.328,37.561],[-0.822,37.581],[-0.823,37.712],[-0.683,37.992],[-0.647,38.152],[-0.381,38.436],[-0.053,38.586],[0.202,38.759],[-0.034,38.891],[-0.205,39.063],[-0.329,39.417],[-0.327,39.52],[-0.075,39.876],[0.364,40.319],[0.596,40.615],[0.859,40.686],[0.817,40.892],[1.033,41.062],[1.567,41.196],[2.083,41.287],[2.311,41.467],[3.005,41.767],[3.248,41.944],[3.166,42.256],[3.307,42.289],[3.211,42.431],[2.97,42.467],[2.568,42.346],[2.2,42.421],[2.033,42.354],[1.706,42.503],[1.486,42.434],[1.428,42.596],[1.349,42.691],[0.697,42.845],[0.632,42.69],[-0.041,42.689],[-0.299,42.825],[-0.586,42.799],[-0.763,42.94],[-0.934,42.95],[-1.285,43.06],[-1.48,43.071],[-1.411,43.24],[-1.753,43.325],[-1.794,43.407]]],[[[-16.334,28.38],[-16.119,28.528],[-16.319,28.558],[-16.517,28.413],[-16.752,28.37],[-16.866,28.293],[-16.795,28.149],[-16.658,28.007],[-16.543,28.032],[-16.418,28.151],[-16.334,28.38]]],[[[-13.716,28.911],[-13.478,29.007],[-13.454,29.151],[-13.788,29.056],[-13.716,28.911]]],[[[-14.197,28.169],[-13.928,28.253],[-13.828,28.585],[-13.857,28.738],[-13.954,28.741],[-14.153,28.407],[-14.197,28.169]]],[[[-15.401,28.147],[-15.683,28.154],[-15.809,27.994],[-15.71,27.784],[-15.559,27.747],[-15.389,27.875],[-15.401,28.147]]],[[[-17.185,28.022],[-17.13,28.156],[-17.259,28.203],[-17.325,28.118],[-17.185,28.022]]],[[[-17.834,28.493],[-17.758,28.569],[-17.745,28.787],[-17.929,28.845],[-18.001,28.758],[-17.834,28.493]]]]},"properties":{"code":"ESP","name":"Spain"}},
{"type":"Feature","geometry":{"type":"MultiPolygon","coordinates":[[[[126.634,37.782],[126.563,37.717],[126.657,37.551],[126.65,37.447],[126.791,37.295],[126.746,37.194],[126.869,36.976],[126.784,36.948],[126.578,37.02],[126.352,36.958],[126.217,36.871],[126.181,36.692],[126.389,36.651],[126.488,36.694],[126.548,36.478],[126.54,36.166],[126.693,36.014],[126.753,35.872],[126.717,35.769],[126.488,35.647],[126.493,35.501],[126.361,35.217],[126.291,35.154],[126.398,34.933],[126.426,34.695],[126.333,34.59],[126.482,34.494],[126.508,34.351],[126.755,34.512],[126.897,34.439],[127.031,34.607],[127.325,34.463],[127.479,34.625],[127.39,34.743],[127.524,34.84],[127.632,34.69],[127.742,34.783],[127.715,34.955],[128.036,35.022],[128.095,34.934],[128.444,34.87],[128.419,35.016],[128.511,35.101],[128.98,35.102],[129.214,35.182],[129.419,35.498],[129.562,35.948],[129.404,36.052],[129.393,36.323],[129.445,36.471],[129.473,36.742],[129.418,37.059],[129.335,37.275],[129.052,37.678],[128.619,38.176],[128.375,38.623],[128.169,38.359],[128.039,38.309],[127.746,38.319],[127.17,38.305],[127.01,38.241],[126.667,37.917],[126.634,37.782]]],[[[128.741,34.799],[128.722,35.014],[128.489,34.865],[128.647,34.737],[128.741,34.799]]],[[[128.066,34.806],[127.915,34.921],[127.873,34.735],[128.055,34.708],[128.066,34.806]]],[[[126.234,34.371],[126.335,34.426],[126.247,34.563],[126.123,34.444],[126.234,34.371]]],[[[126.327,33.224],[126.582,33.238],[126.873,33.341],[126.901,33.515],[126.696,33.549],[126.338,33.46],[126.166,33.312],[126.327,33.224]]]]},"properties":{"code":"KOR","name":"South Korea"}},
{"type":"Feature","geometry":{"type":"MultiPolygon","coordinates":[[[[29.365,-22.194],[29.13,-22.213],[29.013,-22.278],[28.84,-22.481],[28.382,-22.593],[28.21,-22.694],[28.028,-22.874],[27.891,-23.074],[27.717,-23.22],[27.593,-23.253],[27.146,-23.524],[26.987,-23.705],[26.835,-24.241],[26.618,-24.396],[26.397,-24.614],[25.912,-24.747],[25.852,-24.935],[25.584,-25.606],[25.444,-25.714],[25.213,-25.756],[24.999,-25.754],[24.748,-25.817],[24.331,-25.743],[24.193,-25.633],[23.894,-25.601],[23.521,-25.344],[23.266,-25.267],[23.022,-25.324],[22.879,-25.458],[22.64,-26.071],[22.549,-26.178],[22.218,-26.389],[22.091,-26.58],[21.833,-26.678],[21.646,-26.854],[21.455,-26.833],[21.071,-26.852],[20.871,-26.809],[20.74,-26.849],[20.641,-26.742],[20.627,-26.444],[20.815,-26.165],[20.793,-25.916],[20.473,-25.221],[20.345,-25.03],[19.98,-24.777],[19.98,-28.451],[19.671,-28.504],[19.483,-28.662],[19.271,-28.778],[19.246,-28.902],[19.026,-28.928],[18.839,-28.869],[18.6,-28.855],[18.311,-28.886],[18.103,-28.872],[17.976,-28.811],[17.448,-28.698],[17.348,-28.501],[17.386,-28.353],[17.312,-28.229],[17.205,-28.199],[17.056,-28.031],[16.933,-28.07],[16.81,-28.265],[16.756,-28.452],[16.626,-28.488],[16.448,-28.618],[16.739,-29.009],[16.95,-29.403],[17.189,-30.1],[17.347,-30.445],[17.677,-31.019],[18.211,-31.742],[18.311,-32.122],[18.325,-32.505],[18.251,-32.652],[18.037,-32.775],[17.965,-32.709],[17.851,-32.827],[17.878,-32.962],[18.156,-33.359],[18.261,-33.422],[18.433,-33.717],[18.465,-33.888],[18.354,-33.939],[18.352,-34.188],[18.534,-34.086],[18.809,-34.108],[18.831,-34.364],[19.098,-34.35],[19.245,-34.412],[19.323,-34.571],[19.635,-34.753],[20.021,-34.786],[20.53,-34.463],[20.775,-34.44],[21.06,-34.365],[21.249,-34.407],[21.789,-34.373],[22.246,-34.069],[22.554,-34.01],[22.736,-34.01],[22.926,-34.063],[23.268,-34.081],[23.586,-33.985],[24.183,-34.062],[24.596,-34.175],[24.827,-34.169],[25.003,-33.974],[25.17,-33.961],[25.477,-34.028],[25.638,-34.011],[25.652,-33.85],[25.806,-33.737],[25.99,-33.711],[26.429,-33.76],[26.614,-33.707],[27.077,-33.521],[27.861,-33.054],[28.214,-32.769],[28.449,-32.625],[28.856,-32.294],[29.128,-32.003],[29.483,-31.675],[29.735,-31.47],[29.971,-31.322],[30.289,-30.97],[30.664,-30.434],[30.878,-30.071],[31.023,-29.901],[31.17,-29.591],[31.335,-29.378],[31.778,-28.937],[32.027,-28.84],[32.286,-28.621],[32.535,-28.2],[32.657,-27.607],[32.849,-27.08],[32.886,-26.849],[32.354,-26.862],[32.113,-26.839],[31.995,-26.817],[31.946,-27.174],[31.958,-27.306],[31.47,-27.296],[31.274,-27.238],[31.063,-27.112],[30.883,-26.792],[30.794,-26.764],[30.803,-26.413],[31.207,-25.843],[31.415,-25.747],[31.871,-25.982],[31.948,-25.958],[31.92,-25.774],[31.985,-25.632],[31.986,-24.461],[31.8,-23.892],[31.546,-23.482],[31.532,-23.279],[31.419,-22.825],[31.288,-22.402],[31.073,-22.308],[30.916,-22.291],[30.46,-22.329],[30.19,-22.291],[29.902,-22.184],[29.663,-22.146],[29.365,-22.194]],[[28.737,-30.102],[28.392,-30.148],[28.139,-30.45],[28.018,-30.642],[27.753,-30.6],[27.492,-30.364],[27.388,-30.316],[27.355,-30.159],[27.13,-29.84],[27.052,-29.664],[27.295,-29.519],[27.527,-29.236],[27.736,-28.94],[27.96,-28.873],[28.233,-28.701],[28.626,-28.582],[28.954,-28.881],[29.301,-29.09],[29.391,-29.27],[29.294,-29.567],[29.142,-29.701],[29.098,-29.919],[28.737,-30.102]]],[[[37.857,-46.944],[37.685,-46.824],[37.612,-46.946],[37.857,-46.944]]]]},"properties":{"code":"ZAF","name":"South Africa"}},
{"type":"Feature","geometry":{"type":"Polygon","coordinates":[[[41.533,-1.695],[41.732,-1.43],[41.98,-0.973],[42.219,-0.738],[42.561,-0.321],[42.712,-0.176],[43.468,0.622],[43.718,0.858],[44.033,1.106],[44.333,1.391],[44.92,1.81],[45.826,2.31],[46.051,2.475],[46.879,3.286],[47.511,3.968],[47.975,4.497],[48.234,4.953],[48.649,5.494],[49.049,6.174],[49.093,6.408],[49.235,6.777],[49.349,6.991],[49.57,7.297],[49.761,7.66],[49.852,7.963],[50.103,8.2],[50.286,8.509],[50.43,8.845],[50.638,9.109],[50.685,9.241],[50.825,9.428],[50.833,9.71],[50.898,10.253],[51.063,10.434],[51.141,10.657],[51.122,11.077],[51.084,11.336],[51.218,11.658],[51.255,11.831],[50.792,11.984],[50.636,11.944],[50.466,11.728],[50.11,11.529],[49.642,11.451],[49.388,11.343],[48.939,11.258],[48.938,9.452],[47.978,7.997],[46.423,6.497],[45.935,5.997],[44.941,4.912],[44.912,4.9],[44.028,4.951],[43.538,4.84],[43.126,4.644],[43.016,4.563],[42.895,4.361],[42.792,4.292],[42.228,4.202],[42.024,4.138],[41.884,3.978],[41.342,3.202],[40.964,2.815],[40.979,-0.87],[41.522,-1.572],[41.533,-1.695]]]},"properties":{"code":"SOM","name":"Somalia"}},
{"type":"Feature","geometry":{"type":"Polygon","coordinates":[[[48.939,11.258],[48.674,11.323],[48.439,11.29],[48.019,11.139],[47.713,11.112],[47.405,11.174],[47.23,11.1],[46.973,10.925],[46.565,10.746],[45.817,10.836],[45.338,10.65],[44.943,10.437],[44.387,10.43],[44.158,10.551],[43.853,10.784],[43.631,11.035],[43.441,11.346],[43.246,11.5],[42.923,10.999],[42.66,10.621],[42.842,10.203],[43.069,9.926],[43.182,9.88],[43.303,9.609],[43.483,9.379],[43.621,9.337],[44.023,8.986],[45.555,8.483],[46.92,8.026],[46.978,7.997],[47.978,7.997],[48.938,9.452],[48.939,11.258]]]},"properties":{"code":"SOL","name":"Somaliland"}},
{"type":"Feature","geometry":{"type":"MultiPolygon","coordinates":[[[[160.576,-11.798],[160.449,-11.696],[160.077,-11.493],[160.004,-11.58],[160.355,-11.712],[160.395,-11.789],[160.576,-11.798]]],[[[161.548,-9.626],[161.407,-9.368],[161.41,-9.682],[161.548,-9.626]]],[[[157.763,-8.242],[157.612,-8.165],[157.599,-8.006],[157.433,-7.985],[157.322,-8.161],[157.351,-8.275],[157.558,-8.27],[157.588,-8.445],[157.749,-8.524],[157.898,-8.506],[157.763,-8.242]]],[[[158.108,-8.684],[157.998,-8.508],[157.879,-8.669],[158.009,-8.763],[158.108,-8.684]]],[[[157.389,-8.713],[157.332,-8.651],[157.411,-8.475],[157.345,-8.432],[157.212,-8.565],[157.389,-8.713]]],[[[156.688,-7.923],[156.809,-7.723],[156.561,-7.574],[156.511,-7.708],[156.688,-7.923]]],[[[157.172,-8.108],[157.186,-7.941],[157.103,-7.855],[156.959,-7.938],[157.041,-8.117],[157.172,-8.108]]],[[[159.75,-9.273],[159.607,-9.354],[159.622,-9.532],[159.755,-9.726],[159.854,-9.792],[160.321,-9.821],[160.649,-9.929],[160.819,-9.863],[160.794,-9.767],[160.625,-9.589],[160.355,-9.422],[159.971,-9.433],[159.75,-9.273]]],[[[159.879,-8.534],[159.794,-8.406],[159.843,-8.327],[159.431,-8.029],[159.109,-7.904],[158.734,-7.604],[158.565,-7.651],[158.597,-7.759],[158.944,-8.041],[159.354,-8.26],[159.645,-8.372],[159.879,-8.534]]],[[[157.487,-7.33],[157.336,-7.28],[157.148,-7.114],[157.03,-6.892],[156.765,-6.764],[156.604,-6.641],[156.457,-6.715],[156.696,-6.911],[156.904,-7.18],[157.102,-7.324],[157.441,-7.426],[157.487,-7.33]]],[[[160.749,-8.314],[160.59,-8.373],[160.714,-8.539],[160.663,-8.621],[160.772,-8.964],[160.873,-9.157],[161.042,-9.308],[161.258,-9.317],[161.257,-9.192],[161.159,-8.962],[160.944,-8.799],[160.998,-8.612],[160.749,-8.314]]],[[[161.715,-10.387],[161.476,-10.238],[161.305,-10.204],[161.294,-10.326],[161.487,-10.361],[161.538,-10.566],[161.787,-10.717],[162.124,-10.824],[162.301,-10.832],[162.287,-10.71],[162.105,-10.454],[161.841,-10.446],[161.715,-10.387]]]]},"properties":{"code":"SLB","name":"Solomon Islands"}},
{"type":"Feature","geometry":{"type":"Polygon","coordinates":[[[22.539,49.073],[22.02,49.21],[21.89,49.343],[21.64,49.412],[21.079,49.418],[20.947,49.317],[20.616,49.392],[20.363,49.385],[20.164,49.316],[20.058,49.181],[19.802,49.192],[19.774,49.372],[19.664,49.396],[19.442,49.598],[19.25,49.511],[19.149,49.4],[18.968,49.396],[18.832,49.511],[18.596,49.491],[18.365,49.336],[18.161,49.257],[18.086,49.065],[17.758,48.888],[17.483,48.828],[17.188,48.861],[17.063,48.781],[16.953,48.599],[16.865,48.387],[16.973,48.198],[17.147,48.006],[17.317,47.991],[17.635,47.81],[17.762,47.77],[18.146,47.763],[18.724,47.787],[18.792,48],[18.914,48.051],[19.467,48.111],[19.625,48.223],[19.899,48.131],[20.334,48.296],[20.49,48.527],[20.867,48.546],[21.067,48.506],[21.451,48.552],[21.767,48.338],[22.132,48.405],[22.143,48.569],[22.295,48.686],[22.539,49.073]]]},"properties":{"code":"SVK","name":"Slovakia"}},
{"type":"Feature","geometry":{"type":"Polygon","coordinates":[[[16.516,46.5],[16.381,46.639],[16.284,46.857],[16.093,46.863],[15.977,46.801],[15.958,46.678],[15.767,46.711],[15.439,46.63],[15.001,46.626],[14.757,46.499],[14.504,46.417],[13.7,46.52],[13.68,46.463],[13.4,46.318],[13.45,46.224],[13.633,46.177],[13.486,46.04],[13.614,45.962],[13.57,45.834],[13.831,45.68],[13.72,45.588],[13.578,45.517],[13.879,45.428],[13.993,45.509],[14.37,45.481],[14.534,45.645],[14.847,45.467],[14.955,45.5],[15.11,45.451],[15.339,45.467],[15.277,45.733],[15.625,45.834],[15.666,46.048],[15.636,46.201],[16.227,46.373],[16.321,46.535],[16.516,46.5]]]},"properties":{"code":"SVN","name":"Slovenia"}},
{"type":"Feature","geometry":{"type":"Polygon","coordinates":[[[103.97,1.331],[103.818,1.447],[103.65,1.326],[103.82,1.265],[103.97,1.331]]]},"properties":{"code":"SGP","name":"Singapore"}},
{"type":"Feature","geometry":{"type":"MultiPolygon","coordinates":[[[[-10.283,8.485],[-10.394,8.481],[-10.558,8.316],[-10.712,8.335],[-10.628,8.53],[-10.501,8.688],[-10.606,8.868],[-10.616,9.059],[-10.75,9.122],[-10.691,9.314],[-10.865,9.516],[-11.206,9.978],[-11.274,9.997],[-11.911,9.993],[-11.923,9.923],[-12.142,9.875],[-12.278,9.93],[-12.501,9.862],[-12.558,9.705],[-12.756,9.374],[-12.959,9.263],[-13.028,9.104],[-13.293,9.049],[-13.154,8.898],[-13.228,8.696],[-13.182,8.577],[-12.953,8.615],[-13.085,8.425],[-13.273,8.43],[-13.149,8.215],[-12.957,8.145],[-12.881,7.857],[-12.698,7.716],[-12.51,7.666],[-12.433,7.545],[-12.486,7.386],[-11.929,7.184],[-11.733,7.089],[-11.508,6.907],[-11.268,7.233],[-10.878,7.538],[-10.647,7.759],[-10.571,8.071],[-10.39,8.158],[-10.283,8.485]]],[[[-12.526,7.436],[-12.512,7.582],[-12.615,7.637],[-12.854,7.622],[-12.952,7.571],[-12.526,7.436]]]]},"properties":{"code":"SLE","name":"Sierra Leone"}},
{"type":"Feature","geometry":{"type":"Polygon","coordinates":[[[55.54,-4.693],[55.456,-4.559],[55.383,-4.609],[55.54,-4.693]]]},"properties":{"code":"SYC","name":"Seychelles"}},
{"type":"Feature","geometry":{"type":"Polygon","coordinates":[[[22.705,44.238],[22.531,44.378],[22.502,44.49],[22.721,44.606],[22.498,44.706],[22.351,44.676],[22.093,44.542],[21.909,44.666],[21.636,44.71],[21.36,44.827],[21.431,45.193],[21.226,45.241],[20.942,45.365],[20.774,45.484],[20.775,45.75],[20.359,45.975],[20.242,46.109],[20.161,46.142],[19.531,46.155],[19.393,46.05],[19.208,45.984],[19.087,46.016],[18.905,45.932],[18.839,45.836],[19.055,45.527],[19.005,45.4],[19.33,45.268],[19.388,45.173],[19.063,45.137],[19.1,44.974],[19.007,44.869],[19.237,44.914],[19.357,44.859],[19.292,44.697],[19.151,44.527],[19.152,44.303],[19.339,44.226],[19.584,44.043],[19.55,43.987],[19.305,43.993],[19.257,43.943],[19.488,43.704],[19.451,43.562],[19.254,43.584],[19.194,43.533],[19.219,43.45],[19.415,43.343],[19.552,43.212],[19.781,43.11],[19.944,43.082],[20.34,42.893],[20.344,42.828],[20.624,43.034],[20.623,43.199],[20.763,43.259],[20.844,43.173],[21.057,43.092],[21.237,42.913],[21.403,42.832],[21.391,42.751],[21.753,42.67],[21.563,42.248],[21.904,42.322],[22.052,42.305],[22.24,42.358],[22.344,42.314],[22.524,42.441],[22.436,42.629],[22.467,42.842],[22.706,42.884],[22.942,43.097],[22.977,43.188],[22.768,43.354],[22.555,43.454],[22.395,43.707],[22.365,43.862],[22.421,44.007],[22.597,44.075],[22.705,44.238]]]},"properties":{"code":"SRB","name":"Serbia"}},
{"type":"Feature","geometry":{"type":"Polygon","coordinates":[[[-12.281,14.809],[-12.544,15.039],[-12.66,15.082],[-12.858,15.243],[-12.863,15.34],[-12.994,15.505],[-13.079,15.51],[-13.258,15.7],[-13.41,16.059],[-13.556,16.144],[-13.868,16.148],[-13.975,16.311],[-14.3,16.58],[-14.534,16.656],[-15.113,16.645],[-15.211,16.583],[-15.38,16.582],[-15.621,16.507],[-15.959,16.492],[-16.168,16.547],[-16.302,16.451],[-16.441,16.205],[-16.535,15.838],[-16.571,15.734],[-16.843,15.294],[-17.147,14.922],[-17.412,14.792],[-17.168,14.641],[-16.974,14.403],[-16.798,14.093],[-16.745,13.84],[-16.588,13.69],[-16.562,13.587],[-16.309,13.597],[-15.51,13.586],[-15.427,13.727],[-15.108,13.812],[-14.936,13.785],[-14.766,13.669],[-14.571,13.616],[-14.405,13.504],[-13.977,13.543],[-13.853,13.479],[-13.848,13.335],[-14.247,13.236],[-14.439,13.269],[-15.151,13.556],[-15.286,13.396],[-15.814,13.325],[-15.834,13.156],[-16.649,13.154],[-16.763,13.064],[-16.744,12.585],[-16.598,12.715],[-16.553,12.605],[-16.76,12.526],[-16.712,12.355],[-16.416,12.368],[-16.144,12.457],[-15.84,12.438],[-15.575,12.49],[-15.196,12.68],[-13.729,12.674],[-13.083,12.634],[-13.061,12.49],[-12.931,12.532],[-12.797,12.452],[-12.291,12.328],[-12.042,12.398],[-11.808,12.387],[-11.574,12.426],[-11.389,12.404],[-11.449,12.532],[-11.39,12.942],[-11.549,13.17],[-11.635,13.37],[-11.895,13.444],[-12.054,13.633],[-11.961,13.875],[-12.02,13.975],[-12.019,14.206],[-12.228,14.459],[-12.187,14.648],[-12.281,14.809]]]},"properties":{"code":"SEN","name":"Senegal"}},
{"type":"Feature","geometry":{"type":"MultiPolygon","coordinates":[[[[41.988,16.716],[41.948,16.936],[41.776,16.847],[41.988,16.716]]],[[[51.978,18.996],[54.977,19.996],[55.641,22.002],[55.186,22.704],[55.104,22.621],[52.555,22.933],[51.593,24.079],[51.568,24.286],[51.31,24.34],[51.418,24.531],[51.268,24.607],[50.966,24.574],[50.804,24.789],[50.558,25.087],[50.455,25.425],[50.281,25.566],[50.13,25.847],[50.032,26.111],[50.155,26.101],[50.214,26.308],[50.185,26.405],[50.027,26.527],[49.986,26.829],[49.717,26.956],[49.538,27.152],[49.405,27.181],[49.175,27.438],[49.238,27.493],[48.906,27.629],[48.774,27.959],[48.626,28.133],[48.442,28.543],[47.671,28.533],[47.583,28.628],[47.433,28.99],[46.531,29.096],[46.356,29.064],[44.717,29.194],[44.691,29.202],[42.858,30.495],[42.074,31.08],[40.479,31.893],[40.369,31.939],[39.145,32.125],[38.962,31.995],[36.959,31.492],[37.479,31.008],[37.98,30.5],[37.634,30.313],[37.469,29.995],[36.755,29.866],[36.476,29.495],[36.068,29.201],[36.015,29.19],[34.951,29.354],[34.799,28.721],[34.78,28.507],[34.616,28.148],[35.078,28.087],[35.18,28.035],[35.424,27.734],[35.581,27.432],[35.763,27.259],[35.852,27.07],[36.032,26.881],[36.25,26.595],[36.519,26.105],[36.675,26.039],[36.763,25.751],[36.921,25.641],[37.149,25.291],[37.266,24.96],[37.181,24.82],[37.543,24.292],[37.713,24.274],[37.92,24.185],[38.289,23.911],[38.464,23.712],[38.706,23.306],[38.797,23.049],[38.941,22.882],[38.939,22.805],[39.062,22.592],[39.096,22.393],[39.034,22.203],[38.988,21.882],[39.147,21.519],[39.094,21.31],[39.276,20.974],[39.491,20.737],[39.614,20.518],[39.884,20.293],[40.081,20.266],[40.482,19.993],[40.616,19.822],[40.759,19.755],[41.116,19.082],[41.229,18.678],[41.432,18.452],[41.508,18.256],[41.75,17.886],[42.052,17.669],[42.294,17.435],[42.383,17.122],[42.544,16.96],[42.553,16.868],[42.699,16.737],[42.799,16.372],[43.165,16.689],[43.184,16.812],[43.117,16.942],[43.191,17.359],[43.418,17.516],[43.597,17.471],[43.713,17.366],[43.917,17.325],[44.156,17.399],[44.546,17.404],[44.747,17.432],[45.148,17.427],[45.407,17.32],[46.31,17.231],[46.682,17.269],[46.779,17.212],[46.976,16.953],[47.144,16.947],[47.442,17.112],[47.58,17.448],[48.172,18.157],[49.042,18.582],[49.192,18.621],[51.978,18.996]]]]},"properties":{"code":"SAU","name":"Saudi Arabia"}},
{"type":"Feature","geometry":{"type":"Polygon","coordinates":[[[6.66,0.121],[6.75,0.243],[6.687,0.404],[6.524,0.34],[6.468,0.227],[6.52,0.066],[6.66,0.121]]]},"properties":{"code":"STP","name":"São Tomé and Príncipe"}},
{"type":"Feature","geometry":{"type":"Polygon","coordinates":[[[12.485,43.901],[12.504,43.99],[12.397,43.935],[12.485,43.901]]]},"properties":{"code":"SMR","name":"San Marino"}},
{"type":"Feature","geometry":{"type":"MultiPolygon","coordinates":[[[[-172.333,-13.465],[-172.67,-13.524],[-172.744,-13.579],[-172.536,-13.792],[-172.225,-13.804],[-172.177,-13.685],[-172.333,-13.465]]],[[[-171.454,-14.046],[-171.604,-13.879],[-171.858,-13.807],[-172.028,-13.907],[-171.912,-14.002],[-171.728,-14.047],[-171.454,-14.046]]]]},"properties":{"code":"WSM","name":"Samoa"}},
{"type":"Feature","geometry":{"type":"Polygon","coordinates":[[[-61.175,13.158],[-61.124,13.294],[-61.182,13.356],[-61.277,13.21],[-61.175,13.158]]]},"properties":{"code":"VCT","name":"Saint Vincent and the Grenadines"}},
{"type":"Feature","geometry":{"type":"Polygon","coordinates":[[[-60.895,13.822],[-60.887,14.011],[-61.064,13.916],[-61.061,13.783],[-60.895,13.822]]]},"properties":{"code":"LCA","name":"Saint Lucia"}},
{"type":"Feature","geometry":{"type":"Polygon","coordinates":[[[-62.631,17.24],[-62.714,17.353],[-62.795,17.403],[-62.839,17.339],[-62.631,17.24]]]},"properties":{"code":"KNA","name":"Saint Kitts and Nevis"}},
{"type":"Feature","geometry":{"type":"Polygon","coordinates":[[[29.577,-1.388],[29.352,-1.518],[29.129,-1.86],[29.148,-2.132],[29.106,-2.233],[28.876,-2.4],[28.922,-2.682],[29.014,-2.72],[29.063,-2.603],[29.297,-2.673],[29.39,-2.809],[29.698,-2.795],[29.868,-2.716],[29.93,-2.34],[30.142,-2.414],[30.408,-2.313],[30.554,-2.4],[30.829,-2.338],[30.877,-2.143],[30.819,-1.967],[30.813,-1.563],[30.632,-1.367],[30.47,-1.131],[30.51,-1.067],[30.36,-1.075],[30.102,-1.369],[29.882,-1.452],[29.825,-1.336],[29.577,-1.388]]]},"properties":{"code":"RWA","name":"Rwanda"}},
{"type":"Feature","geometry":{"type":"MultiPolygon","coordinates":[[[[137.179,55.1],[136.996,55.093],[136.795,55.009],[137.055,54.927],[137.179,55.1]]],[[[120.261,73.09],[120.079,73.157],[119.762,73.155],[119.792,73.045],[120.008,73.045],[120.261,73.09]]],[[[106.27,78.206],[106.505,78.262],[106.457,78.34],[106.27,78.206]]],[[[76.756,73.446],[76.251,73.555],[76.234,73.476],[76.756,73.446]]],[[[86.653,74.981],[86.331,74.939],[86.391,74.851],[86.927,74.831],[87.001,74.992],[86.653,74.981]]],[[[-179.799,68.94],[-180,68.983],[-180,65.067],[-179.705,65.187],[-179.352,65.517],[-179.366,65.639],[-179.728,65.804],[-179.784,66.018],[-179.616,66.128],[-179.327,66.163],[-179.34,66.288],[-179.107,66.346],[-179.105,66.232],[-178.916,66.18],[-178.753,66.237],[-178.616,66.355],[-178.587,66.198],[-178.747,66.014],[-178.879,65.936],[-178.679,65.795],[-178.502,65.74],[-178.505,65.537],[-178.31,65.485],[-177.489,65.504],[-177.056,65.614],[-176.093,65.471],[-175.923,65.352],[-175.856,65.233],[-175.854,65.011],[-175.395,64.802],[-175.036,64.814],[-174.571,64.718],[-174.318,64.638],[-174.001,64.449],[-173.73,64.365],[-173.604,64.365],[-173.327,64.54],[-173.376,64.355],[-173.275,64.29],[-173.009,64.297],[-172.916,64.369],[-172.949,64.507],[-172.792,64.499],[-172.739,64.412],[-172.401,64.414],[-172.487,64.544],[-172.854,64.61],[-172.999,64.877],[-172.593,64.908],[-172.213,65.048],[-172.286,65.206],[-172.212,65.425],[-172.557,65.612],[-172.436,65.67],[-172.282,65.582],[-171.957,65.542],[-171.907,65.496],[-171.466,65.533],[-171.216,65.503],[-171.134,65.628],[-171.402,65.752],[-171.377,65.804],[-171.119,65.695],[-170.666,65.622],[-170.561,65.656],[-170.541,65.865],[-170.159,66.008],[-170.004,66.033],[-169.832,65.999],[-169.778,66.143],[-170.192,66.201],[-170.247,66.272],[-170.473,66.32],[-170.927,66.53],[-171.36,66.677],[-171.796,66.932],[-172.031,66.973],[-172.274,66.966],[-172.621,67.027],[-172.641,66.925],[-173.228,66.969],[-173.158,67.069],[-173.68,67.145],[-173.884,67.106],[-174.448,67.103],[-174.284,67.002],[-174.086,66.943],[-174.006,66.779],[-174.102,66.541],[-173.921,66.522],[-173.774,66.435],[-173.994,66.246],[-174.085,66.473],[-174.366,66.348],[-174.504,66.538],[-174.675,66.603],[-174.925,66.623],[-174.771,66.784],[-174.784,66.917],[-174.938,67.093],[-174.85,67.349],[-175.003,67.438],[-175.155,67.365],[-175.345,67.678],[-176.907,68.119],[-177.408,68.245],[-177.589,68.224],[-177.683,68.363],[-177.862,68.378],[-177.922,68.287],[-178.097,68.425],[-178.693,68.546],[-178.874,68.754],[-179.279,68.825],[-179.471,68.912],[-179.799,68.94]]],[[[130.687,42.303],[130.834,42.523],[130.756,42.673],[131.158,42.626],[131.393,42.822],[131.516,42.996],[131.722,43.203],[131.939,43.302],[131.867,43.095],[132.029,43.119],[132.233,43.245],[132.334,43.239],[132.304,42.883],[132.481,42.91],[132.709,42.876],[132.864,42.794],[132.997,42.808],[133.16,42.697],[133.587,42.828],[133.709,42.83],[134.01,42.947],[134.156,43.042],[134.692,43.291],[135.131,43.526],[135.26,43.685],[135.483,43.835],[135.533,43.971],[135.875,44.374],[136.142,44.489],[136.251,44.667],[136.46,44.822],[136.804,45.171],[137.147,45.394],[137.425,45.64],[137.685,45.818],[137.769,45.929],[138.106,46.251],[138.21,46.463],[138.337,46.543],[138.392,46.745],[138.587,47.057],[139.001,47.383],[139.167,47.635],[139.373,47.887],[139.998,48.324],[140.171,48.524],[140.224,48.773],[140.378,48.964],[140.309,49.054],[140.517,49.596],[140.463,49.911],[140.625,50.082],[140.535,50.131],[140.476,50.546],[140.521,50.8],[140.671,51.051],[140.688,51.232],[140.839,51.414],[140.933,51.62],[141.129,51.728],[141.367,51.921],[141.386,52.057],[141.485,52.179],[141.17,52.368],[141.245,52.55],[141.256,52.84],[141.087,52.898],[140.887,53.092],[141.181,53.015],[141.402,53.184],[141.374,53.293],[141.218,53.334],[141.006,53.495],[140.688,53.596],[140.347,53.813],[140.179,54.052],[139.707,54.277],[139.32,54.193],[139.105,54.218],[138.696,54.32],[138.722,54.044],[138.661,53.745],[138.451,53.537],[138.292,53.592],[138.569,53.819],[138.568,53.947],[138.379,53.909],[138.253,53.726],[137.95,53.604],[137.738,53.56],[137.328,53.539],[137.314,53.632],[137.517,53.707],[137.645,53.866],[137.786,53.903],[137.339,54.101],[137.513,54.156],[137.666,54.283],[137.378,54.282],[137.142,54.182],[137.258,54.025],[137.155,53.822],[136.886,53.839],[136.719,53.804],[136.683,53.931],[136.77,54.353],[136.82,54.452],[136.797,54.621],[136.238,54.614],[135.852,54.584],[135.258,54.731],[135.263,54.943],[135.541,55.114],[135.751,55.161],[136.175,55.352],[136.46,55.577],[136.794,55.694],[137.384,55.975],[137.573,56.112],[137.692,56.139],[138.074,56.433],[138.218,56.629],[138.662,56.966],[138.966,57.088],[139.182,57.262],[139.444,57.33],[139.619,57.456],[139.862,57.549],[140.002,57.688],[140.447,57.814],[140.685,58.212],[140.988,58.417],[141.347,58.528],[141.755,58.745],[142.025,59],[142.33,59.153],[142.58,59.24],[143.192,59.37],[143.524,59.344],[143.869,59.411],[144.483,59.376],[145.555,59.414],[145.756,59.374],[145.932,59.198],[146.05,59.171],[146.273,59.221],[146.444,59.43],[146.537,59.457],[146.804,59.373],[147.04,59.366],[147.514,59.269],[147.688,59.291],[147.875,59.388],[148.257,59.414],[148.491,59.262],[148.914,59.283],[148.925,59.475],[149.205,59.488],[149.065,59.631],[149.425,59.761],[149.643,59.77],[150.457,59.591],[150.729,59.469],[150.863,59.475],[150.983,59.571],[151.17,59.583],[151.486,59.524],[151.798,59.323],[152.104,59.291],[151.99,59.16],[151.505,59.164],[151.121,59.083],[151.327,58.875],[151.705,58.867],[152.088,58.91],[152.165,58.997],[152.401,59.026],[152.576,58.954],[152.882,58.939],[153.078,59.082],[153.273,59.091],[153.361,59.215],[153.695,59.225],[154.011,59.076],[154.247,59.109],[154.458,59.217],[154.704,59.141],[154.824,59.188],[155.16,59.19],[155.167,59.36],[154.971,59.45],[154.583,59.54],[154.358,59.481],[154.15,59.529],[154.269,59.658],[154.293,59.833],[154.441,59.884],[154.578,60.095],[154.971,60.377],[155.428,60.55],[155.853,60.777],[156.056,60.996],[156.344,61.155],[156.63,61.272],[156.68,61.481],[157.084,61.676],[157.469,61.799],[157.799,61.795],[158.07,61.754],[158.334,61.826],[158.547,61.811],[158.824,61.85],[159.077,61.922],[159.295,61.914],[159.552,61.719],[160.183,61.903],[160.317,61.793],[160.163,61.538],[159.883,61.292],[160.004,61.007],[160.184,61.048],[160.379,61.025],[160.226,60.832],[160.174,60.638],[160.482,60.74],[160.767,60.753],[161.037,60.963],[162.188,61.541],[162.393,61.662],[162.699,61.653],[162.856,61.705],[162.994,61.544],[163.258,61.699],[163.009,61.792],[163.018,61.891],[163.131,62.05],[163.163,62.26],[163.302,62.373],[163.332,62.551],[164.256,62.697],[164.567,62.675],[164.792,62.571],[165.044,62.517],[165.124,62.412],[164.598,62.471],[164.207,62.292],[164.074,62.045],[164.02,61.711],[163.883,61.64],[163.804,61.461],[163.973,61.42],[163.893,61.24],[163.62,61.111],[163.554,61.026],[163.71,60.917],[163.352,60.8],[162.973,60.783],[162.713,60.659],[162.266,60.537],[162.004,60.42],[161.754,60.152],[161.449,60.027],[161.219,59.846],[160.855,59.627],[160.547,59.547],[160.35,59.394],[159.847,59.127],[159.592,58.804],[159.037,58.424],[158.687,58.281],[158.21,58.025],[157.975,57.986],[157.666,58.02],[157.45,57.799],[157.217,57.777],[156.986,57.83],[156.792,57.748],[156.948,57.616],[156.977,57.466],[156.728,57.152],[156.529,57.021],[156.067,56.782],[155.983,56.695],[155.717,56.072],[155.555,55.348],[155.62,54.865],[155.706,54.521],[155.905,53.928],[156.099,53.006],[156.11,52.866],[156.229,52.626],[156.365,52.509],[156.377,52.367],[156.49,51.913],[156.5,51.475],[156.543,51.312],[156.671,51.227],[156.748,50.969],[157.202,51.213],[157.49,51.409],[157.531,51.48],[157.823,51.605],[158.104,51.81],[158.332,52.091],[158.463,52.305],[158.481,52.627],[158.609,52.874],[158.432,52.957],[158.565,53.05],[158.745,52.909],[158.952,53.048],[159.586,53.238],[159.772,53.23],[159.947,53.125],[160.002,53.275],[159.898,53.381],[159.956,53.552],[159.844,53.784],[159.922,54.008],[160.074,54.189],[160.517,54.431],[160.773,54.541],[161.13,54.598],[161.294,54.521],[161.726,54.533],[162.106,54.752],[162.08,54.886],[161.824,55.139],[161.729,55.358],[161.776,55.655],[162.085,56.09],[162.528,56.261],[162.489,56.399],[162.671,56.49],[162.878,56.476],[162.893,56.399],[162.713,56.331],[162.628,56.232],[162.84,56.066],[163.047,56.045],[163.336,56.233],[163.243,56.565],[163.257,56.688],[163.046,56.741],[162.922,56.723],[162.803,56.811],[162.815,57.023],[162.762,57.244],[162.779,57.358],[163.109,57.565],[163.214,57.687],[163.145,57.837],[162.718,57.946],[162.522,57.904],[162.467,57.766],[162.197,57.829],[162.04,57.918],[161.96,58.077],[162.142,58.447],[162.453,58.709],[163.004,59.02],[163.273,59.303],[163.269,59.52],[163.321,59.705],[163.41,59.835],[163.78,60.041],[164.135,59.984],[164.377,60.058],[164.525,60.061],[164.67,59.997],[164.854,59.841],[165.019,59.861],[165.085,60.099],[165.285,60.135],[165.942,60.357],[166.18,60.48],[166.308,60.414],[166.136,59.979],[166.187,59.849],[166.332,59.872],[166.964,60.307],[167.227,60.406],[167.626,60.469],[168.138,60.574],[168.463,60.592],[168.67,60.563],[169.227,60.596],[169.618,60.438],[169.887,60.218],[169.983,60.067],[170.154,59.986],[170.351,59.966],[170.423,60.048],[170.608,60.435],[170.949,60.523],[171.49,60.726],[171.729,60.843],[172.067,60.916],[172.393,61.062],[172.396,61.167],[172.585,61.19],[172.731,61.314],[172.868,61.293],[172.857,61.469],[173.132,61.407],[173.623,61.716],[173.822,61.679],[174.139,61.795],[174.514,61.824],[174.715,61.948],[174.798,61.939],[175.192,62.034],[175.268,62.102],[176.328,62.346],[177.008,62.627],[177.024,62.777],[177.339,62.781],[177.293,62.599],[178.019,62.547],[179.121,62.32],[179.177,62.469],[179.571,62.688],[179.511,62.863],[179.381,62.884],[179.26,63.008],[179.405,63.078],[179.332,63.19],[179.028,63.282],[178.793,63.54],[178.65,63.965],[178.451,64.011],[178.477,64.128],[178.381,64.261],[178.229,64.364],[178.131,64.235],[177.953,64.222],[177.688,64.305],[177.433,64.444],[177.41,64.573],[177.467,64.737],[177.388,64.774],[177.05,64.719],[176.731,64.625],[176.351,64.705],[176.247,64.843],[176.831,64.849],[177.069,64.787],[177.223,64.862],[177.179,65.014],[177.582,64.778],[177.749,64.717],[178.285,64.672],[178.52,64.603],[178.698,64.631],[179.15,64.782],[179.448,64.822],[179.827,65.034],[180,65.067],[180,68.983],[179.868,69.013],[179.273,69.26],[178.951,69.296],[178.848,69.387],[178.443,69.453],[177.934,69.496],[177.395,69.612],[176.924,69.646],[176.41,69.769],[176.108,69.86],[175.751,69.904],[175.296,69.86],[174.786,69.856],[174.319,69.882],[173.948,69.874],[173.439,69.947],[173.277,69.824],[172.869,69.92],[172.56,69.968],[171.971,70],[171.247,70.076],[170.487,70.108],[170.503,69.857],[170.161,69.627],[170.582,69.583],[170.714,69.388],[170.997,69.135],[170.995,69.045],[170.538,68.825],[169.61,68.786],[169.415,68.92],[169.311,69.08],[168.946,69.163],[168.303,69.271],[168.15,69.577],[167.95,69.699],[167.628,69.74],[166.884,69.5],[165.98,69.546],[165.761,69.584],[164.513,69.609],[164.16,69.719],[163.946,69.735],[163.498,69.693],[163.201,69.715],[162.945,69.683],[162.376,69.649],[161.945,69.545],[161.537,69.38],[161.48,69.202],[161.566,69.064],[161.566,68.905],[161.365,68.823],[161.31,68.982],[161.036,69.098],[160.911,69.606],[160.739,69.655],[160.119,69.73],[159.833,69.785],[159.729,69.87],[159.839,69.99],[159.831,70.081],[159.983,70.221],[160.006,70.31],[159.912,70.506],[159.728,70.65],[159.351,70.791],[158.702,70.935],[158.037,71.039],[157.447,71.075],[156.685,71.094],[155.895,71.096],[155.596,71.039],[155.029,71.034],[154.414,70.974],[153.794,70.88],[153.461,70.879],[152.798,70.836],[152.509,70.834],[151.762,70.982],[152.093,71.023],[151.76,71.218],[151.582,71.287],[151.145,71.374],[150.968,71.38],[150.243,71.267],[150.668,71.455],[150.6,71.52],[150.061,71.511],[149.857,71.601],[149.498,71.664],[148.968,71.69],[149.049,71.796],[149.28,71.826],[149.881,71.843],[149.963,71.992],[149.766,72.091],[149.502,72.164],[148.965,72.252],[148.402,72.312],[147.434,72.341],[147.127,72.292],[146.895,72.198],[146.368,71.922],[146.073,71.808],[145.805,71.746],[145.189,71.696],[144.99,71.753],[145.126,71.927],[145.407,71.89],[145.757,71.941],[145.664,72.067],[145.799,72.222],[146.051,72.142],[146.23,72.138],[146.113,71.945],[146.402,72.035],[146.807,72.237],[146.594,72.302],[145.039,72.26],[144.471,72.175],[144.588,72.306],[144.776,72.382],[145.213,72.393],[145.467,72.362],[146.235,72.35],[146.253,72.442],[145.714,72.497],[145.486,72.542],[144.569,72.61],[144.304,72.643],[143.681,72.673],[143.516,72.698],[142.061,72.721],[141.518,72.789],[141.31,72.858],[140.708,72.89],[140.973,72.717],[140.983,72.63],[140.705,72.519],[140.451,72.493],[139.601,72.496],[139.141,72.33],[139.176,72.163],[139.43,72.163],[139.617,72.226],[139.847,72.149],[139.552,71.927],[139.723,71.885],[139.695,71.7],[139.939,71.558],[139.632,71.489],[139.209,71.445],[139.005,71.556],[138.67,71.635],[138.525,71.563],[138.318,71.603],[138.118,71.566],[137.918,71.384],[138.013,71.261],[137.651,71.208],[137.315,71.359],[136.406,71.571],[135.885,71.631],[135.559,71.61],[135.359,71.544],[135.022,71.515],[134.703,71.387],[134.103,71.379],[133.426,71.491],[133.131,71.607],[132.769,71.799],[132.654,71.926],[132.562,71.895],[132.228,71.643],[131.906,71.203],[131.562,70.901],[131.157,70.742],[130.898,70.804],[130.832,70.936],[130.668,70.888],[130.281,70.947],[130.026,71.065],[129.762,71.12],[129.134,71.593],[128.923,71.602],[128.949,71.708],[129.234,71.745],[129.461,71.739],[129.21,71.917],[129.04,71.782],[128.911,71.755],[128.359,72.088],[128.027,72.25],[127.841,72.308],[127.803,72.434],[128.197,72.31],[128.475,72.246],[128.935,72.079],[129.283,72.092],[129.411,72.166],[129.412,72.315],[129.281,72.438],[129.117,72.486],[128.633,72.55],[129.25,72.705],[129.229,72.776],[129.017,72.872],[128.735,72.943],[129.054,73.045],[128.889,73.19],[128.587,73.262],[128.258,73.267],[128.281,73.331],[127.74,73.482],[127.031,73.547],[126.838,73.434],[126.553,73.335],[126.257,73.42],[126.254,73.548],[125.599,73.447],[125.617,73.521],[124.796,73.712],[124.388,73.755],[124.019,73.712],[123.797,73.627],[123.491,73.666],[123.305,73.533],[123.384,73.347],[123.622,73.193],[123.462,73.144],[123.301,73.002],[123.16,72.955],[122.615,73.028],[122.538,72.878],[122.03,72.897],[121.886,72.961],[121.354,72.971],[120.997,72.937],[120.598,72.981],[119.75,72.979],[119.425,73.064],[118.96,73.117],[118.43,73.247],[118.377,73.367],[118.457,73.464],[118.754,73.465],[118.871,73.538],[118.45,73.59],[117.309,73.599],[116.496,73.676],[115.338,73.703],[114.816,73.607],[114.061,73.585],[113.857,73.533],[113.51,73.505],[113.539,73.434],[113.765,73.318],[113.559,73.233],[113.491,73.346],[113.157,73.46],[113.416,73.648],[113.182,73.837],[113.033,73.914],[112.795,73.746],[112.147,73.709],[111.804,73.745],[111.4,73.828],[111.131,74.053],[111.056,73.939],[110.261,74.017],[109.869,73.931],[109.666,73.8],[109.753,73.723],[110.091,73.709],[110.388,73.726],[110.722,73.78],[110.773,73.689],[110.429,73.629],[109.855,73.472],[109.637,73.454],[109.331,73.487],[109.09,73.378],[108.351,73.31],[108.285,73.266],[108.001,73.236],[107.75,73.173],[107.109,73.177],[106.478,73.139],[106.209,73.061],[106.067,72.95],[105.708,72.837],[105.403,72.79],[105.393,72.841],[105.677,72.959],[106.189,73.308],[106.679,73.331],[107.167,73.589],[107.271,73.621],[107.765,73.625],[108.2,73.694],[109.075,74.032],[109.511,74.089],[109.81,74.169],[109.84,74.322],[110.226,74.379],[110.374,74.466],[110.893,74.548],[111.299,74.658],[111.868,74.74],[112.192,74.853],[112.925,75.015],[113.614,75.293],[113.726,75.451],[113.356,75.534],[113.162,75.621],[112.956,75.572],[112.629,75.835],[113.126,75.699],[113.392,75.678],[113.62,75.593],[113.871,75.856],[113.857,75.921],[113.564,75.892],[113.428,76.112],[113.273,76.252],[113.047,76.114],[112.819,76.059],[112.684,76.219],[112.62,76.384],[112.094,76.48],[111.786,76.604],[111.115,76.723],[110.471,76.758],[109.981,76.712],[109.369,76.749],[108.638,76.72],[108.182,76.738],[108.028,76.718],[107.902,76.57],[107.624,76.51],[107.158,76.524],[106.825,76.48],[106.639,76.573],[106.941,76.73],[107.43,76.927],[107.279,76.991],[106.942,77.034],[106.705,77.014],[106.339,77.048],[105.712,77.001],[105.646,77.101],[105.32,77.092],[104.324,77.133],[104.912,77.175],[105.385,77.238],[105.734,77.352],[106.06,77.391],[105.895,77.489],[105.71,77.525],[105.309,77.549],[104.965,77.595],[104.814,77.652],[104.185,77.73],[104.015,77.73],[103.561,77.632],[103.131,77.626],[102.61,77.509],[101.518,77.198],[101.186,77.029],[100.99,76.99],[100.92,76.823],[101.099,76.704],[100.928,76.557],[101.684,76.485],[101.598,76.439],[101.311,76.479],[101.061,76.477],[100.844,76.525],[100.322,76.479],[99.936,76.49],[99.576,76.471],[98.869,76.51],[99.825,76.136],[99.77,76.029],[99.563,76.109],[99.187,76.178],[98.662,76.243],[98.02,76.134],[97.918,76.089],[97.67,76.078],[97.499,75.98],[97.351,76.033],[96.879,75.931],[96.497,75.891],[96.509,76.006],[95.935,75.926],[96.075,76.082],[95.92,76.113],[95.359,76.14],[95.038,76.114],[94.576,76.152],[94.507,76.108],[94.102,76.124],[93.648,76.054],[93.259,76.099],[93.105,76.026],[92.972,76.075],[92.89,75.91],[93.178,75.959],[93.55,75.854],[92.603,75.779],[92.408,75.75],[91.845,75.724],[91.479,75.65],[91.005,75.65],[90.185,75.591],[89.595,75.458],[89.31,75.47],[88.733,75.369],[88.504,75.29],[87.671,75.13],[87.171,75.192],[87.141,75.072],[87.468,75.013],[87.419,74.941],[86.863,74.718],[86.651,74.682],[86.201,74.816],[86.059,74.728],[85.881,74.74],[85.791,74.645],[86.116,74.629],[86.7,74.522],[87.23,74.364],[86.898,74.325],[86.665,74.414],[86.396,74.45],[86.183,74.423],[86.178,74.279],[86.571,74.244],[86.697,74.195],[87.21,73.879],[87.503,73.832],[87.12,73.615],[86.376,73.569],[86.366,73.62],[87.029,73.824],[86.893,73.887],[86.591,73.894],[85.611,73.822],[85.448,73.735],[85.077,73.72],[84.738,73.763],[84.417,73.722],[83.667,73.686],[83.545,73.667],[81.817,73.659],[80.583,73.568],[80.596,73.474],[80.398,73.357],[80.51,73.086],[80.757,73.025],[80.842,72.949],[80.675,72.759],[80.827,72.488],[81.098,72.39],[81.283,72.359],[81.793,72.327],[82.184,72.238],[82.319,72.072],[82.645,71.925],[83.2,71.875],[83.34,71.828],[83.534,71.684],[83.571,71.594],[83.266,71.276],[83.151,71.104],[83.334,70.989],[83.579,70.766],[83.736,70.546],[83.66,70.418],[83.497,70.345],[83.074,70.277],[83.081,70.093],[82.857,70.105],[82.682,70.218],[82.92,70.407],[83.03,70.581],[83.051,70.815],[82.869,70.955],[82.592,70.89],[82.452,70.69],[82.258,70.544],[82.163,70.598],[82.336,70.807],[82.239,70.998],[82.323,71.26],[82.918,71.42],[83.234,71.668],[82.986,71.749],[82.547,71.759],[82.08,71.707],[81.662,71.716],[81.511,71.746],[80.856,71.97],[80.763,72.089],[80.474,72.153],[79.954,72.223],[79.422,72.381],[78.483,72.395],[77.968,72.329],[77.733,72.229],[77.472,72.192],[77.493,72.072],[77.781,72.114],[78.141,72.045],[78.187,71.907],[77.778,71.836],[77.551,71.842],[77.061,72.004],[76.871,72.033],[76.422,72.006],[76.032,71.91],[76.312,71.595],[76.871,71.447],[77.114,71.409],[77.481,71.312],[77.908,71.324],[78.213,71.266],[78.387,71.087],[78.588,70.994],[78.526,70.912],[78.068,70.986],[77.59,71.168],[76.995,71.181],[76.929,71.128],[76.742,71.202],[76.11,71.219],[75.734,71.266],[75.332,71.342],[75.28,71.43],[75.469,71.534],[75.503,71.655],[75.247,71.813],[75.274,71.959],[75.395,71.983],[75.55,72.171],[75.741,72.296],[75.591,72.457],[75.604,72.581],[75.369,72.797],[75.152,72.853],[74.787,72.812],[75.008,72.619],[75.097,72.421],[75.09,72.263],[74.992,72.145],[74.804,72.077],[74.311,71.958],[73.939,71.915],[73.672,71.845],[73.086,71.445],[73.577,71.217],[73.732,71.069],[74.311,70.654],[74.343,70.579],[74.207,70.445],[73.83,70.176],[73.578,69.803],[73.56,69.707],[73.833,69.504],[73.891,69.418],[73.776,69.198],[73.977,69.115],[74.363,69.145],[74.815,69.091],[75.054,69.116],[75.42,69.239],[76.001,69.235],[76.645,69.117],[77.328,68.959],[77.651,68.903],[77.785,68.63],[77.907,68.482],[77.995,68.259],[77.665,68.19],[77.536,68.008],[77.588,67.752],[78.559,67.639],[78.839,67.631],[78.922,67.589],[77.986,67.559],[77.675,67.59],[77.174,67.779],[77.248,67.941],[77.261,68.316],[77.238,68.47],[77.112,68.596],[76.735,68.777],[76.459,68.978],[76.108,68.976],[75.59,68.901],[75.125,68.862],[74.58,68.751],[74.481,68.659],[74.391,68.421],[74.632,68.218],[74.743,68.074],[74.77,67.766],[74.676,67.695],[74.075,67.414],[73.986,67.328],[73.883,67.085],[73.792,66.995],[73.514,66.861],[72.417,66.561],[72.322,66.332],[72.068,66.253],[71.917,66.247],[71.566,66.334],[71.146,66.367],[70.339,66.342],[69.982,66.401],[69.701,66.485],[69.412,66.511],[69.194,66.579],[69.079,66.816],[69.74,66.815],[69.877,66.845],[70.283,66.686],[70.383,66.602],[70.725,66.519],[70.939,66.548],[71.342,66.687],[71.54,66.683],[71.551,66.76],[71.365,66.962],[71.668,66.94],[71.847,67.008],[72.594,67.587],[72.949,67.696],[73.152,67.865],[73.139,68.181],[73.465,68.431],[73.548,68.575],[73.191,68.707],[72.812,68.815],[72.577,68.969],[72.527,69.081],[72.557,69.378],[72.616,69.484],[72.599,69.793],[72.53,70.173],[72.469,70.275],[72.7,70.457],[72.732,70.823],[72.704,70.963],[72.581,71.151],[72.079,71.307],[71.867,71.457],[71.912,71.548],[72.13,71.609],[72.279,71.696],[72.624,72.079],[72.753,72.343],[72.812,72.691],[72.446,72.79],[72.101,72.829],[71.93,72.82],[71.5,72.914],[70.655,72.89],[69.645,72.898],[69.612,72.982],[69.391,72.956],[69.039,72.67],[68.83,72.392],[68.607,72.013],[68.269,71.683],[67.959,71.548],[67.542,71.412],[66.918,71.282],[66.693,71.042],[66.702,70.819],[66.822,70.797],[67.143,70.838],[67.285,70.739],[67.247,70.5],[67.146,70.22],[67.239,70.108],[67.069,70.006],[66.926,70.014],[66.832,69.842],[66.804,69.659],[66.897,69.554],[67.064,69.694],[67.624,69.584],[68.006,69.48],[68.117,69.236],[68.543,68.967],[68.763,68.917],[69.141,68.951],[68.829,68.567],[68.504,68.348],[68.371,68.314],[68.157,68.404],[67.731,68.514],[67.64,68.579],[67.149,68.754],[67.002,68.874],[66.416,68.948],[66.085,69.036],[65.813,69.077],[65.736,69.132],[65.032,69.27],[64.592,69.436],[64.19,69.535],[63.361,69.675],[62.631,69.743],[61.771,69.763],[61.016,69.851],[60.813,69.821],[60.559,69.692],[60.276,69.653],[60.171,69.591],[60.337,69.457],[60.665,69.11],[60.859,69.146],[60.934,68.987],[60.638,68.787],[60.489,68.729],[60.16,68.7],[59.896,68.706],[59.897,68.422],[59.604,68.351],[59.099,68.444],[59.112,68.616],[59.371,68.738],[59.11,68.896],[59.057,69.006],[58.919,69.004],[58.173,68.89],[57.444,68.642],[57.127,68.554],[56.62,68.619],[56.044,68.649],[55.675,68.576],[55.418,68.568],[54.923,68.374],[54.861,68.202],[54.718,68.184],[54.561,68.273],[54.099,68.259],[53.968,68.227],[53.261,68.267],[53.343,68.343],[53.69,68.403],[53.829,68.383],[53.918,68.537],[53.759,68.634],[53.92,68.871],[53.802,68.996],[53.413,68.913],[52.684,68.731],[52.55,68.592],[52.67,68.427],[52.322,68.34],[52.285,68.459],[51.995,68.539],[51.617,68.476],[51.336,68.402],[50.839,68.35],[50.233,68.175],[49.931,68.065],[49.155,67.87],[48.954,67.854],[48.833,67.681],[48.654,67.695],[47.875,67.584],[47.908,67.455],[47.768,67.276],[47.709,67.045],[47.496,66.93],[46.691,66.826],[46.449,66.819],[45.986,66.853],[45.753,66.989],[45.562,67.186],[44.939,67.351],[44.939,67.477],[45.529,67.758],[46.174,67.818],[46.69,67.849],[46.684,67.97],[46.158,68.291],[45.892,68.48],[45.519,68.547],[45.078,68.578],[44.175,68.542],[44.048,68.549],[43.472,68.68],[43.404,68.609],[44.169,68.327],[44.225,67.996],[44.036,67.671],[43.856,67.439],[43.782,67.254],[43.855,67.189],[44.074,67.167],[44.292,67.1],[44.404,67.004],[44.489,66.672],[44.221,66.407],[44.097,66.235],[44.104,66.009],[43.844,66.142],[43.624,66.147],[43.551,66.321],[43.233,66.416],[42.602,66.423],[42.211,66.52],[42.084,66.466],[41.781,66.259],[41.476,66.123],[41.076,66.021],[40.692,65.963],[40.328,65.752],[39.817,65.598],[39.749,65.448],[39.798,65.35],[40.375,64.896],[40.408,64.755],[40.058,64.771],[39.849,64.691],[39.758,64.577],[39.567,64.571],[39.054,64.714],[38.541,64.791],[38.412,64.857],[38.009,64.879],[37.528,65.108],[37.141,65.194],[36.883,65.172],[36.786,64.987],[36.535,64.939],[36.528,64.847],[37.184,64.408],[37.43,64.374],[37.741,64.397],[37.954,64.32],[38.071,64.026],[37.968,63.949],[37.635,63.893],[37.442,63.813],[36.975,63.91],[36.365,64.003],[36.146,64.189],[35.647,64.378],[35.432,64.347],[35.035,64.44],[34.87,64.56],[34.804,64.986],[34.671,65.168],[34.406,65.396],[34.616,65.51],[34.777,65.768],[34.692,65.952],[34.4,66.128],[34.113,66.225],[33.567,66.321],[33.656,66.443],[33.217,66.532],[33.181,66.68],[32.929,66.704],[32.464,66.916],[32.501,67.004],[32.4,67.153],[32.93,67.087],[32.848,67.022],[33.15,66.844],[33.482,66.765],[33.595,66.785],[33.894,66.707],[34.146,66.703],[34.452,66.651],[34.483,66.55],[34.825,66.611],[35.364,66.429],[35.513,66.396],[36.373,66.302],[36.77,66.294],[37.295,66.225],[37.628,66.13],[38.398,66.064],[38.654,66.069],[39.289,66.132],[40.103,66.3],[40.522,66.447],[41.189,66.826],[41.276,66.914],[41.359,67.21],[41.134,67.267],[40.966,67.713],[40.381,67.832],[39.896,68.115],[39.823,68.059],[39.569,68.072],[38.832,68.325],[38.43,68.356],[38.358,68.415],[37.731,68.692],[36.618,69.003],[35.858,69.192],[35.29,69.275],[35.176,69.231],[34.864,69.228],[34.229,69.313],[33.684,69.31],[33.436,69.13],[33.328,69.152],[33.464,69.378],[33.385,69.444],[32.979,69.367],[32.884,69.461],[32.637,69.489],[32.378,69.479],[32.177,69.674],[32.754,69.606],[32.995,69.626],[32.942,69.752],[32.565,69.806],[32.392,69.869],[31.985,69.954],[31.998,69.81],[31.789,69.816],[31.666,69.721],[31.453,69.69],[30.87,69.783],[30.924,69.652],[30.861,69.538],[30.615,69.533],[30.228,69.634],[30.132,69.464],[29.994,69.392],[29.388,69.298],[29.21,69.097],[28.966,69.022],[28.566,68.928],[28.752,68.771],[28.479,68.538],[28.471,68.488],[28.685,68.19],[29.344,68.062],[29.822,67.754],[29.979,67.689],[29.941,67.547],[29.572,67.324],[29.087,66.971],[29.093,66.849],[29.464,66.532],[29.671,66.276],[29.903,66.091],[30.088,65.787],[30.095,65.682],[29.724,65.634],[29.715,65.337],[29.811,65.108],[29.622,65.04],[29.604,64.968],[29.783,64.804],[30.073,64.765],[30.12,64.645],[29.986,64.558],[30.108,64.366],[30.488,64.237],[30.504,64.021],[30.055,63.689],[30.419,63.504],[30.975,63.301],[31.181,63.208],[31.509,62.955],[31.534,62.885],[31.286,62.568],[30.936,62.324],[30.566,62.128],[29.69,61.546],[29.252,61.288],[28.407,60.897],[27.798,60.536],[28.179,60.571],[28.513,60.677],[28.651,60.611],[28.643,60.375],[28.813,60.332],[29.069,60.191],[29.37,60.176],[29.721,60.195],[29.977,60.026],[30.173,59.957],[30.123,59.874],[29.67,59.956],[29.147,60],[28.947,59.829],[28.748,59.807],[28.518,59.85],[28.335,59.693],[28.131,59.787],[28.014,59.725],[28.064,59.554],[28.013,59.484],[28.128,59.358],[27.898,59.278],[27.758,59.052],[27.464,58.841],[27.427,58.733],[27.531,58.435],[27.488,58.27],[27.753,57.841],[27.542,57.799],[27.4,57.667],[27.352,57.528],[27.797,57.317],[27.815,57.167],[27.717,57.055],[27.639,56.846],[27.806,56.867],[28.008,56.6],[28.103,56.546],[28.202,56.26],[28.148,56.143],[28.284,56.056],[28.564,56.092],[28.795,55.943],[29.087,56.021],[29.375,55.939],[29.353,55.784],[29.482,55.685],[29.937,55.845],[30.234,55.845],[30.456,55.787],[30.626,55.666],[30.907,55.57],[30.901,55.397],[30.814,55.279],[30.978,55.05],[30.83,54.915],[30.799,54.783],[31.121,54.648],[31.075,54.492],[31.185,54.453],[31.404,54.196],[31.792,54.056],[31.838,54.001],[31.754,53.81],[32.2,53.781],[32.45,53.693],[32.47,53.547],[32.686,53.448],[32.704,53.336],[32.469,53.27],[32.426,53.211],[32.142,53.091],[31.85,53.106],[31.668,53.201],[31.418,53.196],[31.259,53.017],[31.535,52.798],[31.526,52.633],[31.586,52.532],[31.577,52.312],[31.763,52.101],[31.974,52.047],[32.283,52.114],[32.363,52.272],[32.508,52.309],[32.9,52.256],[33.148,52.34],[33.735,52.345],[33.922,52.251],[34.113,51.98],[34.398,51.78],[34.379,51.717],[34.121,51.679],[34.281,51.312],[34.712,51.172],[35.064,51.203],[35.158,51.061],[35.312,51.044],[35.44,50.728],[35.412,50.54],[35.591,50.369],[35.674,50.346],[35.89,50.437],[36.116,50.409],[36.306,50.28],[36.5,50.28],[36.619,50.209],[36.759,50.292],[37.423,50.411],[37.582,50.292],[37.704,50.109],[38.047,49.92],[38.259,50.052],[38.451,49.964],[38.648,49.953],[38.918,49.825],[39.175,49.856],[39.303,49.742],[39.463,49.728],[39.781,49.572],[40.031,49.597],[40.128,49.307],[40.07,49.2],[39.89,49.064],[39.687,49.008],[39.793,48.808],[39.645,48.591],[39.836,48.543],[39.883,48.419],[39.885,48.168],[39.736,47.845],[39.391,47.834],[38.9,47.855],[38.719,47.714],[38.287,47.559],[38.281,47.277],[38.214,47.091],[38.577,47.239],[38.668,47.144],[38.928,47.176],[39.024,47.272],[39.196,47.269],[39.293,47.106],[38.801,46.906],[38.439,46.813],[38.501,46.664],[38.23,46.701],[37.968,46.618],[37.767,46.636],[37.914,46.406],[38.078,46.394],[38.492,46.091],[38.184,46.095],[38.133,46.003],[37.933,46.002],[37.841,45.8],[37.612,45.565],[37.647,45.377],[37.104,45.303],[36.866,45.427],[36.72,45.372],[36.873,45.252],[36.651,45.126],[36.944,45.07],[37.205,44.972],[37.411,44.735],[37.572,44.671],[37.851,44.699],[38.181,44.42],[38.717,44.288],[39.329,43.897],[39.517,43.728],[39.978,43.42],[40.15,43.57],[40.519,43.512],[40.648,43.534],[41.083,43.374],[41.358,43.333],[41.581,43.219],[42.05,43.19],[42.419,43.224],[42.566,43.155],[42.761,43.17],[42.992,43.092],[43.089,42.989],[43.558,42.844],[43.783,42.747],[43.76,42.594],[43.957,42.567],[44.506,42.749],[44.644,42.735],[44.771,42.617],[44.871,42.756],[45.208,42.648],[45.344,42.53],[45.563,42.536],[45.728,42.475],[45.639,42.205],[45.954,42.035],[46.213,41.99],[46.43,41.891],[46.571,41.8],[46.749,41.813],[47.01,41.588],[47.205,41.456],[47.261,41.315],[47.521,41.229],[47.861,41.213],[48.056,41.459],[48.391,41.602],[48.573,41.844],[48.384,41.953],[48.229,42.181],[47.822,42.613],[47.728,42.681],[47.709,42.811],[47.463,43.035],[47.513,43.219],[47.509,43.51],[47.628,43.806],[47.429,43.78],[47.362,43.993],[47.23,44.192],[47.024,44.343],[46.753,44.421],[46.707,44.503],[46.755,44.657],[47.115,44.906],[47.221,45.024],[47.489,45.455],[47.524,45.602],[47.701,45.686],[47.83,45.663],[48.159,45.737],[48.487,45.935],[48.69,45.889],[48.684,46.086],[49.08,46.189],[49.232,46.337],[48.61,46.566],[48.509,46.65],[48.605,46.766],[48.884,46.705],[48.959,46.775],[48.553,47.321],[48.11,47.745],[47.482,47.804],[47.292,47.741],[47.093,47.948],[47.119,48.127],[47.004,48.284],[46.661,48.412],[46.609,48.574],[46.703,48.806],[47.014,49.098],[47.018,49.2],[46.802,49.367],[46.89,49.697],[46.992,49.853],[47.295,50.058],[47.326,50.274],[47.504,50.403],[47.706,50.378],[47.85,50.282],[48.225,49.932],[48.434,49.829],[48.759,49.928],[48.843,50.013],[48.7,50.354],[48.655,50.62],[48.808,50.601],[49.323,50.852],[49.498,51.084],[49.822,51.132],[49.932,51.197],[50.247,51.29],[50.756,51.675],[50.794,51.729],[51.163,51.647],[51.345,51.475],[51.609,51.484],[52.007,51.673],[52.219,51.709],[52.331,51.681],[52.571,51.482],[52.821,51.495],[53.038,51.464],[53.338,51.482],[53.535,51.4],[53.688,51.252],[54.042,51.115],[54.298,50.914],[54.421,50.78],[54.471,50.584],[54.596,50.551],[54.65,50.66],[54.606,50.88],[54.642,51.012],[55.015,50.87],[55.195,50.745],[55.542,50.602],[55.798,50.602],[56.05,50.714],[56.144,50.845],[56.491,51.02],[56.62,50.981],[57.012,51.065],[57.179,51.036],[57.442,50.889],[57.654,50.925],[57.839,51.092],[58.359,51.064],[58.547,50.971],[58.884,50.694],[59.452,50.62],[59.523,50.493],[59.812,50.582],[59.955,50.799],[60.112,50.834],[60.288,50.704],[60.638,50.664],[60.942,50.696],[61.227,50.775],[61.389,50.861],[61.512,51.137],[61.555,51.325],[61.363,51.442],[61.015,51.492],[60.974,51.537],[60.465,51.651],[60.388,51.773],[60.067,51.891],[60.066,51.976],[60.425,52.126],[60.67,52.151],[60.938,52.281],[60.979,52.395],[60.821,52.57],[60.802,52.745],[61.047,52.972],[61.401,52.996],[61.974,52.944],[62.015,53.108],[61.66,53.228],[61.199,53.287],[61.229,53.446],[61.401,53.456],[61.41,53.587],[61.248,53.551],[60.979,53.622],[61.113,53.753],[61.144,53.964],[61.334,54.049],[61.929,53.946],[62.04,54.003],[62.499,54.013],[62.633,54.069],[63.074,54.105],[63.191,54.171],[63.414,54.183],[63.721,54.245],[64.004,54.267],[64.199,54.347],[64.461,54.384],[64.65,54.352],[64.927,54.397],[65.158,54.364],[65.237,54.516],[65.477,54.623],[65.708,54.619],[66.223,54.667],[67.098,54.788],[67.257,54.829],[67.693,54.872],[67.83,54.944],[68.209,55.003],[68.206,55.161],[68.525,55.205],[68.713,55.308],[68.977,55.39],[69.493,55.357],[69.74,55.307],[69.982,55.199],[70.182,55.162],[70.486,55.282],[70.738,55.305],[70.91,55.128],[71.186,54.599],[71.093,54.212],[71.336,54.158],[72.004,54.206],[72.105,54.308],[72.269,54.272],[72.387,54.123],[72.404,53.964],[72.586,53.996],[72.622,54.134],[72.914,54.107],[73.119,53.981],[73.381,53.963],[73.618,54.067],[73.679,53.929],[73.399,53.811],[73.286,53.598],[73.372,53.454],[73.643,53.576],[73.859,53.62],[74.21,53.576],[74.352,53.488],[74.452,53.647],[74.834,53.826],[75.052,53.827],[75.377,53.97],[75.437,54.09],[75.657,54.106],[76.267,54.312],[76.496,54.336],[76.759,54.437],[76.789,54.322],[76.655,54.145],[76.422,54.114],[76.576,53.943],[77.704,53.379],[77.86,53.269],[78.475,52.638],[79.469,51.493],[79.986,50.775],[80.22,50.912],[80.424,50.946],[80.448,51.183],[80.65,51.277],[80.877,51.281],[80.966,51.19],[81.127,51.191],[81.078,51.015],[81.125,50.946],[81.388,50.956],[81.466,50.74],[81.934,50.766],[82.098,50.711],[82.494,50.728],[82.761,50.893],[83.019,50.897],[83.16,50.989],[83.357,50.995],[83.718,50.887],[83.945,50.775],[84.176,50.521],[84.258,50.288],[84.323,50.239],[84.607,50.202],[84.839,50.091],[84.989,50.061],[85.001,49.894],[85.292,49.599],[85.372,49.624],[85.934,49.55],[86.181,49.499],[86.61,49.769],[86.614,49.61],[86.812,49.488],[86.953,49.322],[87.234,49.216],[87.323,49.086],[87.814,49.162],[87.935,49.165],[88.116,49.256],[88.193,49.452],[88.633,49.486],[88.832,49.448],[89.18,49.532],[89.244,49.627],[89.396,49.612],[89.654,49.717],[89.644,49.903],[89.977,49.984],[90.005,50.069],[90.517,50.213],[90.655,50.222],[90.761,50.306],[91.022,50.415],[91.341,50.47],[91.804,50.694],[92.192,50.701],[92.355,50.864],[92.627,50.688],[92.779,50.779],[92.941,50.778],[93.103,50.604],[93.271,50.616],[94.251,50.556],[94.355,50.222],[94.615,50.024],[94.93,50.044],[95.044,49.962],[95.567,49.944],[95.852,50.013],[96.066,49.999],[96.315,49.901],[96.506,49.919],[96.986,49.883],[97.209,49.731],[97.36,49.741],[97.589,49.911],[97.854,49.947],[98.103,50.078],[98.25,50.302],[98.279,50.533],[98.03,50.645],[97.953,50.855],[97.825,50.985],[97.947,51.348],[98.038,51.45],[98.22,51.506],[98.353,51.718],[98.641,51.801],[98.803,51.957],[98.893,52.117],[99.407,51.924],[99.719,51.872],[99.922,51.756],[100.536,51.713],[101.223,51.513],[101.381,51.453],[101.571,51.467],[102.112,51.353],[102.215,50.829],[102.317,50.718],[102.288,50.585],[102.469,50.526],[102.683,50.387],[103.162,50.291],[103.304,50.2],[103.633,50.139],[103.803,50.176],[104.18,50.169],[104.466,50.306],[105.095,50.39],[105.384,50.474],[105.875,50.405],[106.218,50.305],[106.711,50.313],[106.941,50.197],[107.04,50.086],[107.233,49.989],[107.631,49.983],[107.917,49.948],[107.937,49.691],[108.034,49.594],[108.213,49.525],[108.407,49.396],[108.614,49.323],[109.237,49.335],[109.529,49.27],[110.2,49.17],[110.428,49.22],[110.631,49.138],[110.828,49.166],[111.337,49.356],[112.08,49.424],[112.495,49.532],[112.806,49.524],[113.056,49.616],[113.164,49.797],[113.574,50.007],[113.881,50.101],[114.071,50.205],[114.297,50.274],[114.743,50.234],[115.003,50.139],[115.275,49.949],[115.429,49.896],[115.718,49.881],[116.135,50.011],[116.551,49.92],[116.683,49.824],[117.246,49.625],[117.477,49.609],[117.873,49.513],[118.452,49.844],[118.756,49.963],[118.979,49.979],[119.26,50.066],[119.346,50.279],[119.192,50.38],[119.281,50.561],[119.446,50.703],[119.573,50.947],[119.746,51.108],[119.813,51.267],[119.967,51.422],[120.067,51.601],[120.237,51.723],[120.511,51.849],[120.681,51.973],[120.75,52.097],[120.665,52.3],[120.699,52.494],[120.656,52.567],[120.36,52.627],[120.068,52.633],[120.095,52.787],[120.421,52.968],[120.704,53.172],[120.985,53.285],[121.405,53.317],[122.089,53.451],[122.338,53.485],[122.516,53.457],[122.958,53.498],[123.154,53.545],[123.608,53.547],[123.995,53.406],[124.291,53.341],[124.466,53.23],[124.64,53.211],[124.882,53.13],[124.971,53.197],[125.226,53.166],[125.546,53.048],[125.649,53.042],[125.728,52.891],[125.872,52.872],[126.048,52.739],[126.016,52.61],[126.157,52.547],[126.313,52.4],[126.456,52.126],[126.511,51.926],[126.701,51.703],[126.925,51.1],[127.307,50.708],[127.347,50.55],[127.306,50.454],[127.395,50.299],[127.59,50.209],[127.512,50.072],[127.502,49.873],[127.711,49.672],[128,49.569],[128.237,49.559],[128.704,49.6],[128.77,49.495],[129.12,49.362],[129.498,49.389],[129.591,49.287],[129.793,49.199],[130.037,48.972],[130.196,48.892],[130.553,48.861],[130.617,48.773],[130.552,48.602],[130.804,48.342],[130.712,48.128],[130.733,48.019],[130.849,47.929],[131.003,47.691],[131.319,47.728],[131.557,47.682],[132.15,47.718],[132.476,47.715],[132.707,47.947],[132.877,47.979],[133.144,48.106],[133.468,48.097],[133.842,48.274],[134.293,48.373],[134.564,48.322],[134.669,48.153],[134.566,48.023],[134.752,47.715],[134.596,47.524],[134.483,47.447],[134.291,47.414],[134.168,47.302],[134.202,47.128],[134.039,46.858],[134.023,46.713],[133.867,46.499],[133.861,46.248],[133.701,46.14],[133.686,46.009],[133.513,45.879],[133.436,45.605],[133.186,45.495],[133.113,45.321],[133.113,45.131],[132.936,45.03],[131.978,45.244],[131.852,45.327],[131.654,45.205],[131.447,44.984],[131.082,44.91],[130.968,44.8],[131.061,44.66],[131.255,44.072],[131.213,44.003],[131.174,43.705],[131.182,43.506],[131.262,43.433],[131.176,43.142],[131.086,43.038],[131.069,42.902],[130.577,42.812],[130.527,42.535],[130.687,42.303]]],[[[47.442,80.854],[47.021,80.814],[46.799,80.755],[46.327,80.735],[45.125,80.652],[45.149,80.599],[45.641,80.537],[45.969,80.569],[46.141,80.447],[46.514,80.476],[46.678,80.561],[47.011,80.562],[47.304,80.606],[47.6,80.742],[47.777,80.756],[48.044,80.668],[48.625,80.629],[48.687,80.718],[48.446,80.806],[47.9,80.813],[47.442,80.854]]],[[[50.278,80.927],[49.508,80.865],[49.244,80.821],[49.147,80.712],[49.185,80.559],[49.088,80.516],[48.625,80.508],[48.403,80.569],[47.656,80.501],[46.644,80.3],[46.991,80.183],[47.343,80.189],[47.444,80.23],[47.723,80.151],[47.737,80.082],[48.167,80.133],[48.386,80.096],[48.582,80.195],[48.978,80.163],[48.896,80.369],[49.586,80.377],[49.794,80.425],[49.846,80.498],[50.28,80.527],[50.961,80.54],[51.146,80.604],[51.704,80.688],[50.801,80.914],[50.278,80.927]]],[[[67.765,76.238],[68.165,76.285],[68.9,76.573],[68.942,76.708],[68.873,76.79],[68.486,76.934],[68.017,76.991],[67.535,77.008],[66.829,76.924],[66.063,76.746],[65.863,76.613],[65.197,76.5],[64.95,76.484],[64.463,76.378],[63.526,76.31],[62.971,76.237],[62.471,76.23],[61.787,76.291],[61.202,76.282],[61.034,76.233],[60.942,76.071],[60.731,76.104],[60.279,76.096],[60.118,76.067],[60.036,75.984],[59.782,75.946],[58.881,75.855],[58.418,75.72],[58.058,75.663],[58.094,75.593],[57.783,75.507],[57.607,75.341],[57.088,75.384],[56.844,75.351],[56.876,75.244],[56.57,75.098],[56.036,75.194],[55.81,75.125],[55.998,75.003],[56.34,75.013],[56.218,74.898],[55.914,74.796],[55.66,74.656],[55.662,74.556],[55.947,74.542],[56.078,74.481],[55.341,74.42],[55.023,74.187],[54.643,73.96],[54.386,73.936],[53.763,73.766],[53.839,73.697],[54.205,73.542],[54.132,73.481],[54.3,73.351],[54.769,73.449],[55.007,73.454],[55.549,73.357],[56.035,73.346],[56.43,73.297],[56.634,73.304],[56.964,73.367],[57.134,73.504],[57.46,73.61],[57.464,73.746],[57.756,73.769],[57.853,73.898],[57.767,74.014],[58.441,74.129],[58.665,74.289],[58.535,74.499],[58.928,74.463],[59.101,74.508],[59.24,74.693],[59.596,74.614],[59.753,74.637],[59.747,74.746],[59.982,74.745],[60.222,74.797],[60.501,74.905],[60.476,75.055],[60.655,75.055],[61.147,75.223],[61.356,75.315],[61.616,75.32],[62.066,75.428],[63.659,75.669],[64.263,75.72],[65.202,75.839],[65.619,75.905],[66.282,75.984],[67.127,76.108],[67.765,76.238]]],[[[55.32,73.308],[54.804,73.388],[54.328,73.299],[54.091,73.276],[53.753,73.293],[53.358,73.225],[53.198,73.148],[53.254,72.904],[53.024,72.914],[52.812,72.875],[52.529,72.737],[52.839,72.619],[52.622,72.301],[52.252,72.13],[51.885,72.153],[51.583,72.071],[51.444,71.934],[51.439,71.777],[51.59,71.571],[51.813,71.491],[52.18,71.49],[52.419,71.537],[52.909,71.495],[53.364,71.542],[53.319,71.399],[53.41,71.34],[53.886,71.196],[53.857,71.07],[53.588,71.052],[53.614,70.915],[53.722,70.814],[54.333,70.745],[54.601,70.68],[54.645,70.742],[54.867,70.678],[55.237,70.666],[55.687,70.692],[55.797,70.616],[56.142,70.658],[56.435,70.563],[56.51,70.729],[56.649,70.647],[57.146,70.589],[57.447,70.661],[57.484,70.792],[56.895,70.927],[56.454,71.107],[56.043,71.346],[55.614,71.69],[55.471,71.869],[55.298,71.935],[55.518,72.221],[55.399,72.314],[55.356,72.465],[55.441,72.575],[55.616,72.599],[55.723,72.766],[56.084,72.789],[56.171,72.848],[56.189,73.033],[56.43,73.201],[56.138,73.256],[55.32,73.308]]],[[[96.527,81.076],[95.801,81.28],[95.16,81.271],[95.061,81.188],[94.612,81.115],[94.14,81.089],[93.637,81.038],[93.359,81.032],[93.065,80.988],[92.765,80.893],[92.773,80.769],[92.981,80.703],[92.578,80.533],[91.897,80.478],[91.524,80.359],[91.637,80.27],[92.092,80.223],[92.202,80.179],[93.002,80.102],[93.655,80.01],[93.872,80.01],[94.565,80.126],[94.961,80.15],[95.856,80.177],[97.175,80.241],[97.25,80.363],[97.115,80.497],[97.221,80.652],[97.856,80.698],[97.832,80.798],[97.414,80.842],[96.755,80.958],[96.527,81.076]]],[[[97.675,80.158],[97.121,80.153],[96.417,80.104],[95.498,80.106],[95.281,80.031],[94.987,80.097],[94.719,80.011],[94.347,79.942],[94.257,79.83],[93.847,79.702],[93.405,79.632],[93.071,79.495],[93.272,79.458],[93.759,79.451],[94.219,79.402],[94.482,79.219],[94.62,79.192],[94.791,79.087],[95.133,79.05],[95.531,79.098],[95.796,79.001],[96.347,79.016],[96.808,78.985],[96.933,78.934],[97.555,78.827],[98.054,78.821],[98.411,78.788],[98.82,78.818],[99.44,78.834],[99.929,78.961],[99.815,79.096],[99.517,79.13],[99.167,79.306],[99.537,79.277],[99.681,79.323],[99.782,79.628],[99.916,79.738],[99.947,79.849],[99.295,80.016],[98.596,80.052],[98.499,79.953],[98.273,79.874],[98.065,79.901],[97.652,79.761],[97.627,79.85],[97.907,80.004],[97.904,80.095],[97.675,80.158]]],[[[102.885,79.254],[102.79,79.392],[102.282,79.43],[102.177,79.313],[102.005,79.264],[101.824,79.37],[101.591,79.35],[101.543,79.254],[101.196,79.204],[101.031,79.023],[100.901,78.98],[100.876,78.784],[100.62,78.797],[100.284,78.679],[100.257,78.574],[100.019,78.339],[99.546,78.179],[99.439,78.084],[99.5,77.976],[99.845,77.957],[100.082,77.975],[101.04,78.143],[101.204,78.192],[102.18,78.205],[102.617,78.225],[102.797,78.188],[103.003,78.256],[103.719,78.258],[104.297,78.335],[104.833,78.353],[105.313,78.5],[105.343,78.594],[105.146,78.819],[104.881,78.855],[104.633,78.835],[104.452,78.88],[104.404,78.977],[104.091,79.013],[103.926,79.123],[103.673,79.15],[103.199,79.071],[102.95,79.056],[102.587,78.871],[102.885,79.254]]],[[[140.049,75.829],[139.743,75.953],[139.109,76.108],[138.92,76.197],[138.208,76.115],[137.977,76.028],[137.625,75.988],[137.501,75.91],[137.707,75.76],[137.358,75.782],[137.269,75.749],[137.215,75.554],[137.29,75.349],[136.982,75.365],[137.006,75.235],[137.218,75.124],[137.683,75.009],[138.092,74.797],[138.866,74.701],[139.099,74.657],[139.326,74.687],[139.43,74.749],[139.606,74.946],[139.758,74.964],[140.268,74.847],[141.31,74.923],[141.748,74.983],[141.987,74.991],[142.287,74.85],[142.473,74.82],[142.778,74.868],[143.128,74.97],[142.93,75.062],[142.617,75.133],[142.265,75.346],[142.151,75.458],[142.086,75.661],[142.552,75.721],[142.942,75.713],[142.986,75.633],[142.734,75.545],[142.729,75.338],[142.82,75.268],[143.17,75.117],[144.02,75.045],[144.408,75.102],[144.883,75.269],[144.727,75.366],[145.255,75.586],[143.686,75.864],[143.185,75.814],[142.927,75.827],[142.46,75.904],[141.742,76.108],[141.485,76.137],[141.033,75.989],[140.926,75.867],[140.944,75.7],[140.816,75.631],[140.496,75.69],[140.389,75.796],[140.049,75.829]]],[[[146.795,75.371],[146.751,75.51],[146.538,75.582],[146.438,75.558],[146.258,75.394],[146.149,75.198],[146.703,75.114],[147.144,74.998],[147.627,74.959],[148.092,74.826],[148.297,74.8],[149.05,74.772],[149.597,74.773],[150.331,74.867],[150.646,74.945],[150.822,75.157],[150.531,75.1],[150.104,75.219],[149.083,75.262],[148.892,75.228],[148.59,75.236],[148.475,75.272],[148.432,75.414],[147.497,75.441],[147.06,75.364],[146.795,75.371]]],[[[178.862,70.826],[179.153,70.88],[179.648,70.899],[180,70.993],[180,71.538],[179.548,71.448],[179.235,71.325],[178.891,71.231],[178.684,71.106],[178.648,71.001],[178.793,70.822],[178.862,70.826]]],[[[142.761,54.394],[142.693,54.416],[142.552,54.279],[142.335,54.281],[142.67,53.968],[142.643,53.737],[142.509,53.588],[142.526,53.447],[142.319,53.405],[142.142,53.496],[141.964,53.456],[141.824,53.34],[141.874,53.039],[141.803,52.556],[141.661,52.273],[141.668,51.933],[141.808,51.789],[141.772,51.69],[142.091,51.429],[142.207,51.223],[142.208,50.998],[142.1,50.776],[142.071,50.515],[142.153,50.217],[142.142,49.569],[142.02,49.078],[141.866,48.75],[141.897,48.655],[142.135,48.29],[142.182,48.013],[141.964,47.587],[142.039,47.14],[141.867,46.694],[141.83,46.451],[141.962,46.013],[142.077,45.917],[142.209,46.089],[142.406,46.555],[142.578,46.701],[142.692,46.711],[142.829,46.605],[143.282,46.559],[143.352,46.476],[143.419,46.222],[143.581,46.361],[143.54,46.575],[143.447,46.792],[143.218,46.795],[143.089,47.001],[143.006,47.223],[142.864,47.392],[142.67,47.537],[142.557,47.738],[142.574,48.072],[143.105,49.199],[143.382,49.291],[143.732,49.312],[143.968,49.276],[144.125,49.209],[144.621,48.815],[144.686,48.871],[144.432,49.051],[144.272,49.311],[144.2,49.55],[144.048,49.896],[143.816,50.283],[143.736,50.507],[143.534,51.246],[143.455,51.471],[143.321,51.583],[143.295,51.744],[143.156,52.084],[143.172,52.349],[143.324,52.614],[143.325,52.963],[143.224,53.296],[142.918,53.794],[142.976,54.141],[142.761,54.394]]],[[[-178.876,71.577],[-179.112,71.596],[-179.402,71.567],[-179.691,71.578],[-180,71.538],[-180,70.993],[-179.507,70.923],[-179.157,70.94],[-178.528,71.015],[-177.822,71.068],[-177.524,71.167],[-177.532,71.263],[-177.975,71.391],[-178.354,71.529],[-178.876,71.577]]],[[[35.816,65.182],[35.609,65.157],[35.779,64.977],[35.858,65.078],[35.816,65.182]]],[[[52.903,71.365],[52.513,71.385],[52.297,71.357],[52.425,71.239],[52.547,71.25],[52.738,71.181],[52.835,71.086],[53.071,71.065],[53.205,71.16],[52.903,71.365]]],[[[161.467,68.901],[161.517,68.97],[161.394,69.106],[161.351,69.369],[161.54,69.437],[161.618,69.592],[161.505,69.639],[161.111,69.47],[161.165,69.334],[161.125,69.197],[161.183,69.082],[161.461,68.996],[161.467,68.901]]],[[[149.15,76.66],[149.268,76.747],[148.72,76.747],[148.399,76.648],[149.15,76.66]]],[[[137.96,71.508],[137.817,71.588],[137.282,71.58],[137.266,71.456],[137.458,71.483],[137.712,71.423],[137.96,71.508]]],[[[107.696,78.131],[107.508,78.189],[106.583,78.168],[107.002,78.096],[107.344,78.099],[107.482,78.058],[107.696,78.131]]],[[[112.478,76.621],[112.297,76.538],[112.532,76.45],[112.633,76.553],[112.478,76.621]]],[[[96.532,76.278],[96.271,76.305],[96.151,76.272],[95.786,76.294],[95.594,76.25],[95.38,76.289],[95.311,76.215],[96.301,76.122],[96.351,76.212],[96.532,76.278]]],[[[96.285,77.027],[96.561,77.13],[96.528,77.206],[95.854,77.098],[95.855,76.975],[96.285,77.027]]],[[[89.514,77.189],[89.616,77.311],[89.282,77.301],[89.3,77.184],[89.514,77.189]]],[[[74.661,72.873],[74.725,73.108],[74.409,73.13],[74.199,73.109],[74.181,72.975],[74.661,72.873]]],[[[75.504,73.457],[75.827,73.459],[75.93,73.574],[75.57,73.541],[75.504,73.457]]],[[[83.549,74.072],[83.513,74.122],[83.15,74.152],[83.159,74.075],[83.411,74.04],[83.549,74.072]]],[[[70.021,66.502],[70.077,66.696],[69.503,66.751],[69.651,66.565],[69.845,66.49],[70.021,66.502]]],[[[50.052,80.074],[50.251,80.219],[49.884,80.23],[49.588,80.136],[49.971,80.061],[50.052,80.074]]],[[[51.409,79.944],[51.254,80.049],[50.936,80.094],[50.091,79.981],[50.454,79.924],[51.409,79.944]]],[[[50.754,81.047],[50.879,81.151],[50.522,81.158],[50.518,81.046],[50.754,81.047]]],[[[54.415,80.473],[54.407,80.54],[53.877,80.605],[53.9,80.515],[54.276,80.421],[54.415,80.473]]],[[[59.689,79.956],[59.802,80.083],[59.545,80.119],[59.001,80.054],[58.919,79.985],[59.331,79.923],[59.689,79.956]]],[[[58.622,81.042],[58.05,81.118],[57.656,81.032],[57.41,81.047],[57.405,80.915],[57.75,80.889],[57.938,80.793],[58.286,80.765],[58.86,80.779],[58.903,80.898],[58.622,81.042]]],[[[50.265,69.186],[50.167,69.257],[49.225,69.511],[48.953,69.509],[48.631,69.436],[48.32,69.269],[48.279,69.04],[48.439,68.805],[48.667,68.733],[49.18,68.778],[49.626,68.86],[49.921,69.053],[50.265,69.186]]],[[[63.374,80.7],[64.548,80.755],[64.997,80.819],[65.437,80.931],[65.382,81.057],[65.172,81.144],[64.802,81.197],[64.31,81.175],[64.096,80.998],[63.116,80.967],[62.52,80.822],[63.002,80.713],[63.374,80.7]]],[[[57.956,80.123],[58.255,80.202],[58.398,80.319],[59.255,80.343],[58.972,80.416],[58.48,80.465],[57.522,80.475],[57.075,80.494],[57.186,80.396],[57.281,80.194],[57.392,80.139],[57.8,80.104],[57.956,80.123]]],[[[62.168,80.835],[62.103,80.867],[61.597,80.893],[60.482,80.804],[60.278,80.801],[60.095,80.849],[59.592,80.817],[59.387,80.713],[59.304,80.522],[59.65,80.431],[60.278,80.494],[60.722,80.435],[61.051,80.419],[61.285,80.505],[61.597,80.535],[61.681,80.586],[62.076,80.617],[62.168,80.835]]],[[[61.141,80.95],[61.472,81.011],[61.457,81.104],[60.587,81.088],[60.321,80.956],[60.827,80.93],[61.141,80.95]]],[[[53.521,80.185],[53.778,80.228],[53.329,80.402],[52.854,80.402],[52.681,80.319],[52.344,80.213],[52.856,80.173],[53.521,80.185]]],[[[57.079,80.351],[56.707,80.363],[56.655,80.33],[56.024,80.341],[56.012,80.204],[55.812,80.087],[56.987,80.071],[57.08,80.095],[57.079,80.351]]],[[[57.81,81.546],[57.092,81.541],[56.719,81.423],[56.405,81.387],[56.157,81.303],[55.782,81.329],[55.466,81.311],[55.717,81.188],[56.192,81.224],[56.513,81.175],[56.822,81.238],[57.451,81.136],[57.913,81.198],[57.859,81.368],[58.372,81.387],[58.436,81.464],[58.017,81.484],[57.81,81.546]]],[[[54.719,81.116],[54.634,81.113],[54.417,80.987],[54.367,80.904],[54.045,80.872],[54.067,80.814],[54.533,80.783],[54.668,80.739],[55.117,80.752],[55.541,80.703],[55.713,80.637],[56.316,80.633],[56.815,80.664],[57.58,80.755],[57.568,80.82],[56.91,80.913],[56.472,80.998],[56.17,81.029],[55.471,81.02],[54.719,81.116]]],[[[63.651,81.609],[63.71,81.687],[62.795,81.719],[62.885,81.609],[63.529,81.597],[63.651,81.609]]],[[[58.295,81.715],[59.356,81.759],[59.262,81.854],[58.135,81.828],[57.985,81.797],[57.965,81.696],[58.295,81.715]]],[[[92.683,79.685],[92.926,79.704],[93.604,79.817],[93.482,79.941],[92.593,79.997],[92.173,80.045],[91.426,80.049],[91.07,79.981],[91.126,79.905],[91.376,79.835],[91.684,79.791],[92.154,79.685],[92.683,79.685]]],[[[91.567,81.141],[91.478,81.184],[91.109,81.199],[90.07,81.214],[89.976,81.113],[91.223,81.064],[91.567,81.141]]],[[[141.01,73.999],[141.097,74.168],[141.039,74.243],[140.849,74.274],[140.407,74.266],[140.102,74.184],[140.183,74.005],[140.507,73.919],[141.01,73.999]]],[[[142.185,73.896],[141.932,73.915],[141.085,73.866],[140.884,73.778],[140.594,73.565],[140.381,73.483],[139.686,73.426],[139.786,73.355],[140.027,73.361],[140.392,73.435],[140.663,73.452],[141.183,73.389],[141.597,73.311],[142.342,73.253],[143.193,73.221],[143.491,73.246],[143.464,73.459],[143.344,73.569],[142.639,73.803],[142.185,73.896]]],[[[135.949,75.41],[135.983,75.522],[136.169,75.606],[135.905,75.694],[135.699,75.845],[135.614,75.766],[135.593,75.576],[135.452,75.39],[135.746,75.382],[135.949,75.41]]],[[[136.197,73.914],[136.259,73.985],[136.037,74.09],[135.628,74.22],[135.715,74.06],[136.051,73.929],[136.197,73.914]]],[[[137.941,55.093],[137.577,55.197],[137.436,55.016],[137.463,54.873],[137.661,54.653],[137.991,54.821],[138.172,55.06],[137.941,55.093]]],[[[169.201,69.58],[169.263,69.629],[169.375,69.883],[168.358,70.016],[168.06,69.975],[167.814,69.873],[167.821,69.82],[168.348,69.664],[168.916,69.571],[169.201,69.58]]],[[[163.635,58.603],[163.96,58.744],[164.279,58.838],[164.616,58.886],[164.662,58.971],[164.573,59.221],[164.202,59.096],[163.761,59.015],[163.727,58.799],[163.635,58.603]]],[[[166.65,54.839],[166.404,55.006],[166.248,55.165],[166.276,55.312],[165.931,55.351],[165.992,55.19],[166.12,55.03],[166.325,54.865],[166.464,54.827],[166.645,54.694],[166.65,54.839]]],[[[154.81,49.312],[154.825,49.647],[154.613,49.381],[154.715,49.268],[154.81,49.312]]],[[[156.405,50.658],[156.488,50.843],[156.376,50.862],[156.213,50.785],[156.196,50.702],[156.405,50.658]]],[[[155.921,50.302],[156.044,50.452],[156.123,50.671],[156.097,50.772],[155.885,50.684],[155.68,50.401],[155.434,50.369],[155.218,50.298],[155.243,50.095],[155.397,50.041],[155.516,50.146],[155.792,50.202],[155.921,50.302]]],[[[149.688,45.642],[149.883,45.783],[150.195,45.933],[150.235,46.012],[150.553,46.209],[150.349,46.213],[149.962,46.022],[149.796,45.876],[149.666,45.84],[149.447,45.593],[149.688,45.642]]],[[[148.6,45.318],[148.791,45.324],[148.812,45.51],[148.612,45.485],[148.324,45.282],[148.056,45.262],[147.965,45.378],[147.658,45.093],[147.247,44.856],[147.155,44.766],[147.098,44.531],[147.207,44.554],[147.31,44.678],[147.563,44.836],[147.658,44.977],[147.914,44.99],[148.262,45.217],[148.6,45.318]]],[[[146.208,44.498],[146.112,44.5],[145.94,44.273],[145.666,43.999],[145.462,43.871],[145.439,43.737],[145.556,43.665],[145.587,43.845],[145.767,43.941],[145.914,44.104],[146.112,44.246],[146.296,44.281],[146.437,44.376],[146.208,44.498]]],[[[113.387,74.4],[113.286,74.441],[112.952,74.48],[112.084,74.549],[111.949,74.389],[111.638,74.374],[111.643,74.273],[112.196,74.146],[112.782,74.095],[112.978,74.197],[113.259,74.273],[113.387,74.4]]],[[[76.249,79.651],[76.154,79.579],[76.637,79.544],[76.65,79.493],[77.589,79.502],[77.36,79.557],[76.467,79.643],[76.249,79.651]]],[[[80.027,80.848],[80.345,80.868],[80.28,80.95],[79.807,80.975],[79.217,80.96],[79.099,80.812],[80.027,80.848]]],[[[70.674,73.095],[71.356,73.162],[71.626,73.174],[71.59,73.283],[71.232,73.448],[70.94,73.514],[70.35,73.478],[70.15,73.445],[69.996,73.359],[70.019,73.224],[69.92,73.085],[70.38,73.048],[70.674,73.095]]],[[[77.633,72.291],[78.365,72.482],[78.279,72.553],[77.749,72.631],[77.579,72.631],[77.378,72.565],[77.15,72.439],[76.903,72.366],[76.906,72.298],[77.146,72.282],[77.633,72.291]]],[[[79.501,72.722],[79.541,72.919],[79.357,73.039],[79.164,73.094],[78.657,72.892],[78.69,72.803],[78.881,72.752],[79.501,72.722]]],[[[82.172,75.419],[82.166,75.516],[81.913,75.498],[81.842,75.407],[81.712,75.451],[81.501,75.368],[81.698,75.281],[81.861,75.317],[81.979,75.247],[82.172,75.419]]],[[[60.45,69.935],[59.956,70.108],[59.636,70.197],[59.31,70.362],[59.005,70.465],[58.794,70.433],[58.473,70.267],[58.68,70.051],[58.953,69.893],[59.144,69.922],[59.503,69.866],[59.578,69.739],[59.813,69.696],[60.026,69.717],[60.216,69.688],[60.44,69.726],[60.45,69.935]]],[[[20.958,55.279],[20.9,55.287],[20.52,54.995],[20.397,54.951],[20.108,54.956],[19.975,54.921],[19.944,54.75],[19.758,54.545],[19.604,54.459],[20.208,54.421],[22.168,54.36],[22.766,54.357],[22.68,54.493],[22.71,54.633],[22.831,54.838],[22.627,54.971],[22.567,55.059],[22.072,55.064],[21.555,55.195],[21.389,55.276],[21.236,55.264],[21.189,54.935],[20.888,54.909],[20.595,54.982],[20.958,55.279]]],[[[33.594,46.096],[33.665,45.947],[33.28,45.765],[33.142,45.749],[32.828,45.593],[32.508,45.404],[32.611,45.328],[32.919,45.348],[33.187,45.195],[33.392,45.188],[33.555,45.098],[33.612,44.908],[33.451,44.554],[33.656,44.433],[33.91,44.388],[34.074,44.424],[34.282,44.538],[34.47,44.722],[34.717,44.807],[35.088,44.803],[35.155,44.896],[35.358,44.978],[35.473,45.098],[35.678,45.102],[35.87,45.005],[36.23,45.026],[36.393,45.065],[36.451,45.232],[36.575,45.394],[36.171,45.453],[36.013,45.372],[35.833,45.402],[35.558,45.311],[35.374,45.354],[35.002,45.733],[34.8,45.791],[34.687,45.977],[34.45,45.966],[34.354,46.062],[34.027,46.107],[33.807,46.208],[33.66,46.22],[33.594,46.096]]]]},"properties":{"code":"RUS","name":"Russia"}},
{"type":"Feature","geometry":{"type":"Polygon","coordinates":[[[28.213,45.45],[28.075,45.599],[28.16,45.647],[28.1,45.973],[28.119,46.139],[28.244,46.451],[28.239,46.641],[28.072,46.978],[27.854,47.115],[27.614,47.341],[27.449,47.553],[27.337,47.64],[27.152,47.959],[26.981,48.155],[26.787,48.256],[26.619,48.26],[26.306,48.204],[26.163,47.993],[25.464,47.911],[25.17,47.823],[25.074,47.746],[24.893,47.718],[24.579,47.931],[24.178,47.906],[23.629,47.996],[23.408,47.99],[23.203,48.085],[22.877,47.947],[22.677,47.799],[22.291,47.728],[22,47.505],[21.995,47.396],[21.869,47.305],[21.785,47.138],[21.494,46.79],[21.497,46.704],[21.32,46.608],[21.152,46.304],[21.04,46.242],[20.837,46.26],[20.614,46.133],[20.508,46.167],[20.242,46.109],[20.359,45.975],[20.775,45.75],[20.774,45.484],[20.942,45.365],[21.226,45.241],[21.431,45.193],[21.36,44.827],[21.636,44.71],[21.909,44.666],[22.093,44.542],[22.351,44.676],[22.498,44.706],[22.721,44.606],[22.502,44.49],[22.531,44.378],[22.705,44.238],[23.029,44.078],[22.868,43.948],[22.919,43.834],[23.225,43.874],[23.535,43.854],[24.227,43.763],[24.431,43.794],[25.16,43.686],[25.497,43.671],[25.819,43.767],[25.933,43.871],[26.216,44.007],[26.489,44.084],[27.087,44.167],[27.425,44.021],[27.884,43.987],[28.05,43.822],[28.423,43.74],[28.585,43.742],[28.659,43.984],[28.645,44.296],[28.852,44.506],[28.807,44.565],[28.926,44.81],[29.048,44.758],[29.558,44.843],[29.635,44.98],[29.706,45.26],[29.568,45.371],[29.404,45.42],[29.224,45.403],[28.761,45.234],[28.451,45.292],[28.213,45.45]]]},"properties":{"code":"ROU","name":"Romania"}},
{"type":"Feature","geometry":{"type":"Polygon","coordinates":[[[51.268,24.607],[51.428,24.668],[51.587,24.965],[51.602,25.148],[51.485,25.525],[51.572,25.781],[51.543,25.902],[51.262,26.153],[51.003,25.981],[50.869,25.613],[50.763,25.445],[50.777,25.177],[50.847,24.889],[50.804,24.789],[50.966,24.574],[51.268,24.607]]]},"properties":{"code":"QAT","name":"Qatar"}},
{"type":"Feature","geometry":{"type":"MultiPolygon","coordinates":[[[[-17.191,32.869],[-17.171,32.722],[-16.837,32.648],[-16.693,32.758],[-16.929,32.841],[-17.054,32.816],[-17.191,32.869]]],[[[-8.777,41.941],[-8.888,41.765],[-8.811,41.652],[-8.738,41.285],[-8.656,41.029],[-8.685,40.753],[-8.772,40.606],[-8.887,40.179],[-8.838,40.116],[-9.148,39.543],[-9.375,39.338],[-9.474,38.731],[-9.25,38.657],[-9.213,38.448],[-8.915,38.512],[-8.811,38.3],[-8.802,38.184],[-8.879,37.959],[-8.792,37.733],[-8.814,37.431],[-8.998,37.032],[-8.598,37.121],[-8.137,37.077],[-7.834,37.006],[-7.494,37.168],[-7.406,37.179],[-7.504,37.585],[-7.444,37.728],[-7.185,38.006],[-7.023,38.045],[-7.343,38.457],[-7.282,38.715],[-7.046,38.907],[-6.998,39.056],[-7.172,39.135],[-7.306,39.338],[-7.335,39.465],[-7.445,39.536],[-7.454,39.681],[-7.118,39.682],[-7.037,39.714],[-6.911,39.937],[-6.916,40.057],[-7.015,40.208],[-6.81,40.343],[-6.848,40.411],[-6.818,40.654],[-6.858,40.878],[-6.928,41.009],[-6.566,41.304],[-6.403,41.375],[-6.212,41.532],[-6.392,41.665],[-6.542,41.673],[-6.558,41.874],[-6.618,41.942],[-7.03,41.951],[-7.404,41.834],[-7.693,41.888],[-7.921,41.884],[-8.152,41.812],[-8.225,41.896],[-8.13,42.018],[-8.213,42.134],[-8.538,42.069],[-8.777,41.941]]],[[[-27.075,38.643],[-27.042,38.741],[-27.26,38.803],[-27.303,38.661],[-27.075,38.643]]],[[[-28.147,38.453],[-28.402,38.553],[-28.454,38.409],[-28.231,38.385],[-28.147,38.453]]],[[[-25.649,37.841],[-25.439,37.715],[-25.251,37.735],[-25.267,37.849],[-25.649,37.841]]]]},"properties":{"code":"PRT","name":"Portugal"}},
{"type":"Feature","geometry":{"type":"Polygon","coordinates":[[[23.605,51.518],[23.545,51.71],[23.626,51.809],[23.652,52.04],[23.458,52.17],[23.197,52.257],[23.204,52.338],[23.48,52.552],[23.845,52.664],[23.915,52.77],[23.887,53.028],[23.789,53.271],[23.599,53.599],[23.485,53.94],[23.454,54.143],[23.016,54.348],[22.766,54.357],[22.168,54.36],[20.208,54.421],[19.604,54.459],[19.407,54.386],[18.976,54.349],[18.67,54.431],[18.436,54.745],[18.323,54.838],[17.843,54.817],[17.262,54.73],[16.885,54.596],[16.56,54.554],[16.186,54.29],[15.9,54.254],[14.716,54.018],[14.384,53.925],[14.211,53.95],[14.214,53.871],[14.558,53.823],[14.488,53.672],[14.259,53.73],[14.415,53.283],[14.369,53.106],[14.194,52.982],[14.129,52.878],[14.514,52.646],[14.619,52.529],[14.555,52.36],[14.705,52.207],[14.753,52.082],[14.602,51.832],[14.739,51.627],[14.725,51.524],[14.906,51.463],[15.017,51.253],[14.964,51.095],[14.809,50.859],[14.983,50.887],[14.994,51.014],[15.259,50.959],[15.354,50.812],[15.731,50.74],[16.007,50.612],[16.282,50.656],[16.42,50.574],[16.283,50.483],[16.334,50.367],[16.597,50.122],[16.679,50.097],[16.99,50.237],[16.88,50.427],[17.152,50.378],[17.415,50.255],[17.72,50.299],[17.589,50.157],[17.875,49.972],[18.028,50.035],[18.305,49.914],[18.562,49.879],[18.595,49.758],[18.807,49.614],[18.832,49.511],[18.968,49.396],[19.149,49.4],[19.25,49.511],[19.442,49.598],[19.664,49.396],[19.774,49.372],[19.802,49.192],[20.058,49.181],[20.164,49.316],[20.363,49.385],[20.616,49.392],[20.947,49.317],[21.079,49.418],[21.64,49.412],[21.89,49.343],[22.02,49.21],[22.539,49.073],[22.81,49.021],[22.706,49.171],[22.732,49.295],[22.649,49.539],[23.036,49.899],[23.712,50.377],[23.973,50.41],[24.095,50.617],[23.978,50.786],[23.986,50.94],[23.863,51.126],[23.664,51.31],[23.605,51.518]]]},"properties":{"code":"POL","name":"Poland"}},
{"type":"Feature","geometry":{"type":"MultiPolygon","coordinates":[[[[121.102,18.615],[120.814,18.603],[120.6,18.508],[120.358,17.638],[120.425,17.438],[120.409,16.956],[120.321,16.762],[120.305,16.529],[120.389,16.222],[120.337,16.066],[120.16,16.048],[120.033,16.185],[119.831,16.327],[119.773,16.255],[119.769,16.008],[119.892,15.838],[119.933,15.431],[120.037,15.115],[120.082,14.851],[120.251,14.793],[120.439,14.453],[120.589,14.483],[120.547,14.766],[120.708,14.777],[120.888,14.716],[120.922,14.493],[120.688,14.291],[120.617,14.188],[120.637,13.804],[120.729,13.901],[120.841,13.885],[121.204,13.64],[121.446,13.712],[121.501,13.842],[121.778,13.938],[122.073,13.788],[122.407,13.493],[122.6,13.194],[122.668,13.395],[122.508,13.657],[122.468,13.887],[122.595,13.908],[122.896,13.592],[123.163,13.442],[123.296,13.216],[123.311,13.044],[123.627,12.912],[123.918,12.94],[123.878,12.69],[124.06,12.567],[124.137,12.791],[124.143,13.036],[123.785,13.111],[123.819,13.269],[123.608,13.528],[123.607,13.704],[123.806,13.722],[123.726,13.884],[123.432,13.966],[123.32,14.062],[123.297,13.836],[123.231,13.747],[123.06,13.789],[123.071,13.96],[122.856,14.251],[122.491,14.322],[122.2,14.148],[122.274,14.045],[122.212,13.93],[121.912,14.02],[121.8,14.114],[121.649,14.481],[121.627,14.682],[121.695,14.737],[121.544,14.999],[121.392,15.324],[121.607,15.67],[121.561,15.827],[121.595,15.933],[121.789,16.077],[122.135,16.185],[122.226,16.435],[122.426,16.823],[122.519,17.125],[122.408,17.178],[122.362,17.345],[122.237,17.435],[122.151,17.756],[122.179,18.064],[122.294,18.234],[122.3,18.403],[122.147,18.487],[122.038,18.328],[121.846,18.295],[121.593,18.376],[121.254,18.563],[121.102,18.615]]],[[[117.311,8.44],[117.517,8.538],[117.68,8.678],[117.99,8.877],[118.134,9.101],[118.435,9.256],[118.57,9.423],[118.774,9.767],[118.782,9.916],[119.192,10.061],[119.285,10.252],[119.422,10.354],[119.595,10.407],[119.684,10.552],[119.527,10.953],[119.56,11.267],[119.465,11.294],[119.261,10.845],[119.287,10.574],[119.143,10.409],[119.024,10.354],[118.728,10.035],[118.533,9.794],[118.115,9.347],[117.885,9.241],[117.35,8.714],[117.256,8.541],[117.311,8.44]]],[[[122.496,11.615],[122.291,11.772],[121.964,11.897],[121.891,11.791],[122.067,11.724],[122.104,11.643],[122.051,11.097],[121.964,10.872],[121.988,10.458],[122.198,10.623],[122.522,10.692],[122.77,10.824],[122.803,10.99],[123.017,11.117],[123.12,11.287],[123.158,11.536],[122.931,11.529],[122.726,11.608],[122.613,11.564],[122.496,11.615]]],[[[123.131,9.064],[123.229,9.121],[123.308,9.357],[123.15,9.606],[123.162,9.864],[123.296,10.125],[123.344,10.325],[123.493,10.582],[123.568,10.781],[123.511,10.923],[123.257,10.994],[122.983,10.887],[122.958,10.698],[122.817,10.504],[122.867,10.284],[122.856,10.087],[122.713,9.99],[122.471,9.962],[122.4,9.823],[122.411,9.694],[122.563,9.483],[122.867,9.32],[122.995,9.059],[123.131,9.064]]],[[[124.575,11.343],[124.331,11.535],[124.446,10.924],[124.663,10.962],[124.787,10.781],[124.738,10.44],[124.781,10.168],[125.027,10.033],[125.105,10.218],[125.253,10.264],[125.188,10.585],[125.013,10.786],[125.027,11.212],[124.93,11.373],[124.821,11.401],[124.724,11.322],[124.575,11.343]]],[[[125.24,12.528],[125.15,12.573],[124.566,12.526],[124.295,12.569],[124.385,12.244],[124.529,12.079],[124.677,12.021],[124.884,11.775],[124.995,11.765],[124.917,11.558],[125.034,11.341],[125.233,11.145],[125.432,11.113],[125.628,11.132],[125.609,11.323],[125.506,11.544],[125.457,11.953],[125.536,12.191],[125.32,12.322],[125.24,12.528]]],[[[120.704,13.479],[120.401,13.517],[120.508,13.26],[120.651,13.169],[120.764,12.97],[120.796,12.748],[120.899,12.646],[120.922,12.512],[121.108,12.304],[121.237,12.219],[121.394,12.301],[121.412,12.423],[121.541,12.638],[121.48,12.837],[121.523,13.131],[121.203,13.432],[121.122,13.381],[120.915,13.501],[120.704,13.479]]],[[[126.006,9.321],[125.877,9.513],[125.521,9.759],[125.414,9.669],[125.533,9.141],[125.499,9.015],[125.21,9.027],[125.141,8.869],[124.869,8.972],[124.787,8.874],[124.731,8.563],[124.622,8.523],[124.451,8.606],[124.325,8.508],[124.226,8.271],[123.997,8.159],[123.877,8.189],[123.849,8.433],[123.68,8.621],[123.435,8.703],[123.341,8.57],[123.147,8.516],[123.018,8.398],[122.996,8.221],[122.911,8.156],[122.673,8.133],[122.337,8.028],[122.132,7.81],[122.047,7.364],[121.925,7.2],[121.964,6.968],[122.098,6.914],[122.176,7.004],[122.32,7.34],[122.498,7.673],[122.616,7.763],[122.792,7.722],[122.843,7.529],[122.99,7.546],[123.097,7.7],[123.178,7.529],[123.391,7.408],[123.493,7.808],[123.666,7.818],[123.968,7.665],[124.207,7.396],[124.191,7.267],[123.985,6.994],[124.078,6.404],[124.213,6.233],[124.636,5.998],[124.927,5.875],[125.035,5.871],[125.174,6.047],[125.268,6.033],[125.233,5.808],[125.288,5.632],[125.456,5.664],[125.668,5.979],[125.671,6.225],[125.588,6.466],[125.381,6.69],[125.401,6.796],[125.641,7.105],[125.689,7.263],[125.824,7.333],[126.08,6.733],[126.11,6.49],[126.189,6.31],[126.24,6.734],[126.294,6.882],[126.439,7.012],[126.582,7.248],[126.57,7.677],[126.435,7.833],[126.459,8.203],[126.38,8.327],[126.365,8.484],[126.173,8.56],[126.142,8.627],[126.32,8.845],[126.192,9.125],[126.193,9.277],[126.006,9.321]]],[[[123.37,9.45],[123.494,9.589],[123.634,9.922],[123.643,10.02],[123.789,10.221],[123.952,10.317],[124.051,10.586],[124.053,10.926],[123.93,10.964],[123.711,10.474],[123.386,9.967],[123.404,9.889],[123.316,9.489],[123.37,9.45]]],[[[121.159,6.076],[121.038,6.096],[120.898,6.007],[120.931,5.896],[121.218,5.943],[121.159,6.076]]],[[[120.1,12.168],[119.897,12.313],[119.866,12.199],[120.011,12.008],[120.315,12.012],[120.341,12.077],[120.1,12.168]]],[[[120.039,11.703],[120.036,11.917],[119.861,11.954],[119.964,11.669],[120.039,11.703]]],[[[122.65,10.473],[122.737,10.655],[122.673,10.739],[122.538,10.608],[122.65,10.473]]],[[[124.594,9.787],[124.577,10.027],[124.336,10.16],[124.173,10.135],[124.06,10],[123.817,9.817],[123.936,9.624],[124.122,9.599],[124.36,9.63],[124.594,9.787]]],[[[120.25,5.257],[120.208,5.34],[119.827,5.133],[120.192,5.168],[120.25,5.257]]],[[[122.093,6.428],[122.201,6.483],[122.288,6.639],[122.058,6.741],[121.809,6.614],[121.959,6.416],[122.093,6.428]]],[[[125.69,9.914],[125.703,10.072],[125.647,10.245],[125.525,10.31],[125.495,10.119],[125.69,9.914]]],[[[121.915,13.54],[121.815,13.424],[121.829,13.329],[122.005,13.205],[122.122,13.365],[122.115,13.463],[121.915,13.54]]],[[[122.094,12.355],[122.132,12.538],[122.002,12.599],[121.989,12.435],[122.094,12.355]]],[[[122.654,12.309],[122.604,12.492],[122.423,12.455],[122.603,12.286],[122.654,12.309]]],[[[123.717,12.287],[123.463,12.501],[123.236,12.583],[123.267,12.395],[123.211,12.107],[123.293,12.036],[123.419,12.194],[123.531,12.197],[123.612,12.09],[123.983,11.819],[124.04,11.967],[123.908,12.169],[123.717,12.287]]],[[[124.354,13.632],[124.417,13.871],[124.225,14.078],[124.123,13.98],[124.124,13.79],[124.039,13.663],[124.175,13.532],[124.354,13.632]]],[[[122.033,15.005],[121.84,15.038],[121.82,14.964],[121.923,14.8],[122.033,15.005]]],[[[124.608,11.492],[124.511,11.687],[124.36,11.666],[124.483,11.486],[124.608,11.492]]]]},"properties":{"code":"PHL","name":"Philippines"}},
{"type":"Feature","geometry":{"type":"Polygon","coordinates":[[[-69.966,-4.236],[-70.168,-4.05],[-70.24,-3.883],[-70.34,-3.814],[-70.53,-3.866],[-70.735,-3.782],[-70.074,-2.75],[-70.096,-2.658],[-70.576,-2.418],[-70.915,-2.219],[-71.113,-2.245],[-71.196,-2.313],[-71.397,-2.334],[-71.559,-2.224],[-71.753,-2.153],[-71.984,-2.327],[-72.396,-2.429],[-72.625,-2.352],[-72.887,-2.408],[-73.154,-2.278],[-73.127,-2.081],[-73.197,-1.83],[-73.496,-1.693],[-73.494,-1.537],[-73.664,-1.249],[-73.863,-1.197],[-74.054,-1.029],[-74.246,-0.971],[-74.334,-0.851],[-74.418,-0.581],[-74.616,-0.37],[-74.755,-0.299],[-74.802,-0.2],[-74.945,-0.188],[-75.138,-0.05],[-75.284,-0.107],[-75.476,-0.157],[-75.425,-0.409],[-75.263,-0.555],[-75.284,-0.707],[-75.25,-0.952],[-75.42,-0.962],[-75.571,-1.531],[-76.09,-2.133],[-76.679,-2.563],[-77.861,-2.982],[-78.183,-3.35],[-78.226,-3.489],[-78.347,-3.431],[-78.42,-3.777],[-78.55,-3.987],[-78.679,-4.326],[-78.686,-4.562],[-78.862,-4.665],[-79.076,-4.991],[-79.331,-4.928],[-79.502,-4.671],[-79.516,-4.539],[-79.639,-4.455],[-79.797,-4.476],[-80.14,-4.296],[-80.383,-4.464],[-80.488,-4.394],[-80.454,-4.205],[-80.51,-4.07],[-80.437,-3.979],[-80.303,-4.005],[-80.179,-3.878],[-80.274,-3.425],[-80.325,-3.388],[-80.504,-3.496],[-80.799,-3.731],[-80.892,-3.882],[-81.232,-4.234],[-81.283,-4.322],[-81.337,-4.67],[-81.108,-5.028],[-81.168,-5.167],[-80.943,-5.475],[-80.883,-5.759],[-80.992,-5.861],[-81.092,-5.812],[-81.181,-5.942],[-81.142,-6.057],[-80.812,-6.282],[-80.11,-6.65],[-79.762,-7.067],[-79.618,-7.296],[-79.589,-7.419],[-79.377,-7.836],[-79.012,-8.21],[-78.925,-8.405],[-78.762,-8.617],[-78.755,-8.74],[-78.58,-9.157],[-78.446,-9.371],[-78.186,-10.089],[-78.095,-10.261],[-77.736,-10.837],[-77.664,-11.022],[-77.633,-11.288],[-77.31,-11.532],[-77.22,-11.663],[-77.153,-12.06],[-76.832,-12.349],[-76.758,-12.527],[-76.555,-12.823],[-76.427,-13.11],[-76.224,-13.371],[-76.184,-13.515],[-76.297,-13.948],[-76.289,-14.133],[-76.136,-14.32],[-75.934,-14.634],[-75.534,-14.899],[-75.397,-15.094],[-75.275,-15.178],[-75.104,-15.412],[-74.555,-15.699],[-74.373,-15.834],[-74.147,-15.912],[-73.825,-16.153],[-73.4,-16.304],[-72.794,-16.615],[-72.468,-16.708],[-72.111,-17.003],[-71.868,-17.151],[-71.532,-17.294],[-71.399,-17.422],[-71.337,-17.683],[-70.942,-17.932],[-70.817,-18.053],[-70.418,-18.346],[-70.184,-18.325],[-69.926,-18.206],[-69.84,-18.093],[-69.802,-17.9],[-69.852,-17.704],[-69.685,-17.65],[-69.511,-17.506],[-69.522,-17.389],[-69.625,-17.2],[-69.438,-17.088],[-69.2,-16.768],[-69.021,-16.642],[-69.006,-16.434],[-68.858,-16.355],[-68.913,-16.262],[-69.134,-16.222],[-69.218,-16.149],[-69.392,-15.737],[-69.419,-15.603],[-69.172,-15.237],[-69.375,-14.963],[-69.359,-14.795],[-69.235,-14.597],[-69.013,-14.377],[-69.004,-14.265],[-68.88,-14.199],[-69.074,-13.683],[-68.983,-13.496],[-68.979,-12.88],[-68.759,-12.687],[-68.685,-12.502],[-69.579,-10.952],[-69.96,-10.93],[-70.22,-11.048],[-70.392,-11.059],[-70.533,-10.947],[-70.642,-11.01],[-70.637,-9.824],[-70.567,-9.705],[-70.637,-9.478],[-70.971,-9.766],[-71.238,-9.966],[-71.608,-10.006],[-72.182,-10.004],[-72.173,-9.844],[-72.26,-9.774],[-72.318,-9.557],[-72.379,-9.51],[-72.814,-9.41],[-73.209,-9.411],[-72.97,-9.12],[-72.974,-8.993],[-73.203,-8.719],[-73.302,-8.654],[-73.36,-8.479],[-73.549,-8.346],[-73.61,-8.145],[-73.776,-7.936],[-73.72,-7.783],[-73.822,-7.739],[-74.002,-7.556],[-73.964,-7.379],[-73.749,-7.335],[-73.723,-7.263],[-73.805,-7.08],[-73.758,-6.906],[-73.5,-6.679],[-73.137,-6.466],[-73.135,-6.344],[-73.236,-6.098],[-72.98,-5.635],[-72.887,-5.123],[-72.699,-5.067],[-72.257,-4.749],[-71.845,-4.504],[-71.521,-4.47],[-70.974,-4.35],[-70.8,-4.173],[-70.405,-4.15],[-70.239,-4.301],[-70.053,-4.333],[-69.966,-4.236]]]},"properties":{"code":"PER","name":"Peru"}},
{"type":"Feature","geometry":{"type":"Polygon","coordinates":[[[-58.16,-20.165],[-58.14,-19.999],[-58.18,-19.818],[-59.091,-19.286],[-60.007,-19.298],[-61.512,-19.606],[-61.757,-19.645],[-61.917,-20.055],[-62.276,-20.562],[-62.277,-21.066],[-62.651,-22.234],[-62.626,-22.29],[-62.373,-22.439],[-62.214,-22.612],[-62.067,-22.869],[-61.799,-23.182],[-61.506,-23.392],[-61.208,-23.557],[-61.033,-23.756],[-60.84,-23.858],[-60.505,-23.964],[-60.11,-24.009],[-59.892,-24.094],[-59.609,-24.267],[-59.373,-24.454],[-58.724,-24.787],[-58.52,-24.843],[-58.365,-24.959],[-58.136,-24.977],[-57.822,-25.136],[-57.587,-25.405],[-57.572,-25.534],[-57.755,-25.697],[-57.891,-26.007],[-58.082,-26.139],[-58.203,-26.381],[-58.191,-26.63],[-58.323,-26.858],[-58.485,-26.968],[-58.642,-27.196],[-58.605,-27.314],[-58.168,-27.273],[-57.812,-27.317],[-57.391,-27.43],[-57.112,-27.47],[-56.872,-27.441],[-56.716,-27.494],[-56.603,-27.468],[-56.437,-27.554],[-56.164,-27.321],[-55.951,-27.326],[-55.79,-27.416],[-55.633,-27.357],[-55.597,-27.208],[-55.427,-27.009],[-55.136,-26.931],[-54.755,-26.533],[-54.678,-26.309],[-54.632,-26.006],[-54.616,-25.576],[-54.611,-25.433],[-54.473,-25.22],[-54.413,-24.867],[-54.313,-24.528],[-54.281,-24.306],[-54.318,-24.128],[-54.242,-24.047],[-54.625,-23.812],[-54.983,-23.975],[-55.194,-24.017],[-55.366,-23.991],[-55.442,-23.865],[-55.459,-23.687],[-55.538,-23.581],[-55.518,-23.416],[-55.654,-22.81],[-55.618,-22.671],[-55.747,-22.513],[-55.849,-22.308],[-56.19,-22.281],[-56.524,-22.103],[-56.633,-22.235],[-56.937,-22.271],[-57.238,-22.195],[-57.569,-22.182],[-57.721,-22.099],[-57.82,-22.142],[-57.986,-22.046],[-57.916,-21.699],[-57.946,-21.494],[-57.873,-21.355],[-57.83,-20.998],[-57.979,-20.657],[-58.002,-20.465],[-58.125,-20.293],[-58.16,-20.165]]]},"properties":{"code":"PRY","name":"Paraguay"}},
{"type":"Feature","geometry":{"type":"MultiPolygon","coordinates":[[[[152.966,-4.756],[153.124,-4.252],[153.017,-4.106],[152.179,-3.41],[152.033,-3.251],[151.807,-3.173],[151.475,-2.942],[151.226,-2.87],[151.175,-2.789],[150.825,-2.573],[150.848,-2.78],[150.968,-2.78],[151.579,-3.154],[151.973,-3.453],[152.192,-3.506],[152.356,-3.668],[152.598,-3.995],[152.697,-4.282],[152.681,-4.498],[152.892,-4.832],[152.966,-4.756]]],[[[151.916,-4.297],[151.819,-4.217],[151.593,-4.201],[151.552,-4.346],[151.665,-4.637],[151.671,-4.883],[151.573,-4.937],[151.327,-4.96],[151.138,-5.113],[150.953,-5.424],[150.626,-5.521],[150.519,-5.46],[150.299,-5.536],[150.106,-5.429],[150.045,-5.035],[149.963,-5.448],[149.831,-5.524],[149.632,-5.516],[149.475,-5.573],[149.245,-5.573],[148.999,-5.485],[148.565,-5.508],[148.432,-5.472],[148.345,-5.545],[148.401,-5.765],[148.808,-5.916],[149.127,-6.128],[149.382,-6.078],[149.653,-6.29],[150.428,-6.276],[150.809,-6.071],[151.043,-6.015],[151.229,-5.92],[151.422,-5.747],[151.515,-5.552],[151.865,-5.565],[152.077,-5.458],[152.143,-5.357],[151.994,-5.149],[152.013,-5.004],[152.258,-4.955],[152.4,-4.731],[152.364,-4.491],[152.406,-4.341],[152.197,-4.285],[152.117,-4.212],[151.916,-4.297]]],[[[140.976,-9.119],[141.133,-9.221],[141.406,-9.151],[141.622,-9.211],[142.23,-9.17],[142.647,-9.328],[142.859,-9.203],[143.366,-8.961],[143.392,-8.802],[143.307,-8.661],[143.112,-8.475],[142.798,-8.345],[143.095,-8.311],[143.614,-8.2],[143.552,-7.985],[143.779,-8.028],[143.942,-7.944],[143.898,-7.674],[144.225,-7.765],[144.51,-7.567],[144.773,-7.642],[144.974,-7.802],[145.288,-7.862],[145.468,-7.93],[145.729,-7.952],[146.033,-8.076],[146.184,-8.246],[146.296,-8.456],[146.456,-8.644],[146.697,-9.025],[146.913,-9.092],[146.925,-9.247],[147.017,-9.388],[147.408,-9.675],[147.553,-9.912],[147.769,-10.07],[148.051,-10.128],[148.15,-10.107],[148.383,-10.185],[148.713,-10.167],[148.937,-10.255],[149.353,-10.29],[149.754,-10.353],[150.017,-10.577],[150.32,-10.655],[150.482,-10.637],[150.647,-10.518],[150.489,-10.426],[150.667,-10.257],[150.364,-10.19],[149.874,-10.013],[149.761,-9.806],[149.985,-9.737],[149.974,-9.661],[149.476,-9.588],[149.263,-9.498],[149.203,-9.407],[149.264,-9.181],[149.248,-9.071],[149.097,-9.017],[148.792,-9.089],[148.583,-9.052],[148.451,-8.695],[148.247,-8.554],[148.127,-8.104],[147.724,-7.876],[147.19,-7.378],[147.105,-7.167],[146.961,-6.929],[146.954,-6.834],[147.119,-6.722],[147.356,-6.742],[147.71,-6.724],[147.846,-6.662],[147.802,-6.315],[147.567,-6.057],[147.377,-5.951],[147.034,-5.919],[146.403,-5.617],[146.205,-5.545],[145.853,-5.471],[145.745,-5.402],[145.793,-5.178],[145.767,-4.823],[145.335,-4.385],[145.088,-4.349],[144.738,-4.029],[144.627,-3.993],[144.478,-3.825],[144.122,-3.815],[144.016,-3.784],[143.509,-3.431],[142.905,-3.321],[142.212,-3.083],[141.986,-2.964],[141.186,-2.628],[140.973,-2.61],[140.975,-6.346],[140.875,-6.612],[140.862,-6.74],[140.975,-6.905],[140.976,-9.119]]],[[[148.026,-5.826],[148.055,-5.612],[147.846,-5.491],[147.781,-5.627],[147.875,-5.749],[148.026,-5.826]]],[[[149.765,-1.553],[149.725,-1.431],[149.581,-1.353],[149.546,-1.472],[149.671,-1.576],[149.765,-1.553]]],[[[151.081,-10.02],[151.051,-9.939],[150.862,-9.802],[150.959,-10.093],[151.231,-10.195],[151.296,-9.957],[151.081,-10.02]]],[[[150.345,-9.494],[150.32,-9.264],[150.208,-9.206],[150.11,-9.362],[150.273,-9.5],[150.345,-9.494]]],[[[147.176,-5.432],[147.206,-5.252],[147.131,-5.191],[147.006,-5.307],[147.176,-5.432]]],[[[147.068,-1.96],[146.656,-1.974],[146.546,-2.209],[146.748,-2.149],[146.926,-2.189],[147.206,-2.182],[147.401,-2.025],[147.068,-1.96]]],[[[150.437,-2.662],[150.429,-2.47],[150.227,-2.384],[150.103,-2.405],[150.043,-2.512],[150.166,-2.66],[150.437,-2.662]]],[[[150.528,-9.347],[150.435,-9.435],[150.508,-9.536],[150.436,-9.625],[150.894,-9.667],[150.879,-9.513],[150.789,-9.418],[150.669,-9.429],[150.528,-9.347]]],[[[152.631,-8.959],[152.72,-9.167],[152.867,-9.224],[152.985,-9.151],[152.81,-8.967],[152.631,-8.959]]],[[[153.536,-11.476],[153.307,-11.356],[153.234,-11.42],[153.379,-11.56],[153.554,-11.631],[153.536,-11.476]]],[[[155.958,-6.687],[155.823,-6.38],[155.638,-6.221],[155.467,-6.145],[155.373,-5.974],[155.228,-5.865],[155.094,-5.62],[154.997,-5.54],[154.741,-5.545],[154.709,-5.747],[154.782,-5.971],[155.01,-6.21],[155.202,-6.308],[155.209,-6.527],[155.344,-6.722],[155.521,-6.83],[155.719,-6.863],[155.958,-6.687]]],[[[154.647,-5.433],[154.727,-5.218],[154.682,-5.054],[154.54,-5.111],[154.647,-5.433]]]]},"properties":{"code":"PNG","name":"Papua New Guinea"}},
{"type":"Feature","geometry":{"type":"MultiPolygon","coordinates":[[[[-77.374,8.658],[-77.697,8.889],[-77.831,9.068],[-78.083,9.236],[-78.504,9.406],[-78.932,9.428],[-79.017,9.51],[-79.577,9.598],[-79.855,9.378],[-79.978,9.344],[-80.127,9.21],[-80.547,9.082],[-80.839,8.887],[-81.063,8.813],[-81.355,8.781],[-81.546,8.827],[-81.712,9.019],[-81.78,8.957],[-82.078,8.935],[-82.244,9.031],[-82.235,9.142],[-82.34,9.209],[-82.371,9.429],[-82.564,9.577],[-82.644,9.506],[-82.801,9.592],[-82.94,9.449],[-82.94,9.06],[-82.741,8.952],[-82.917,8.74],[-82.856,8.635],[-82.862,8.454],[-82.998,8.368],[-82.879,8.071],[-82.866,8.246],[-82.68,8.322],[-82.224,8.23],[-81.973,8.215],[-81.728,8.138],[-81.504,7.721],[-81.268,7.625],[-81.195,7.668],[-81.158,7.854],[-81.035,7.711],[-80.846,7.22],[-80.439,7.275],[-80.287,7.426],[-80.111,7.433],[-80.011,7.5],[-80.075,7.667],[-80.458,8.077],[-80.459,8.214],[-80.369,8.289],[-80.126,8.35],[-79.75,8.596],[-79.816,8.639],[-79.687,8.851],[-79.442,9.006],[-79.086,8.997],[-78.621,8.714],[-78.514,8.628],[-78.469,8.447],[-78.35,8.46],[-78.114,8.38],[-78.281,8.248],[-78.255,8.139],[-78.422,8.061],[-78.378,7.9],[-78.17,7.544],[-77.901,7.229],[-77.828,7.443],[-77.744,7.537],[-77.587,7.543],[-77.351,7.706],[-77.346,7.837],[-77.216,7.933],[-77.212,8.034],[-77.407,8.427],[-77.479,8.498],[-77.374,8.658]]],[[[-81.603,7.333],[-81.671,7.523],[-81.812,7.592],[-81.852,7.453],[-81.77,7.37],[-81.603,7.333]]]]},"properties":{"code":"PAN","name":"Panama"}},
{"type":"Feature","geometry":{"type":"Polygon","coordinates":[[[134.595,7.382],[134.66,7.663],[134.556,7.594],[134.506,7.437],[134.595,7.382]]]},"properties":{"code":"PLW","name":"Palau"}},
{"type":"Feature","geometry":{"type":"Polygon","coordinates":[[[76.767,35.662],[76.563,35.773],[76.551,35.887],[76.252,35.811],[76.148,35.829],[76.071,35.983],[75.945,36.018],[75.974,36.382],[75.84,36.65],[75.667,36.742],[75.424,36.738],[75.347,36.913],[75.054,36.987],[74.889,36.952],[74.692,37.036],[74.541,37.022],[74.002,36.823],[73.769,36.888],[73.117,36.869],[72.623,36.83],[72.157,36.701],[71.822,36.486],[71.621,36.436],[71.233,36.122],[71.185,36.042],[71.428,35.834],[71.601,35.408],[71.546,35.289],[71.621,35.183],[71.455,34.967],[71.294,34.868],[70.966,34.53],[71.096,34.369],[71.052,34.05],[70.848,33.982],[70.416,33.95],[69.995,34.052],[69.868,33.898],[70.057,33.72],[70.284,33.369],[70.261,33.289],[69.92,33.113],[69.704,33.095],[69.502,33.02],[69.405,32.683],[69.241,32.434],[69.279,31.937],[69.083,31.738],[68.869,31.634],[68.782,31.646],[68.598,31.803],[68.443,31.754],[68.214,31.807],[68.017,31.678],[67.74,31.548],[67.578,31.506],[67.738,31.344],[67.453,31.235],[67.287,31.218],[66.924,31.306],[66.731,31.195],[66.567,30.997],[66.397,30.912],[66.287,30.608],[66.305,30.321],[66.247,30.044],[66.313,29.969],[66.177,29.836],[65.096,29.559],[64.521,29.565],[64.266,29.507],[64.099,29.392],[63.568,29.498],[62.477,29.408],[62.373,29.425],[60.843,29.859],[61.318,29.373],[61.338,29.265],[61.623,28.792],[61.89,28.547],[62.353,28.415],[62.565,28.235],[62.763,28.202],[62.74,28.002],[62.812,27.497],[62.763,27.25],[62.915,27.218],[63.167,27.252],[63.256,27.208],[63.25,26.879],[63.168,26.666],[63.093,26.632],[62.787,26.644],[62.439,26.561],[62.312,26.491],[62.239,26.357],[61.87,26.242],[61.81,26.165],[61.754,25.843],[61.669,25.769],[61.588,25.202],[61.744,25.138],[62.089,25.155],[62.199,25.225],[62.315,25.135],[62.572,25.255],[63.015,25.225],[63.17,25.255],[63.491,25.211],[63.557,25.353],[63.721,25.386],[63.936,25.343],[64.059,25.403],[64.152,25.333],[64.544,25.237],[64.659,25.184],[64.777,25.307],[65.061,25.311],[65.406,25.374],[65.68,25.355],[66.131,25.493],[66.219,25.59],[66.429,25.575],[66.699,25.226],[66.703,24.861],[67.171,24.756],[67.289,24.368],[67.309,24.175],[67.668,23.811],[68.165,23.857],[68.283,23.928],[68.489,23.967],[68.724,23.965],[68.728,24.266],[68.901,24.292],[69.12,24.269],[69.559,24.273],[69.716,24.173],[70.021,24.192],[70.098,24.288],[70.547,24.418],[70.579,24.279],[70.716,24.238],[71.044,24.4],[70.973,24.487],[71.048,24.688],[70.878,25.063],[70.652,25.423],[70.648,25.667],[70.265,25.707],[70.1,25.91],[70.078,26.072],[70.133,26.215],[70.157,26.471],[70.059,26.579],[69.736,26.627],[69.47,26.804],[69.568,27.175],[69.896,27.474],[70.145,27.849],[70.404,28.025],[70.629,27.937],[70.737,27.729],[70.875,27.714],[71.185,27.832],[71.543,27.87],[71.87,27.963],[71.948,28.177],[72.179,28.422],[72.342,28.752],[72.903,29.029],[73.231,29.551],[73.382,29.934],[73.809,30.093],[73.933,30.222],[73.899,30.435],[74.009,30.52],[74.216,30.769],[74.633,31.035],[74.518,31.186],[74.594,31.465],[74.51,31.713],[74.556,31.819],[74.739,31.949],[75.254,32.14],[75.333,32.279],[75.234,32.372],[74.987,32.462],[74.789,32.458],[74.658,32.519],[74.663,32.758],[74.355,32.769],[74.304,32.992],[74.126,33.075],[73.994,33.242],[74.118,33.384],[74.15,33.507],[74.004,33.632],[74.001,33.788],[74.216,33.887],[74.209,34.003],[73.95,34.019],[73.979,34.191],[73.812,34.422],[73.961,34.653],[74.3,34.765],[74.952,34.646],[75.188,34.639],[75.453,34.537],[75.709,34.503],[76.041,34.67],[76.172,34.668],[76.457,34.756],[76.594,34.736],[76.783,34.9],[77.001,34.992],[77.049,35.11],[76.767,35.662]]]},"properties":{"code":"PAK","name":"Pakistan"}},
{"type":"Feature","geometry":{"type":"MultiPolygon","coordinates":[[[[53.086,16.648],[53.298,16.723],[53.61,16.76],[53.954,16.918],[54.068,17.006],[54.567,17.031],[54.772,16.965],[55.064,17.039],[55.174,17.158],[55.296,17.382],[55.255,17.586],[55.479,17.843],[55.614,17.886],[56.27,17.951],[56.383,17.988],[56.551,18.166],[56.655,18.587],[56.826,18.754],[57.177,18.903],[57.676,18.958],[57.812,19.017],[57.715,19.607],[57.862,20.244],[58.103,20.57],[58.245,20.599],[58.209,20.424],[58.474,20.407],[58.69,20.807],[58.896,21.113],[59.069,21.289],[59.371,21.499],[59.518,21.782],[59.653,21.951],[59.8,22.22],[59.823,22.509],[59.535,22.579],[59.311,22.793],[59.195,22.972],[59.03,23.131],[58.773,23.517],[58.578,23.643],[58.325,23.624],[58.12,23.717],[57.611,23.804],[57.22,23.923],[56.913,24.15],[56.641,24.47],[56.49,24.716],[56.388,24.979],[56.064,24.739],[55.916,24.972],[55.796,24.868],[55.804,24.636],[55.768,24.491],[55.806,24.35],[55.761,24.243],[55.929,24.215],[55.985,24.063],[55.548,23.991],[55.468,23.941],[55.508,23.725],[55.2,23.035],[55.186,22.704],[55.641,22.002],[54.977,19.996],[51.978,18.996],[52.729,17.3],[52.801,17.268],[53.086,16.648]]],[[[56.298,25.651],[56.374,25.805],[56.43,26.327],[56.164,26.207],[56.08,26.063],[56.167,26.047],[56.145,25.691],[56.298,25.651]]]]},"properties":{"code":"OMN","name":"Oman"}},
{"type":"Feature","geometry":{"type":"MultiPolygon","coordinates":[[[[20.622,69.037],[20.889,69.071],[21.066,69.042],[21.053,69.187],[21.267,69.274],[21.622,69.271],[22.3,68.856],[22.411,68.72],[23.324,68.649],[23.707,68.714],[23.854,68.806],[23.997,68.798],[24.332,68.712],[24.941,68.593],[25.087,68.64],[25.173,68.765],[25.357,68.862],[25.575,68.887],[25.748,68.99],[25.749,69.231],[26.012,69.653],[26.308,69.782],[26.525,69.915],[26.74,69.933],[27.109,69.905],[27.592,70.042],[27.89,70.062],[28.047,69.972],[28.412,69.823],[29.142,69.671],[29.333,69.473],[29.239,69.394],[28.846,69.177],[28.966,69.022],[29.21,69.097],[29.388,69.298],[29.994,69.392],[30.132,69.464],[30.228,69.634],[30.615,69.533],[30.861,69.538],[30.924,69.652],[30.87,69.783],[30.484,69.795],[30.18,69.841],[30.155,69.746],[29.792,69.728],[29.636,69.78],[29.601,69.977],[28.804,70.093],[28.781,70.145],[29.926,70.096],[30.263,70.125],[30.469,70.198],[30.944,70.274],[30.926,70.401],[30.596,70.524],[30.213,70.543],[30.238,70.622],[30.065,70.703],[29.796,70.643],[29.639,70.705],[29.398,70.734],[29.102,70.861],[28.832,70.864],[28.609,70.76],[28.437,70.501],[28.31,70.443],[28.166,70.288],[28.216,70.704],[28.383,70.869],[28.392,70.975],[28.142,71.043],[27.597,71.091],[27.332,70.997],[27.309,70.804],[27.184,70.744],[26.989,70.511],[26.666,70.422],[26.584,70.454],[26.734,70.854],[26.661,70.94],[26.507,70.913],[26.231,70.783],[25.988,70.625],[25.471,70.341],[25.419,70.235],[25.212,70.136],[25.044,70.109],[24.994,70.218],[25.146,70.324],[25.274,70.552],[25.768,70.853],[25.436,70.912],[25.265,70.844],[24.765,71.008],[24.658,71.001],[24.263,70.826],[24.404,70.745],[24.038,70.485],[23.897,70.479],[23.661,70.4],[23.379,70.247],[23.258,69.993],[23.046,70.102],[22.941,70.305],[22.685,70.375],[22.421,70.338],[22.322,70.265],[22.219,70.309],[21.996,70.293],[21.78,70.23],[21.539,70.258],[21.4,70.174],[21.803,70.066],[21.893,70.004],[21.932,69.815],[21.433,70.013],[21.254,70.003],[21.163,69.89],[20.971,69.916],[20.622,69.914],[20.546,69.851],[20.563,69.633],[20.487,69.542],[20.198,69.371],[20.387,69.868],[20.324,69.945],[20.069,69.883],[19.865,69.722],[19.737,69.504],[19.687,69.805],[19.197,69.748],[19.038,69.66],[18.991,69.561],[18.674,69.52],[18.646,69.322],[18.483,69.365],[18.293,69.475],[18.079,69.325],[18.101,69.156],[17.705,69.1],[17.546,69.001],[17.391,68.799],[17.131,68.693],[16.885,68.685],[16.652,68.626],[16.585,68.466],[17.202,68.459],[17.094,68.368],[16.865,68.355],[16.619,68.406],[16.388,68.39],[16.175,68.281],[16.26,68.145],[16.259,68.001],[16.121,68.027],[16.008,68.229],[15.657,68.164],[15.316,68.069],[15.274,67.961],[15.048,67.956],[14.799,67.809],[14.855,67.663],[15.219,67.655],[15.289,67.483],[14.962,67.574],[14.755,67.499],[14.448,67.298],[14.473,67.143],[14.109,67.119],[13.88,66.965],[13.652,66.907],[13.621,66.795],[13.312,66.702],[13.105,66.539],[13.068,66.431],[13.119,66.231],[13.352,66.237],[13.973,66.32],[13.916,66.247],[13.674,66.18],[13.387,66.183],[12.784,66.1],[12.976,66.019],[12.689,65.902],[12.628,65.806],[12.273,65.568],[12.122,65.362],[12.134,65.279],[12.512,65.195],[12.508,65.099],[12.307,65.086],[12.16,65.179],[11.489,64.976],[11.35,64.906],[11.225,64.679],[10.932,64.578],[10.834,64.494],[10.566,64.418],[10.236,64.18],[10.01,64.083],[9.864,63.918],[9.708,63.865],[9.567,63.706],[9.767,63.7],[9.924,63.522],[10.055,63.513],[10.339,63.571],[10.935,63.77],[10.914,63.921],[11.307,64.049],[11.371,63.805],[11.118,63.719],[10.725,63.625],[10.591,63.447],[10.34,63.469],[9.979,63.395],[9.936,63.479],[9.697,63.625],[9.324,63.57],[9.156,63.459],[9.136,63.594],[8.842,63.646],[8.576,63.601],[8.398,63.535],[8.387,63.445],[8.594,63.426],[8.58,63.313],[8.271,63.287],[8.158,63.162],[8.609,62.881],[8.211,62.996],[8.101,63.091],[7.86,63.113],[7.572,63.1],[7.389,63.023],[7.008,62.958],[6.782,62.79],[6.78,62.701],[7.242,62.752],[7.538,62.672],[7.492,62.543],[7.284,62.602],[6.745,62.638],[6.353,62.611],[6.118,62.447],[6.083,62.35],[5.908,62.416],[5.533,62.311],[5.358,62.152],[5.143,62.16],[5.16,61.957],[5.473,61.946],[6.131,61.852],[6.016,61.788],[5.465,61.897],[4.985,61.9],[4.928,61.711],[5.099,61.62],[5.258,61.455],[5.003,61.434],[5.022,61.251],[5.325,61.108],[5.647,61.148],[6.083,61.167],[6.383,61.134],[6.543,61.245],[6.943,61.161],[7.276,61.181],[7.276,61.284],[7.545,61.177],[7.04,61.091],[6.972,61.056],[6.778,61.142],[6.418,61.084],[5.984,61.117],[5.505,61.056],[5.095,61.071],[5.009,61.038],[5.049,60.708],[5.244,60.57],[5.137,60.446],[5.286,60.206],[5.22,59.979],[5.119,59.834],[5.111,59.668],[5.234,59.692],[5.495,59.826],[5.699,60.01],[5.877,60.07],[5.904,60.151],[6.153,60.346],[6.347,60.419],[6.806,60.501],[6.661,60.367],[6.518,60.408],[6.141,60.233],[6.112,60.132],[5.73,59.863],[5.867,59.734],[5.772,59.661],[5.472,59.713],[5.305,59.643],[5.185,59.454],[5.132,59.226],[5.173,59.163],[5.362,59.166],[5.564,59.291],[5.845,59.353],[6.159,59.49],[6.199,59.438],[5.952,59.299],[5.969,59.186],[5.889,59.06],[6.099,58.952],[6.099,58.87],[5.612,59.013],[5.556,58.975],[5.517,58.727],[5.707,58.524],[6.055,58.375],[6.389,58.268],[6.66,58.263],[6.591,58.097],[6.731,58.068],[6.803,58.155],[7.005,58.024],[7.194,58.048],[7.466,58.021],[7.876,58.08],[8.166,58.145],[8.521,58.301],[8.928,58.57],[9.323,58.748],[9.31,58.857],[9.8,59.027],[9.843,58.958],[10.083,59.029],[10.179,59.009],[10.431,59.28],[10.398,59.519],[10.634,59.602],[10.645,59.389],[10.834,59.184],[11.366,59.105],[11.388,59.037],[11.471,58.91],[11.643,58.926],[11.712,59.019],[11.798,59.29],[11.681,59.592],[11.834,59.697],[11.932,59.864],[12.169,59.913],[12.486,60.107],[12.516,60.305],[12.589,60.451],[12.554,60.546],[12.315,60.892],[12.294,61.003],[12.683,61.047],[12.828,61.222],[12.881,61.352],[12.596,61.541],[12.155,61.721],[12.292,62.167],[12.304,62.286],[12.115,62.592],[12.109,62.919],[12.218,63.001],[12,63.292],[12.212,63.492],[12.175,63.596],[12.663,63.94],[12.988,64.05],[13.3,64.075],[13.961,64.014],[14.141,64.174],[14.078,64.464],[13.65,64.582],[14.115,64.946],[14.48,65.301],[14.55,65.646],[14.635,65.845],[14.543,66.129],[15.153,66.191],[15.484,66.306],[15.423,66.49],[15.884,66.769],[16.404,67.055],[16.361,67.252],[16.127,67.426],[16.194,67.505],[16.457,67.552],[16.586,67.628],[16.784,67.895],[17.325,68.104],[17.917,67.965],[18.177,68.201],[18.163,68.528],[18.379,68.562],[18.77,68.5],[19.053,68.493],[19.97,68.356],[20.24,68.478],[20.147,68.607],[20.319,68.754],[20.337,68.9],[20.117,69.021],[20.622,69.037]]],[[[23.441,70.816],[23.205,70.815],[22.964,70.711],[22.858,70.728],[22.421,70.703],[22.169,70.562],[22.359,70.515],[22.656,70.559],[22.829,70.542],[23.068,70.594],[23.387,70.754],[23.441,70.816]]],[[[25.586,71.142],[25.423,71.097],[25.582,70.961],[25.76,70.954],[26.134,70.996],[25.945,71.105],[25.586,71.142]]],[[[23.615,70.549],[23.547,70.617],[23.248,70.505],[22.941,70.445],[23.1,70.296],[23.271,70.296],[23.641,70.464],[23.615,70.549]]],[[[24.018,70.567],[24.078,70.651],[23.778,70.747],[23.67,70.597],[23.827,70.527],[24.018,70.567]]],[[[13.873,68.265],[13.538,68.249],[13.429,68.163],[13.3,68.16],[13.229,67.995],[13.584,68.094],[13.778,68.105],[13.873,68.265]]],[[[15.207,68.943],[15.038,68.894],[14.872,68.914],[14.802,68.791],[14.554,68.819],[14.373,68.711],[14.521,68.633],[14.743,68.677],[14.89,68.611],[15.222,68.616],[15.348,68.672],[15.397,68.784],[15.207,68.943]]],[[[19.767,70.217],[19.781,70.077],[20.006,70.076],[19.91,70.202],[19.767,70.217]]],[[[20.779,70.09],[20.819,70.205],[20.493,70.203],[20.464,70.077],[20.779,70.09]]],[[[19.255,70.066],[19.213,70.247],[19.06,70.167],[18.969,70.043],[18.512,69.769],[18.349,69.768],[18.13,69.558],[18.274,69.535],[18.785,69.579],[18.807,69.64],[19.131,69.81],[19.335,69.82],[19.592,69.97],[19.5,70.048],[19.344,70.012],[19.255,70.066]]],[[[11.231,64.866],[11.133,64.976],[10.813,64.923],[10.833,64.843],[11.231,64.866]]],[[[17.503,69.596],[17.361,69.381],[17.083,69.399],[17.002,69.362],[16.96,69.069],[17.161,69.026],[17.488,69.197],[17.568,69.16],[17.951,69.198],[17.942,69.329],[18.077,69.396],[18.004,69.505],[17.784,69.563],[17.623,69.539],[17.503,69.596]]],[[[15.76,68.561],[15.928,68.733],[15.906,68.908],[15.812,69.024],[16.115,69.216],[16.048,69.302],[15.893,69.278],[15.483,69.043],[15.489,68.805],[15.413,68.616],[15.095,68.441],[14.586,68.4],[14.257,68.257],[14.35,68.178],[14.629,68.198],[14.927,68.307],[15.188,68.31],[15.28,68.374],[15.438,68.313],[15.913,68.389],[16.194,68.538],[16.519,68.633],[16.48,68.803],[16.329,68.876],[16.151,68.842],[16.06,68.681],[15.76,68.561]]],[[[-8.954,70.839],[-8.635,70.94],[-8.002,71.041],[-8.001,71.178],[-8.344,71.14],[-8.521,71.031],[-8.965,70.916],[-8.954,70.839]]],[[[19.219,74.391],[19.183,74.518],[18.861,74.514],[18.918,74.411],[19.099,74.352],[19.219,74.391]]],[[[26.876,78.649],[26.586,78.811],[26.46,78.72],[26.729,78.646],[26.876,78.649]]],[[[32.526,80.119],[33.557,80.198],[33.384,80.242],[31.482,80.108],[31.578,80.081],[32.526,80.119]]],[[[21.608,78.596],[20.363,78.515],[20.373,78.412],[20.528,78.326],[20.786,78.252],[20.845,78.166],[21.035,78.059],[21.608,77.916],[21.251,77.711],[21.201,77.619],[20.873,77.565],[20.928,77.46],[21.05,77.441],[22.255,77.529],[22.397,77.57],[22.554,77.267],[22.802,77.276],[23.101,77.385],[23.381,77.38],[23.841,77.498],[24.13,77.658],[24.902,77.757],[24.238,77.899],[23.883,77.865],[23.684,77.875],[23.117,77.992],[23.152,78.088],[23.352,78.186],[22.989,78.252],[22.449,78.215],[22.3,78.228],[22.207,78.408],[22.043,78.577],[21.608,78.596]]],[[[20.898,80.25],[20.359,80.401],[19.851,80.471],[19.751,80.227],[19.327,80.323],[19.343,80.116],[18.779,80.194],[18.089,80.171],[18.129,80.093],[18.344,80.06],[18.595,79.967],[18.325,79.86],[18.725,79.761],[19.4,79.727],[19.899,79.744],[20.123,79.779],[20.461,79.775],[20.493,79.633],[19.821,79.634],[20.128,79.49],[20.761,79.442],[20.861,79.398],[21.911,79.381],[22.866,79.412],[22.696,79.329],[22.904,79.231],[23.948,79.194],[24.133,79.215],[24.383,79.302],[24.751,79.365],[25.145,79.339],[25.641,79.403],[26.006,79.617],[26.221,79.677],[27.08,79.865],[27.199,79.907],[27.148,80.059],[26.861,80.16],[26.437,80.175],[25.836,80.175],[25.471,80.233],[24.547,80.295],[24.298,80.36],[24.234,80.303],[23.953,80.305],[23.688,80.207],[23.115,80.187],[23.225,80.318],[23.251,80.447],[22.897,80.469],[22.672,80.413],[22.451,80.402],[22.443,80.19],[22.29,80.049],[21.697,80.159],[21.549,80.243],[20.898,80.25]]],[[[16.787,79.907],[16.524,80.021],[16.246,80.049],[16.094,80.007],[16.1,79.884],[15.956,79.835],[15.816,79.682],[15.875,79.519],[16.254,79.112],[16.295,78.981],[15.66,79.235],[15.052,79.675],[14.832,79.766],[14.594,79.799],[14.04,79.586],[14.056,79.383],[13.957,79.34],[13.716,79.429],[13.384,79.481],[13.215,79.588],[12.555,79.569],[13.039,79.685],[13.778,79.715],[13.693,79.861],[13.108,79.832],[12.754,79.776],[12.28,79.816],[12.205,79.719],[11.702,79.821],[11.251,79.785],[11.185,79.72],[10.866,79.797],[10.738,79.52],[11.208,79.13],[11.339,79.109],[11.616,79.205],[11.58,79.283],[11.978,79.293],[11.893,79.152],[12.046,78.983],[11.548,78.983],[11.755,78.812],[11.774,78.716],[11.962,78.642],[12.258,78.595],[12.665,78.385],[13.15,78.238],[13.655,78.245],[14.11,78.271],[14.363,78.36],[14.515,78.581],[14.467,78.675],[14.689,78.721],[14.892,78.639],[15.137,78.664],[15.417,78.473],[15.944,78.493],[16.53,78.656],[16.449,78.504],[16.777,78.35],[15.875,78.339],[15.698,78.228],[15.341,78.221],[14.995,78.151],[14.248,78.071],[13.824,78.085],[13.681,78.028],[13.791,77.854],[14.09,77.771],[14.604,77.766],[15.585,77.869],[16.06,77.847],[16.853,77.912],[17.033,77.798],[16.206,77.782],[14.921,77.689],[14.695,77.525],[14.378,77.58],[14.071,77.564],[14.004,77.445],[14.145,77.336],[14.487,77.199],[15.124,77.085],[15.547,76.886],[16.238,76.702],[16.462,76.609],[16.7,76.579],[17.063,76.659],[16.977,76.812],[17.249,76.969],[17.153,77.049],[17.442,77.225],[17.623,77.399],[17.847,77.497],[18.228,77.523],[18.362,77.682],[18.439,78.025],[18.822,78.042],[18.995,78.081],[18.958,78.182],[19.056,78.319],[19.381,78.48],[19.769,78.623],[20.387,78.643],[20.725,78.672],[21.096,78.676],[21.312,78.796],[20.72,78.907],[20.767,79.059],[20.458,79.129],[20.163,79.146],[20.114,79.077],[19.894,79.056],[19.751,79.147],[19.49,79.176],[19.089,79.157],[18.772,79.26],[18.832,79.385],[18.748,79.488],[18.581,79.572],[18.272,79.601],[17.861,79.437],[17.715,79.431],[17.688,79.533],[17.956,79.704],[17.835,79.8],[17.578,79.885],[16.966,79.959],[16.787,79.907]]],[[[11.25,78.611],[11.124,78.753],[10.961,78.846],[10.558,78.903],[10.628,78.754],[10.789,78.687],[11.121,78.463],[11.372,78.439],[11.757,78.329],[11.965,78.225],[12.056,78.306],[11.826,78.436],[11.616,78.475],[11.25,78.611]]],[[[18.742,80.301],[18.519,80.348],[18.525,80.246],[18.742,80.301]]],[[[29.047,78.912],[28.845,78.971],[28.415,78.961],[28.495,78.887],[28.881,78.88],[29.047,78.912]]]]},"properties":{"code":"NOR","name":"Norway"}},
{"type":"Feature","geometry":{"type":"Polygon","coordinates":[[[128.375,38.623],[128.249,38.745],[127.972,38.898],[127.786,39.084],[127.395,39.208],[127.383,39.296],[127.549,39.461],[127.527,39.696],[127.568,39.782],[127.867,39.896],[127.967,39.996],[128.304,40.036],[128.611,40.198],[128.701,40.318],[129.11,40.491],[129.341,40.726],[129.709,40.857],[129.712,41.124],[129.766,41.304],[129.682,41.494],[129.756,41.712],[129.876,41.806],[130.068,42.046],[130.236,42.183],[130.458,42.302],[130.687,42.303],[130.527,42.535],[130.247,42.745],[130.24,42.892],[130.083,42.974],[129.898,42.998],[129.779,42.777],[129.72,42.475],[129.524,42.385],[129.314,42.414],[129.196,42.218],[128.923,42.038],[128.045,41.988],[128.033,41.898],[128.291,41.563],[128.111,41.389],[127.919,41.461],[127.688,41.44],[127.18,41.531],[127.007,41.742],[126.904,41.781],[126.601,41.641],[126.49,41.358],[126.254,41.138],[126.145,41.078],[125.989,40.905],[125.728,40.867],[125.417,40.66],[125.314,40.645],[124.889,40.46],[124.387,40.104],[124.362,40.004],[124.349,39.907],[124.557,39.791],[124.638,39.615],[124.775,39.758],[125.1,39.59],[125.361,39.527],[125.41,39.288],[125.157,38.872],[125.31,38.665],[125.067,38.557],[124.881,38.342],[124.875,38.233],[124.691,38.129],[125.193,38.038],[124.989,37.931],[125.311,37.844],[125.449,37.73],[125.769,37.985],[125.942,37.874],[126.203,37.829],[126.37,37.878],[126.634,37.782],[126.667,37.917],[127.01,38.241],[127.17,38.305],[127.746,38.319],[128.039,38.309],[128.169,38.359],[128.375,38.623]]]},"properties":{"code":"PRK","name":"North Korea"}},
{"type":"Feature","geometry":{"type":"Polygon","coordinates":[[[13.606,13.705],[13.324,13.671],[12.655,13.327],[12.463,13.094],[12.118,13.09],[11.99,13.192],[11.693,13.298],[11.412,13.354],[10.959,13.372],[10.476,13.33],[10.185,13.27],[9.929,13.135],[9.616,12.811],[9.202,12.821],[8.751,12.908],[8.456,13.06],[8.095,13.291],[7.789,13.338],[7.358,13.107],[7.173,13.086],[7.057,13],[6.937,13.008],[6.804,13.108],[6.627,13.364],[6.386,13.604],[5.492,13.873],[5.242,13.757],[4.823,13.76],[4.421,13.648],[4.148,13.458],[4.087,13.055],[3.948,12.775],[3.647,12.53],[3.618,11.828],[3.595,11.696],[3.491,11.499],[3.488,11.395],[3.716,11.08],[3.757,10.769],[3.834,10.607],[3.784,10.436],[3.68,10.428],[3.577,10.268],[3.646,10.16],[3.557,9.907],[3.325,9.778],[3.329,9.667],[3.136,9.452],[3.148,9.321],[3.045,9.084],[2.775,9.049],[2.733,8.783],[2.686,7.874],[2.75,7.395],[2.757,7.068],[2.721,6.98],[2.775,6.712],[2.706,6.369],[3.487,6.409],[4.126,6.411],[4.431,6.349],[4.861,6.026],[5.042,5.798],[5.232,5.484],[5.386,5.402],[5.383,5.129],[5.588,4.647],[5.799,4.456],[6.077,4.291],[6.757,4.344],[7.013,4.397],[7.155,4.514],[7.46,4.555],[7.644,4.525],[8.293,4.558],[8.431,4.746],[8.556,4.755],[8.801,5.197],[8.935,5.781],[9.06,6.009],[9.373,6.32],[9.66,6.532],[9.78,6.76],[10.144,6.996],[10.205,6.892],[10.482,6.891],[10.606,7.063],[10.738,6.988],[11.033,6.698],[11.08,6.506],[11.153,6.438],[11.325,6.485],[11.552,6.697],[11.58,6.889],[11.861,7.116],[11.767,7.272],[12.016,7.59],[12.025,7.728],[12.156,7.942],[12.233,8.282],[12.404,8.596],[12.583,8.624],[12.731,8.746],[12.807,8.887],[12.876,9.304],[12.929,9.426],[13.175,9.54],[13.221,9.645],[13.27,10.036],[13.415,10.171],[13.535,10.605],[13.892,11.14],[14.057,11.245],[14.202,11.268],[14.56,11.492],[14.562,11.729],[14.627,12.109],[14.519,12.298],[14.197,12.384],[14.064,13.079],[13.606,13.705]]]},"properties":{"code":"NGA","name":"Nigeria"}},
{"type":"Feature","geometry":{"type":"Polygon","coordinates":[[[13.606,13.705],[13.448,14.381],[13.642,14.631],[13.807,14.966],[14.368,15.75],[15.474,16.908],[15.596,18.337],[15.735,19.904],[15.949,20.303],[15.929,20.4],[15.587,20.733],[15.54,20.875],[15.607,20.954],[15.294,21.412],[15.182,21.523],[15.172,21.922],[14.979,22.996],[14.231,22.618],[14.201,22.624],[13.599,23.12],[13.481,23.18],[11.968,23.518],[7.482,20.873],[6.989,20.471],[5.837,19.479],[5.748,19.434],[4.228,19.143],[4.235,16.996],[4.203,16.963],[4.182,16.582],[4.121,16.358],[4.015,16.193],[3.877,15.755],[3.521,15.483],[3.504,15.356],[3.06,15.427],[3.001,15.341],[1.859,15.302],[1.3,15.272],[0.96,14.987],[0.719,14.955],[0.286,14.98],[0.217,14.911],[0.164,14.497],[0.383,14.246],[0.355,14.139],[0.429,13.972],[0.618,13.703],[0.978,13.552],[1.018,13.468],[0.973,13.17],[0.987,13.042],[1.097,13.001],[1.565,12.635],[1.79,12.613],[1.956,12.707],[2.074,12.714],[2.212,12.538],[2.204,12.413],[2.091,12.278],[2.389,11.897],[2.413,11.999],[2.366,12.222],[2.878,12.368],[3.15,12.118],[3.36,11.88],[3.595,11.696],[3.618,11.828],[3.647,12.53],[3.948,12.775],[4.087,13.055],[4.148,13.458],[4.421,13.648],[4.823,13.76],[5.242,13.757],[5.492,13.873],[6.386,13.604],[6.627,13.364],[6.804,13.108],[6.937,13.008],[7.057,13],[7.173,13.086],[7.358,13.107],[7.789,13.338],[8.095,13.291],[8.456,13.06],[8.751,12.908],[9.202,12.821],[9.616,12.811],[9.929,13.135],[10.185,13.27],[10.476,13.33],[10.959,13.372],[11.412,13.354],[11.693,13.298],[11.99,13.192],[12.118,13.09],[12.463,13.094],[12.655,13.327],[13.324,13.671],[13.606,13.705]]]},"properties":{"code":"NER","name":"Niger"}},
{"type":"Feature","geometry":{"type":"Polygon","coordinates":[[[-83.158,14.993],[-83.415,15.008],[-83.867,14.794],[-84.239,14.748],[-84.538,14.633],[-84.646,14.661],[-84.789,14.79],[-84.985,14.752],[-85.037,14.608],[-85.161,14.525],[-85.179,14.343],[-85.374,14.224],[-85.477,14.109],[-85.682,13.983],[-85.787,13.844],[-85.984,13.966],[-86.151,13.995],[-86.332,13.77],[-86.734,13.763],[-86.771,13.699],[-86.711,13.313],[-86.918,13.224],[-86.959,13.054],[-87.059,12.991],[-87.337,12.979],[-87.424,12.921],[-87.543,13.04],[-87.668,12.904],[-87.46,12.758],[-87.125,12.434],[-86.756,12.157],[-86.469,11.738],[-85.961,11.331],[-85.744,11.062],[-85.621,11.184],[-84.909,10.945],[-84.701,11.052],[-84.348,10.98],[-84.168,10.78],[-83.811,10.743],[-83.642,10.917],[-83.714,10.934],[-83.832,11.131],[-83.868,11.3],[-83.745,11.567],[-83.652,11.642],[-83.769,11.932],[-83.68,12.024],[-83.651,12.287],[-83.754,12.502],[-83.511,12.412],[-83.541,12.596],[-83.514,12.944],[-83.567,13.32],[-83.494,13.739],[-83.412,13.996],[-83.188,14.34],[-83.299,14.749],[-83.158,14.993]]]},"properties":{"code":"NIC","name":"Nicaragua"}},
{"type":"Feature","geometry":{"type":"MultiPolygon","coordinates":[[[[173.115,-41.279],[173.042,-40.954],[172.989,-40.848],[172.767,-40.773],[172.641,-40.518],[172.273,-40.759],[172.139,-40.947],[172.093,-41.202],[172.011,-41.445],[171.831,-41.655],[171.486,-41.795],[171.36,-42.08],[171.296,-42.303],[171.19,-42.5],[171.028,-42.696],[170.742,-42.927],[170.303,-43.108],[170.018,-43.349],[169.859,-43.426],[169.662,-43.591],[169.515,-43.624],[169.17,-43.777],[168.806,-43.992],[168.651,-43.972],[168.367,-44.082],[167.857,-44.501],[167.787,-44.595],[167.195,-44.963],[167.026,-45.124],[167.127,-45.266],[167.052,-45.383],[166.909,-45.307],[166.778,-45.41],[166.734,-45.544],[166.836,-45.775],[166.513,-45.812],[166.493,-45.964],[166.718,-45.889],[166.732,-46.198],[167.1,-46.249],[167.369,-46.242],[167.491,-46.155],[167.682,-46.193],[167.842,-46.366],[168.189,-46.362],[168.32,-46.447],[168.382,-46.605],[168.572,-46.611],[168.767,-46.566],[169.099,-46.631],[169.342,-46.621],[169.687,-46.552],[169.918,-46.334],[170.186,-46.161],[170.419,-45.941],[170.776,-45.871],[170.701,-45.684],[170.89,-45.374],[170.94,-45.216],[171.113,-45.039],[171.198,-44.768],[171.231,-44.521],[171.313,-44.302],[171.443,-44.136],[171.659,-44.117],[171.891,-44.007],[172.385,-43.83],[172.48,-43.727],[172.921,-43.891],[173.066,-43.875],[173.073,-43.676],[172.807,-43.621],[172.7,-43.4],[172.719,-43.259],[172.889,-43.124],[173.221,-42.977],[173.348,-42.841],[173.545,-42.518],[173.84,-42.271],[173.888,-42.13],[174.215,-41.85],[174.283,-41.741],[174.17,-41.657],[174.092,-41.505],[174.102,-41.366],[174.237,-41.312],[174.303,-41.02],[174.081,-41.006],[173.915,-41.07],[173.898,-40.951],[173.738,-40.989],[173.231,-41.284],[173.115,-41.279]]],[[[168.145,-46.862],[167.956,-46.694],[167.784,-46.7],[167.801,-46.907],[167.654,-47.044],[167.555,-47.264],[167.785,-47.176],[168.184,-47.102],[168.145,-46.862]]],[[[175.543,-36.279],[175.409,-36.071],[175.346,-36.218],[175.543,-36.279]]],[[[173.269,-34.935],[172.964,-34.535],[173.044,-34.429],[172.706,-34.455],[173.03,-34.8],[173.191,-35.016],[173.117,-35.205],[173.945,-36.176],[174.055,-36.36],[174.254,-36.249],[174.447,-36.451],[174.382,-36.726],[174.476,-36.942],[174.601,-36.986],[174.782,-36.944],[174.929,-37.085],[174.746,-37.15],[174.729,-37.449],[174.928,-37.804],[174.802,-37.896],[174.84,-38.023],[174.715,-38.226],[174.653,-38.428],[174.597,-38.785],[174.398,-38.963],[174.071,-39.031],[173.844,-39.139],[173.764,-39.319],[173.934,-39.509],[174.352,-39.643],[174.567,-39.813],[174.814,-39.86],[175.009,-39.952],[175.156,-40.115],[175.254,-40.289],[175.163,-40.622],[175.017,-40.848],[174.635,-41.289],[174.875,-41.278],[174.906,-41.433],[175.166,-41.417],[175.222,-41.574],[175.31,-41.611],[175.687,-41.412],[175.983,-41.213],[176.252,-40.877],[176.385,-40.668],[176.612,-40.442],[176.689,-40.293],[176.842,-40.158],[177.11,-39.673],[176.967,-39.605],[176.954,-39.368],[177.129,-39.186],[177.408,-39.081],[177.966,-39.142],[177.91,-39.022],[177.976,-38.722],[178.085,-38.694],[178.268,-38.551],[178.315,-38.444],[178.394,-37.96],[178.536,-37.692],[178.272,-37.567],[178.009,-37.555],[177.727,-37.706],[177.558,-37.897],[177.336,-37.991],[177.162,-37.986],[176.77,-37.89],[176.292,-37.68],[176.108,-37.645],[176.115,-37.538],[175.99,-37.437],[175.876,-36.958],[175.461,-36.476],[175.386,-36.556],[175.487,-36.69],[175.552,-37.046],[175.542,-37.201],[175.385,-37.207],[175.3,-36.993],[175.047,-36.912],[174.891,-36.909],[174.722,-36.841],[174.777,-36.65],[174.752,-36.491],[174.802,-36.309],[174.605,-36.081],[174.391,-35.774],[174.543,-35.582],[174.32,-35.247],[174.143,-35.3],[174.104,-35.143],[173.844,-35.026],[173.439,-34.929],[173.269,-34.935]]],[[[166.221,-50.762],[166.225,-50.531],[166.101,-50.539],[166.073,-50.823],[166.221,-50.762]]],[[[-176.178,-43.74],[-176.566,-43.718],[-176.524,-43.901],[-176.632,-44.006],[-176.516,-44.117],[-176.334,-44.048],[-176.5,-43.86],[-176.178,-43.74]]]]},"properties":{"code":"NZL","name":"New Zealand"}},
{"type":"Feature","geometry":{"type":"Polygon","coordinates":[[[-169.803,-19.083],[-169.834,-18.966],[-169.948,-19.073],[-169.904,-19.138],[-169.803,-19.083]]]},"properties":{"code":"NIU","name":"Niue"}},
{"type":"Feature","geometry":{"type":"Polygon","coordinates":[[[-159.741,-21.249],[-159.768,-21.188],[-159.832,-21.2],[-159.84,-21.238],[-159.741,-21.249]]]},"properties":{"code":"COK","name":"Cook Islands"}},
{"type":"Feature","geometry":{"type":"MultiPolygon","coordinates":[[[[5.994,50.75],[6.048,50.905],[5.895,50.984],[6.13,51.147],[6.076,51.224],[6.193,51.489],[5.949,51.762],[6.167,51.881],[6.356,51.825],[6.742,51.911],[6.749,52.099],[6.977,52.206],[7.035,52.38],[6.968,52.444],[6.749,52.464],[6.748,52.634],[7.013,52.634],[7.19,53],[7.197,53.282],[6.968,53.327],[6.816,53.441],[6.062,53.407],[5.532,53.269],[5.358,53.096],[4.888,52.908],[4.769,52.941],[4.678,52.81],[4.562,52.443],[4.483,52.309],[4.209,52.059],[4.085,51.994],[3.947,51.811],[4.135,51.673],[4.08,51.551],[3.744,51.596],[3.549,51.589],[3.587,51.454],[3.822,51.409],[4.007,51.443],[4.226,51.386],[4.503,51.475],[4.634,51.422],[4.756,51.491],[4.848,51.403],[5.031,51.469],[5.1,51.346],[5.311,51.26],[5.477,51.285],[5.827,51.126],[5.694,50.775],[5.994,50.75]]],[[[4.226,51.386],[4.011,51.396],[3.883,51.354],[3.589,51.399],[3.35,51.378],[3.472,51.242],[3.58,51.286],[3.902,51.208],[4.173,51.307],[4.226,51.386]]]]},"properties":{"code":"NLD","name":"Netherlands"}},
{"type":"Feature","geometry":{"type":"Polygon","coordinates":[[[-69.899,12.452],[-69.973,12.568],[-70.066,12.547],[-69.942,12.439],[-69.899,12.452]]]},"properties":{"code":"ABW","name":"Aruba"}},
{"type":"Feature","geometry":{"type":"Polygon","coordinates":[[[-68.751,12.06],[-68.827,12.159],[-69.013,12.231],[-69.077,12.342],[-69.154,12.298],[-68.995,12.142],[-68.803,12.045],[-68.751,12.06]]]},"properties":{"code":"CUW","name":"Curaçao"}},
{"type":"Feature","geometry":{"type":"Polygon","coordinates":[[[88.11,27.871],[87.861,27.886],[87.683,27.821],[87.141,27.838],[87.02,27.929],[86.554,28.085],[86.517,27.964],[86.409,27.929],[86.079,28.084],[86.064,27.935],[85.954,27.928],[85.84,28.135],[85.678,28.277],[85.411,28.276],[85.122,28.316],[85.089,28.372],[85.159,28.592],[84.855,28.554],[84.714,28.596],[84.229,28.912],[84.101,29.22],[83.936,29.279],[83.583,29.184],[83.355,29.439],[83.155,29.613],[82.854,29.683],[82.487,29.942],[82.159,30.115],[82.043,30.327],[81.642,30.388],[81.417,30.338],[81.255,30.093],[81.11,30.037],[81.01,30.165],[80.908,30.172],[80.549,29.9],[80.402,29.73],[80.255,29.423],[80.233,29.195],[80.13,29.1],[80.071,28.83],[80.419,28.612],[80.587,28.65],[80.751,28.54],[81.169,28.335],[81.311,28.176],[81.853,27.867],[81.988,27.914],[82.451,27.672],[82.677,27.673],[82.733,27.519],[83.29,27.371],[83.447,27.465],[83.829,27.378],[84.091,27.491],[84.61,27.299],[84.685,27.041],[85.293,26.741],[85.568,26.84],[85.7,26.782],[85.737,26.64],[85.856,26.6],[86.007,26.649],[86.366,26.574],[86.701,26.435],[87.016,26.555],[87.09,26.433],[87.287,26.36],[87.414,26.423],[87.633,26.399],[88.055,26.43],[88.162,26.725],[88.111,26.928],[87.984,27.134],[88.024,27.409],[88.147,27.749],[88.11,27.871]]]},"properties":{"code":"NPL","name":"Nepal"}},
{"type":"Feature","geometry":{"type":"Polygon","coordinates":[[[166.958,-0.517],[166.914,-0.499],[166.916,-0.546],[166.958,-0.517]]]},"properties":{"code":"NRU","name":"Nauru"}},
{"type":"Feature","geometry":{"type":"Polygon","coordinates":[[[23.381,-17.641],[21.417,-18.001],[21.113,-17.956],[20.908,-18.006],[20.625,-17.997],[20.393,-17.887],[20.194,-17.864],[19.639,-17.869],[19.377,-17.825],[19.076,-17.818],[18.826,-17.766],[18.718,-17.703],[18.487,-17.443],[18.396,-17.399],[17.835,-17.393],[14.415,-17.388],[14.017,-17.409],[13.938,-17.389],[13.562,-17.141],[13.404,-17.008],[13.101,-16.968],[12.548,-17.213],[12.213,-17.21],[12.014,-17.169],[11.743,-17.249],[11.733,-17.751],[11.776,-18.002],[12.096,-18.541],[12.329,-18.751],[12.458,-18.927],[13.042,-20.028],[13.168,-20.185],[13.284,-20.524],[13.451,-20.917],[13.839,-21.473],[13.973,-21.768],[14.322,-22.19],[14.463,-22.449],[14.526,-22.703],[14.496,-22.921],[14.403,-22.968],[14.474,-23.281],[14.497,-23.643],[14.483,-24.05],[14.502,-24.202],[14.628,-24.548],[14.768,-24.788],[14.837,-25.033],[14.823,-25.359],[14.864,-25.534],[14.845,-25.726],[14.931,-25.958],[14.968,-26.318],[15.097,-26.426],[15.163,-26.6],[15.133,-26.788],[15.342,-27.387],[15.719,-27.966],[16.448,-28.618],[16.626,-28.488],[16.756,-28.452],[16.81,-28.265],[16.933,-28.07],[17.056,-28.031],[17.205,-28.199],[17.312,-28.229],[17.386,-28.353],[17.348,-28.501],[17.448,-28.698],[17.976,-28.811],[18.103,-28.872],[18.311,-28.886],[18.6,-28.855],[18.839,-28.869],[19.026,-28.928],[19.246,-28.902],[19.271,-28.778],[19.483,-28.662],[19.671,-28.504],[19.98,-28.451],[19.98,-24.777],[19.977,-22],[20.971,-22],[20.979,-21.962],[20.974,-18.319],[21.233,-18.307],[22.011,-18.199],[23.1,-18.01],[23.299,-18.027],[23.46,-18.231],[23.581,-18.453],[23.7,-18.424],[23.898,-18.229],[24.129,-18.078],[24.359,-17.978],[24.531,-18.053],[24.792,-17.865],[24.909,-17.821],[25.259,-17.794],[25.092,-17.634],[24.932,-17.543],[24.275,-17.481],[23.381,-17.641]]]},"properties":{"code":"NAM","name":"Namibia"}},
{"type":"Feature","geometry":{"type":"Polygon","coordinates":[[[31.288,-22.402],[31.419,-22.825],[31.532,-23.279],[31.546,-23.482],[31.8,-23.892],[31.986,-24.461],[31.985,-25.632],[31.92,-25.774],[31.948,-25.958],[32.061,-26.018],[32.041,-26.281],[32.106,-26.52],[32.113,-26.839],[32.354,-26.862],[32.886,-26.849],[32.934,-26.252],[32.849,-26.268],[32.704,-26.158],[32.59,-26.004],[32.723,-25.821],[32.792,-25.644],[32.961,-25.49],[33.347,-25.261],[33.836,-25.068],[34.607,-24.821],[34.992,-24.651],[35.156,-24.541],[35.438,-24.171],[35.542,-23.824],[35.37,-23.798],[35.494,-23.185],[35.575,-22.963],[35.49,-22.658],[35.542,-22.377],[35.494,-22.125],[35.329,-22.037],[35.268,-21.651],[35.128,-21.395],[35.118,-21.195],[34.982,-20.806],[34.765,-20.562],[34.698,-20.404],[34.75,-20.091],[34.756,-19.822],[34.948,-19.813],[35.365,-19.494],[35.651,-19.164],[35.854,-18.993],[36.125,-18.842],[36.236,-18.861],[36.404,-18.77],[36.54,-18.518],[36.9,-18.129],[36.939,-17.993],[37.245,-17.74],[37.839,-17.393],[38.145,-17.243],[38.633,-17.078],[38.885,-17.042],[39.084,-16.973],[39.242,-16.793],[39.845,-16.436],[39.791,-16.295],[39.984,-16.225],[40.109,-15.979],[40.559,-15.473],[40.651,-15.261],[40.618,-15.116],[40.701,-14.93],[40.835,-14.792],[40.818,-14.468],[40.64,-14.39],[40.716,-14.214],[40.603,-14.167],[40.591,-13.845],[40.545,-13.463],[40.583,-13.374],[40.553,-12.825],[40.581,-12.636],[40.523,-12.393],[40.501,-12.119],[40.532,-12.005],[40.433,-11.657],[40.465,-11.449],[40.403,-11.332],[40.545,-11.066],[40.487,-10.765],[40.612,-10.662],[40.464,-10.464],[39.989,-10.821],[39.817,-10.912],[39.563,-10.979],[39.322,-11.123],[38.988,-11.167],[38.795,-11.229],[38.492,-11.413],[38.177,-11.279],[37.92,-11.295],[37.829,-11.482],[37.542,-11.675],[37.218,-11.687],[36.979,-11.567],[36.771,-11.61],[36.519,-11.716],[36.191,-11.671],[36.082,-11.537],[35.911,-11.455],[35.785,-11.453],[35.631,-11.582],[34.959,-11.578],[34.66,-11.589],[34.554,-11.834],[34.376,-12.12],[34.361,-12.211],[34.483,-12.667],[34.564,-13.36],[34.662,-13.487],[34.85,-13.516],[35.014,-13.643],[35.247,-13.897],[35.847,-14.671],[35.867,-14.864],[35.805,-15.266],[35.83,-15.419],[35.791,-15.959],[35.755,-16.058],[35.599,-16.126],[35.358,-16.161],[35.292,-16.247],[35.167,-16.56],[35.281,-16.808],[35.29,-17.097],[35.125,-17.127],[35.044,-17.017],[35.112,-16.899],[34.933,-16.76],[34.396,-16.199],[34.376,-16.024],[34.248,-15.887],[34.358,-15.705],[34.435,-15.477],[34.541,-15.297],[34.551,-14.922],[34.505,-14.598],[34.333,-14.409],[33.696,-14.53],[33.636,-14.568],[33.39,-14.289],[33.202,-14.013],[31.729,-14.496],[31.538,-14.577],[30.673,-14.819],[30.232,-14.99],[30.252,-15.183],[30.351,-15.35],[30.396,-15.643],[30.438,-15.995],[31.236,-16.024],[31.49,-16.18],[31.688,-16.214],[31.94,-16.429],[32.243,-16.449],[32.636,-16.589],[32.742,-16.678],[32.948,-16.712],[32.876,-16.884],[32.884,-17.038],[32.969,-17.252],[32.981,-17.437],[32.956,-18.083],[32.993,-18.36],[32.854,-18.764],[32.722,-18.828],[32.717,-19.002],[32.85,-19.104],[32.778,-19.389],[32.831,-19.558],[33.007,-19.874],[32.993,-19.985],[32.673,-20.516],[32.478,-20.713],[32.476,-20.95],[32.354,-21.137],[32.371,-21.335],[31.429,-22.299],[31.288,-22.402]]]},"properties":{"code":"MOZ","name":"Mozambique"}},
{"type":"Feature","geometry":{"type":"Polygon","coordinates":[[[-2.22,35.104],[-2.84,35.128],[-2.972,35.407],[-3.206,35.239],[-3.395,35.212],[-3.693,35.28],[-3.982,35.243],[-4.33,35.161],[-4.628,35.206],[-4.837,35.281],[-5.105,35.468],[-5.338,35.745],[-5.397,35.93],[-5.623,35.829],[-5.925,35.786],[-5.958,35.681],[-6.353,34.776],[-6.756,34.133],[-6.901,33.969],[-7.145,33.83],[-7.562,33.64],[-8.301,33.374],[-8.596,33.187],[-8.836,32.92],[-9.246,32.572],[-9.287,32.241],[-9.347,32.086],[-9.675,31.711],[-9.809,31.425],[-9.832,30.847],[-9.875,30.718],[-9.653,30.448],[-9.624,30.353],[-9.667,30.109],[-9.853,29.809],[-10.201,29.38],[-10.486,29.065],[-11.081,28.714],[-11.43,28.382],[-11.986,28.129],[-12.469,28.009],[-12.794,27.978],[-12.949,27.914],[-13.176,27.656],[-13.256,27.435],[-13.41,27.147],[-13.496,26.873],[-13.576,26.735],[-13.952,26.489],[-14.168,26.415],[-14.414,26.254],[-14.523,25.925],[-14.602,25.809],[-14.795,25.404],[-14.843,25.22],[-14.856,24.872],[-14.904,24.72],[-15.039,24.549],[-15.189,24.479],[-15.586,24.073],[-15.899,23.844],[-15.943,23.553],[-15.997,23.425],[-16.21,23.098],[-16.202,22.945],[-16.304,22.835],[-16.359,22.595],[-16.514,22.333],[-16.684,22.274],[-16.793,22.16],[-16.931,21.9],[-17.003,21.421],[-16.731,21.47],[-15.751,21.491],[-15.461,21.451],[-14.841,21.451],[-14.671,21.6],[-14.631,21.861],[-14.221,22.31],[-14.171,22.76],[-14.021,23.411],[-13.891,23.691],[-13.771,23.791],[-13.311,23.981],[-13.061,24.401],[-12.431,24.831],[-12.311,25.111],[-12.171,25.64],[-12.031,26.031],[-11.718,26.104],[-11.637,26.296],[-11.471,26.52],[-11.338,26.633],[-11.317,26.745],[-11.393,26.883],[-10.923,27.01],[-10.551,26.991],[-10.251,26.861],[-10.033,26.911],[-9.9,26.85],[-9.735,26.861],[-9.413,27.088],[-9.002,27.09],[-8.795,27.121],[-8.754,27.191],[-8.818,27.656],[-8.683,27.656],[-8.683,28.621],[-8.66,28.719],[-8.265,28.981],[-7.999,29.132],[-7.685,29.35],[-7.486,29.392],[-7.235,29.575],[-7.095,29.625],[-6.635,29.569],[-6.521,29.66],[-6.501,29.809],[-6.215,29.811],[-5.775,29.869],[-5.449,29.957],[-5.18,30.166],[-4.968,30.465],[-4.779,30.552],[-4.323,30.699],[-3.985,30.914],[-3.702,30.944],[-3.673,31.111],[-3.833,31.198],[-3.789,31.362],[-3.827,31.662],[-3.44,31.705],[-3.017,31.834],[-2.931,32.043],[-2.863,32.075],[-2.448,32.13],[-1.275,32.089],[-1.24,32.338],[-1.066,32.468],[-1.111,32.552],[-1.352,32.703],[-1.51,32.878],[-1.551,33.074],[-1.679,33.319],[-1.631,33.567],[-1.703,33.717],[-1.707,34.176],[-1.792,34.368],[-1.733,34.467],[-1.85,34.607],[-1.796,34.752],[-2.132,34.971],[-2.22,35.104]]]},"properties":{"code":"MAR","name":"Morocco"}},
{"type":"Feature","geometry":{"type":"Polygon","coordinates":[[[-8.683,27.656],[-8.818,27.656],[-8.754,27.191],[-8.795,27.121],[-9.002,27.09],[-9.413,27.088],[-9.735,26.861],[-9.9,26.85],[-10.033,26.911],[-10.251,26.861],[-10.551,26.991],[-10.923,27.01],[-11.393,26.883],[-11.317,26.745],[-11.338,26.633],[-11.471,26.52],[-11.637,26.296],[-11.718,26.104],[-12.031,26.031],[-12.171,25.64],[-12.311,25.111],[-12.431,24.831],[-13.061,24.401],[-13.311,23.981],[-13.771,23.791],[-13.891,23.691],[-14.021,23.411],[-14.171,22.76],[-14.221,22.31],[-14.631,21.861],[-14.671,21.6],[-14.841,21.451],[-15.461,21.451],[-15.751,21.491],[-16.731,21.47],[-17.003,21.421],[-17.099,20.857],[-17.048,20.806],[-17.064,20.899],[-16.965,21.329],[-13.016,21.334],[-13.094,22.496],[-13.167,22.753],[-13.031,23],[-12.62,23.271],[-12.373,23.318],[-12.023,23.468],[-12.016,23.576],[-12.016,25.995],[-8.682,25.996],[-8.683,27.286],[-8.683,27.656]]]},"properties":{"code":"SAH","name":"Western Sahara"}},
{"type":"Feature","geometry":{"type":"Polygon","coordinates":[[[19.194,43.533],[18.94,43.497],[19.037,43.357],[18.851,43.346],[18.674,43.231],[18.624,43.028],[18.444,42.968],[18.466,42.777],[18.543,42.674],[18.436,42.56],[18.517,42.433],[18.894,42.249],[19.122,42.06],[19.186,41.949],[19.342,41.869],[19.361,42.069],[19.281,42.173],[19.654,42.629],[19.788,42.476],[20.064,42.547],[20.054,42.76],[20.193,42.755],[20.344,42.828],[20.34,42.893],[19.944,43.082],[19.781,43.11],[19.552,43.212],[19.415,43.343],[19.219,43.45],[19.194,43.533]]]},"properties":{"code":"MNE","name":"Montenegro"}},
{"type":"Feature","geometry":{"type":"Polygon","coordinates":[[[87.814,49.162],[87.86,48.966],[87.743,48.882],[87.832,48.792],[88.028,48.736],[87.98,48.555],[88.31,48.472],[88.517,48.384],[88.576,48.22],[89.048,48.003],[89.33,48.025],[89.561,48.004],[89.778,47.827],[90.028,47.878],[90.103,47.745],[90.313,47.676],[90.425,47.504],[90.496,47.285],[90.716,47.004],[90.87,46.954],[90.986,46.749],[91.034,46.529],[90.912,46.271],[91.002,46.036],[90.796,45.854],[90.71,45.731],[90.662,45.525],[90.877,45.196],[91.05,45.217],[91.312,45.118],[91.584,45.077],[92.03,45.069],[92.424,45.009],[92.788,45.036],[93.294,44.983],[93.656,44.901],[93.958,44.675],[94.199,44.645],[94.365,44.519],[94.712,44.351],[95.05,44.259],[95.35,44.278],[95.356,44.006],[95.526,43.954],[95.842,43.384],[95.913,43.206],[96.3,42.929],[96.385,42.72],[97.206,42.79],[99.468,42.568],[99.984,42.677],[101.092,42.551],[101.495,42.539],[101.714,42.466],[101.973,42.216],[102.157,42.158],[103.073,42.006],[103.711,41.751],[104.498,41.877],[104.498,41.659],[104.86,41.644],[104.982,41.596],[105.197,41.738],[105.868,41.994],[106.77,42.289],[108.171,42.447],[108.687,42.416],[109.443,42.456],[109.698,42.554],[110.4,42.774],[111.007,43.341],[111.547,43.496],[111.771,43.665],[111.933,43.711],[111.837,43.935],[111.52,44.192],[111.402,44.367],[111.621,44.827],[111.898,45.064],[112.411,45.058],[112.597,44.918],[113.049,44.81],[113.587,44.746],[113.877,44.896],[114.03,44.943],[114.419,45.203],[114.517,45.365],[114.739,45.42],[114.919,45.378],[115.163,45.39],[115.681,45.458],[115.934,45.626],[116.11,45.687],[116.241,45.796],[116.213,45.887],[116.358,46.097],[116.563,46.29],[116.859,46.388],[117.333,46.362],[117.406,46.571],[117.547,46.588],[117.671,46.522],[117.813,46.538],[117.91,46.619],[118.309,46.717],[118.723,46.692],[118.844,46.76],[119.162,46.639],[119.707,46.606],[119.867,46.672],[119.898,46.858],[119.711,47.15],[119.527,47.256],[119.291,47.473],[119.123,47.558],[119.082,47.654],[118.76,47.758],[118.498,47.984],[118.147,48.029],[117.768,47.988],[117.351,47.652],[117.07,47.806],[116.761,47.87],[116.513,47.84],[116.231,47.858],[115.898,47.687],[115.712,47.799],[115.558,47.945],[115.525,48.131],[115.786,48.248],[115.821,48.577],[115.954,48.689],[116.243,49.17],[116.683,49.824],[116.551,49.92],[116.135,50.011],[115.718,49.881],[115.429,49.896],[115.275,49.949],[115.003,50.139],[114.743,50.234],[114.297,50.274],[114.071,50.205],[113.881,50.101],[113.574,50.007],[113.164,49.797],[113.056,49.616],[112.806,49.524],[112.495,49.532],[112.08,49.424],[111.337,49.356],[110.828,49.166],[110.631,49.138],[110.428,49.22],[110.2,49.17],[109.529,49.27],[109.237,49.335],[108.614,49.323],[108.407,49.396],[108.213,49.525],[108.034,49.594],[107.937,49.691],[107.917,49.948],[107.631,49.983],[107.233,49.989],[107.04,50.086],[106.941,50.197],[106.711,50.313],[106.218,50.305],[105.875,50.405],[105.384,50.474],[105.095,50.39],[104.466,50.306],[104.18,50.169],[103.803,50.176],[103.633,50.139],[103.304,50.2],[103.162,50.291],[102.683,50.387],[102.469,50.526],[102.288,50.585],[102.317,50.718],[102.215,50.829],[102.112,51.353],[101.571,51.467],[101.381,51.453],[101.223,51.513],[100.536,51.713],[99.922,51.756],[99.719,51.872],[99.407,51.924],[98.893,52.117],[98.803,51.957],[98.641,51.801],[98.353,51.718],[98.22,51.506],[98.038,51.45],[97.947,51.348],[97.825,50.985],[97.953,50.855],[98.03,50.645],[98.279,50.533],[98.25,50.302],[98.103,50.078],[97.854,49.947],[97.589,49.911],[97.36,49.741],[97.209,49.731],[96.986,49.883],[96.506,49.919],[96.315,49.901],[96.066,49.999],[95.852,50.013],[95.567,49.944],[95.044,49.962],[94.93,50.044],[94.615,50.024],[94.355,50.222],[94.251,50.556],[93.271,50.616],[93.103,50.604],[92.941,50.778],[92.779,50.779],[92.627,50.688],[92.355,50.864],[92.192,50.701],[91.804,50.694],[91.341,50.47],[91.022,50.415],[90.761,50.306],[90.655,50.222],[90.517,50.213],[90.005,50.069],[89.977,49.984],[89.644,49.903],[89.654,49.717],[89.396,49.612],[89.244,49.627],[89.18,49.532],[88.832,49.448],[88.633,49.486],[88.193,49.452],[88.116,49.256],[87.935,49.165],[87.814,49.162]]]},"properties":{"code":"MNG","name":"Mongolia"}},
{"type":"Feature","geometry":{"type":"Polygon","coordinates":[[[26.619,48.26],[26.787,48.256],[26.981,48.155],[27.152,47.959],[27.337,47.64],[27.449,47.553],[27.614,47.341],[27.854,47.115],[28.072,46.978],[28.239,46.641],[28.244,46.451],[28.119,46.139],[28.1,45.973],[28.16,45.647],[28.075,45.599],[28.213,45.45],[28.471,45.507],[28.492,45.666],[28.729,45.852],[28.739,45.937],[28.948,46.05],[29.006,46.176],[28.944,46.288],[28.958,46.458],[29.146,46.527],[29.615,46.399],[29.707,46.449],[29.838,46.351],[30.076,46.378],[29.924,46.539],[29.942,46.724],[29.878,46.829],[29.572,46.964],[29.515,47.091],[29.549,47.247],[29.16,47.456],[29.123,47.53],[29.211,47.732],[29.195,47.882],[29.093,47.975],[28.973,47.933],[28.774,48.12],[28.327,48.161],[28.291,48.239],[28.088,48.257],[27.82,48.416],[27.549,48.478],[27.229,48.371],[26.847,48.387],[26.619,48.26]]]},"properties":{"code":"MDA","name":"Moldova"}},
{"type":"Feature","geometry":{"type":"Polygon","coordinates":[[[7.439,43.75],[7.414,43.771],[7.378,43.732],[7.439,43.75]]]},"properties":{"code":"MCO","name":"Monaco"}},
{"type":"Feature","geometry":{"type":"MultiPolygon","coordinates":[[[[-117.128,32.533],[-117.063,32.344],[-116.914,32.199],[-116.848,31.997],[-116.621,31.851],[-116.662,31.565],[-116.333,31.203],[-116.296,30.971],[-116.062,30.804],[-115.996,30.414],[-115.816,30.304],[-115.79,30.084],[-115.674,29.756],[-115.166,29.427],[-114.994,29.384],[-114.664,29.095],[-114.309,28.73],[-114.146,28.605],[-114.048,28.426],[-114.093,28.221],[-114.185,28.013],[-114.137,27.671],[-114.302,27.776],[-114.57,27.784],[-115.036,27.842],[-114.994,27.736],[-114.54,27.431],[-114.445,27.218],[-114.11,27.106],[-113.996,26.988],[-113.841,26.967],[-113.599,26.721],[-113.206,26.857],[-113.021,26.583],[-112.658,26.317],[-112.377,26.214],[-112.174,25.913],[-112.056,25.488],[-112.129,25.043],[-112.073,24.84],[-111.848,24.67],[-111.802,24.543],[-111.683,24.556],[-111.419,24.329],[-111.036,24.105],[-110.63,23.737],[-110.363,23.605],[-110.181,23.342],[-110.086,23.005],[-109.923,22.886],[-109.728,22.982],[-109.458,23.215],[-109.421,23.48],[-109.51,23.598],[-109.677,23.662],[-109.711,23.804],[-110.023,24.175],[-110.263,24.345],[-110.297,24.195],[-110.547,24.214],[-110.659,24.341],[-110.735,24.59],[-110.677,24.789],[-110.756,24.995],[-110.894,25.144],[-111.034,25.527],[-111.15,25.573],[-111.292,25.79],[-111.332,26.125],[-111.546,26.579],[-111.57,26.708],[-111.795,26.88],[-111.817,26.756],[-112.009,26.967],[-112.004,27.079],[-112.191,27.187],[-112.329,27.523],[-112.553,27.657],[-112.734,27.826],[-112.796,28.207],[-112.871,28.424],[-113.094,28.512],[-113.206,28.799],[-113.321,28.813],[-113.382,28.947],[-113.5,28.927],[-113.545,29.102],[-113.755,29.367],[-114.062,29.61],[-114.179,29.734],[-114.373,29.83],[-114.55,30.022],[-114.65,30.238],[-114.633,30.507],[-114.761,30.959],[-114.882,31.156],[-114.848,31.538],[-114.79,31.647],[-114.84,31.799],[-114.549,31.734],[-114.149,31.507],[-114.003,31.525],[-113.948,31.629],[-113.633,31.468],[-113.623,31.346],[-113.231,31.256],[-113.047,31.179],[-113.108,31.077],[-113.11,30.793],[-113.058,30.651],[-112.825,30.3],[-112.738,29.985],[-112.573,29.72],[-112.415,29.536],[-112.378,29.348],[-112.223,29.269],[-112.162,29.019],[-111.941,28.823],[-111.68,28.471],[-111.472,28.384],[-111.282,28.115],[-111.121,27.967],[-110.921,27.889],[-110.759,27.915],[-110.53,27.864],[-110.615,27.654],[-110.561,27.45],[-110.478,27.323],[-110.277,27.162],[-109.944,27.079],[-109.891,26.883],[-109.755,26.703],[-109.483,26.71],[-109.276,26.534],[-109.2,26.305],[-109.426,26.033],[-109.385,25.727],[-109.304,25.633],[-109.068,25.552],[-109.029,25.48],[-108.787,25.538],[-108.751,25.424],[-108.374,25.194],[-108.093,25.094],[-108.208,24.975],[-108.015,24.783],[-107.951,24.615],[-107.817,24.539],[-107.512,24.489],[-107.527,24.36],[-106.935,23.881],[-106.729,23.611],[-106.567,23.449],[-106.402,23.196],[-106.235,23.061],[-106.022,22.829],[-105.792,22.627],[-105.646,22.327],[-105.649,21.988],[-105.431,21.618],[-105.209,21.491],[-105.237,21.119],[-105.492,20.777],[-105.327,20.753],[-105.26,20.579],[-105.543,20.498],[-105.669,20.386],[-105.57,20.228],[-105.482,19.976],[-105.286,19.706],[-105.108,19.562],[-104.938,19.309],[-104.603,19.153],[-104.405,19.091],[-103.912,18.828],[-103.699,18.633],[-103.442,18.325],[-102.7,18.063],[-102.217,17.957],[-101.996,17.973],[-101.847,17.922],[-101.6,17.652],[-101.148,17.393],[-100.848,17.2],[-100.025,16.921],[-99.691,16.72],[-99.348,16.665],[-98.762,16.535],[-98.52,16.305],[-98.139,16.206],[-97.755,15.967],[-97.185,15.909],[-96.808,15.726],[-96.511,15.652],[-96.214,15.693],[-95.772,15.888],[-95.464,15.975],[-95.134,16.177],[-94.9,16.417],[-94.662,16.202],[-94.471,16.187],[-94.374,16.285],[-93.916,16.054],[-93.734,15.888],[-93.167,15.448],[-92.809,15.139],[-92.235,14.545],[-92.16,14.691],[-92.186,14.818],[-92.075,15.074],[-92.204,15.238],[-92.187,15.321],[-91.737,16.07],[-90.447,16.073],[-90.417,16.391],[-90.634,16.511],[-90.711,16.708],[-90.976,16.868],[-91.224,17.112],[-91.41,17.256],[-90.993,17.252],[-90.989,17.816],[-89.161,17.815],[-89.134,17.971],[-89.05,18],[-88.898,17.915],[-88.806,17.966],[-88.586,18.291],[-88.523,18.446],[-88.296,18.472],[-88.197,18.72],[-88.074,18.834],[-88.011,18.727],[-88.056,18.524],[-87.853,18.269],[-87.762,18.446],[-87.734,18.655],[-87.653,18.799],[-87.425,19.583],[-87.645,19.554],[-87.688,19.637],[-87.586,19.779],[-87.432,19.898],[-87.467,20.102],[-87.421,20.231],[-87.221,20.507],[-87.06,20.631],[-86.865,20.885],[-86.772,21.151],[-86.824,21.422],[-87.035,21.592],[-87.128,21.621],[-87.251,21.447],[-88.132,21.616],[-88.251,21.567],[-88.467,21.569],[-88.879,21.414],[-89.82,21.275],[-90.183,21.121],[-90.353,21.009],[-90.484,20.556],[-90.482,20.026],[-90.507,19.912],[-90.693,19.73],[-90.739,19.352],[-90.955,19.152],[-91.343,18.901],[-91.368,18.806],[-91.275,18.624],[-91.534,18.457],[-91.803,18.471],[-91.974,18.716],[-92.441,18.675],[-92.71,18.612],[-92.885,18.469],[-93.127,18.423],[-93.552,18.43],[-94.189,18.195],[-94.546,18.175],[-94.798,18.515],[-95.015,18.571],[-95.182,18.701],[-95.821,18.755],[-95.985,19.054],[-96.29,19.344],[-96.456,19.87],[-96.709,20.188],[-97.121,20.615],[-97.195,20.8],[-97.501,21.398],[-97.638,21.604],[-97.754,22.027],[-97.858,22.625],[-97.745,22.942],[-97.766,23.306],[-97.717,23.981],[-97.668,24.39],[-97.507,25.015],[-97.424,25.233],[-97.225,25.585],[-97.146,25.961],[-97.358,25.871],[-97.587,25.984],[-97.801,26.042],[-98.083,26.064],[-98.378,26.182],[-98.598,26.238],[-98.765,26.34],[-99.108,26.447],[-99.23,26.762],[-99.444,27.037],[-99.44,27.17],[-99.51,27.34],[-99.505,27.548],[-99.754,27.73],[-100.001,28.048],[-100.296,28.328],[-100.332,28.503],[-100.55,28.821],[-100.659,29.069],[-101.016,29.401],[-101.039,29.46],[-101.304,29.634],[-101.44,29.777],[-101.991,29.796],[-102.343,29.865],[-102.476,29.769],[-102.615,29.752],[-102.734,29.644],[-102.834,29.444],[-102.892,29.216],[-103.09,29.042],[-103.258,29.001],[-103.664,29.207],[-103.99,29.323],[-104.401,29.574],[-104.504,29.678],[-104.681,29.991],[-104.681,30.134],[-104.918,30.583],[-105.514,30.981],[-105.813,31.241],[-106.256,31.545],[-106.453,31.77],[-108.212,31.779],[-108.214,31.329],[-111.042,31.324],[-114.836,32.508],[-114.725,32.715],[-117.128,32.533]]],[[[-86.94,20.303],[-86.755,20.552],[-86.928,20.552],[-87.019,20.382],[-86.94,20.303]]],[[[-113.156,29.052],[-113.202,29.302],[-113.374,29.339],[-113.416,29.486],[-113.587,29.573],[-113.581,29.413],[-113.265,29.097],[-113.156,29.052]]],[[[-115.171,28.069],[-115.197,28.328],[-115.353,28.104],[-115.171,28.069]]],[[[-112.203,29.005],[-112.285,29.24],[-112.47,29.168],[-112.514,28.848],[-112.278,28.769],[-112.203,29.005]]],[[[-112.057,24.546],[-112.222,24.951],[-112.297,24.79],[-112.175,24.73],[-112.057,24.546]]]]},"properties":{"code":"MEX","name":"Mexico"}},
{"type":"Feature","geometry":{"type":"Polygon","coordinates":[[[57.651,-20.485],[57.781,-20.327],[57.792,-20.213],[57.657,-19.99],[57.576,-19.997],[57.386,-20.229],[57.383,-20.504],[57.651,-20.485]]]},"properties":{"code":"MUS","name":"Mauritius"}},
{"type":"Feature","geometry":{"type":"Polygon","coordinates":[[[-12.281,14.809],[-12.105,14.745],[-11.873,14.995],[-11.76,15.426],[-11.503,15.637],[-10.896,15.15],[-10.697,15.423],[-10.412,15.438],[-9.941,15.374],[-9.447,15.458],[-9.448,15.575],[-9.177,15.496],[-5.512,15.496],[-5.36,16.283],[-5.629,16.569],[-6.594,24.995],[-4.823,24.996],[-5.517,25.424],[-8.683,27.286],[-8.682,25.996],[-12.016,25.995],[-12.016,23.576],[-12.023,23.468],[-12.373,23.318],[-12.62,23.271],[-13.031,23],[-13.167,22.753],[-13.094,22.496],[-13.016,21.334],[-16.965,21.329],[-17.064,20.899],[-17.048,20.806],[-16.998,21.04],[-16.876,21.086],[-16.623,20.634],[-16.53,20.71],[-16.43,20.652],[-16.334,20.416],[-16.21,20.228],[-16.283,19.787],[-16.514,19.362],[-16.306,19.154],[-16.213,19.003],[-16.085,18.521],[-16.03,17.888],[-16.079,17.546],[-16.207,17.193],[-16.347,16.926],[-16.464,16.602],[-16.536,16.287],[-16.535,15.838],[-16.441,16.205],[-16.302,16.451],[-16.168,16.547],[-15.959,16.492],[-15.621,16.507],[-15.38,16.582],[-15.211,16.583],[-15.113,16.645],[-14.534,16.656],[-14.3,16.58],[-13.975,16.311],[-13.868,16.148],[-13.556,16.144],[-13.41,16.059],[-13.258,15.7],[-13.079,15.51],[-12.994,15.505],[-12.863,15.34],[-12.858,15.243],[-12.66,15.082],[-12.544,15.039],[-12.281,14.809]]]},"properties":{"code":"MRT","name":"Mauritania"}},
{"type":"Feature","geometry":{"type":"Polygon","coordinates":[[[14.566,35.853],[14.448,35.957],[14.436,35.822],[14.566,35.853]]]},"properties":{"code":"MLT","name":"Malta"}},
{"type":"Feature","geometry":{"type":"Polygon","coordinates":[[[-11.389,12.404],[-11.502,12.199],[-11.305,12.015],[-11.21,12.025],[-11.066,12.171],[-10.933,12.205],[-10.743,11.927],[-10.677,11.899],[-10.466,12.139],[-10.275,12.213],[-9.821,12.042],[-9.658,12.143],[-9.358,12.255],[-9.365,12.479],[-9.216,12.483],[-9.043,12.402],[-8.818,11.923],[-8.822,11.673],[-8.665,11.515],[-8.407,11.386],[-8.664,11.036],[-8.475,11.048],[-8.337,10.991],[-8.324,10.75],[-8.231,10.438],[-8.007,10.322],[-7.991,10.163],[-7.814,10.237],[-7.661,10.427],[-7.498,10.44],[-7.363,10.259],[-7.105,10.204],[-6.95,10.342],[-6.693,10.349],[-6.654,10.656],[-6.565,10.586],[-6.261,10.724],[-6.191,10.4],[-6.241,10.279],[-6.035,10.195],[-5.844,10.39],[-5.524,10.426],[-5.457,10.771],[-5.49,11.042],[-5.3,11.206],[-5.229,11.522],[-5.288,11.828],[-5.106,11.968],[-4.798,12.032],[-4.587,12.155],[-4.429,12.338],[-4.422,12.582],[-4.481,12.672],[-4.227,12.794],[-4.329,13.119],[-4.051,13.382],[-3.853,13.374],[-3.576,13.194],[-3.302,13.281],[-3.27,13.577],[-3.198,13.673],[-3.039,13.639],[-2.917,13.679],[-2.874,13.951],[-2.587,14.228],[-2.457,14.274],[-2.113,14.168],[-2.057,14.195],[-1.973,14.457],[-1.768,14.486],[-1.205,14.762],[-1.05,14.82],[-0.76,15.048],[-0.537,15.078],[-0.405,15.013],[-0.236,15.059],[0.217,14.911],[0.286,14.98],[0.719,14.955],[0.96,14.987],[1.3,15.272],[1.859,15.302],[3.001,15.341],[3.06,15.427],[3.504,15.356],[3.521,15.483],[3.877,15.755],[4.015,16.193],[4.121,16.358],[4.182,16.582],[4.203,16.963],[4.235,16.996],[4.228,19.143],[3.401,18.988],[3.256,19.013],[3.106,19.15],[3.256,19.411],[3.202,19.56],[3.204,19.79],[2.866,19.956],[2.406,20.064],[2.219,20.248],[1.929,20.273],[1.685,20.378],[1.611,20.556],[1.29,20.714],[1.166,20.817],[1.146,21.102],[-4.517,24.804],[-4.823,24.996],[-6.594,24.995],[-5.629,16.569],[-5.36,16.283],[-5.512,15.496],[-9.177,15.496],[-9.448,15.575],[-9.447,15.458],[-9.941,15.374],[-10.412,15.438],[-10.697,15.423],[-10.896,15.15],[-11.503,15.637],[-11.76,15.426],[-11.873,14.995],[-12.105,14.745],[-12.281,14.809],[-12.187,14.648],[-12.228,14.459],[-12.019,14.206],[-12.02,13.975],[-11.961,13.875],[-12.054,13.633],[-11.895,13.444],[-11.635,13.37],[-11.549,13.17],[-11.39,12.942],[-11.449,12.532],[-11.389,12.404]]]},"properties":{"code":"MLI","name":"Mali"}},
{"type":"Feature","geometry":{"type":"Polygon","coordinates":[[[73.512,4.165],[73.528,4.243],[73.504,4.235],[73.473,4.171],[73.512,4.165]]]},"properties":{"code":"MDV","name":"Maldives"}},
{"type":"Feature","geometry":{"type":"MultiPolygon","coordinates":[[[[100.119,6.442],[100.343,5.984],[100.374,5.778],[100.353,5.588],[100.473,5.044],[100.615,4.652],[100.615,4.373],[100.661,4.226],[100.796,4.023],[100.715,3.966],[100.851,3.777],[101.025,3.625],[101.3,3.253],[101.354,3.011],[101.296,2.885],[101.52,2.684],[101.781,2.574],[101.89,2.449],[102.146,2.248],[102.548,2.042],[102.727,1.856],[102.897,1.792],[103.357,1.546],[103.48,1.329],[103.695,1.45],[103.992,1.455],[104.076,1.53],[104.176,1.365],[104.288,1.481],[104.219,1.723],[103.812,2.58],[103.537,2.775],[103.439,2.933],[103.454,3.521],[103.362,3.769],[103.421,3.977],[103.469,4.393],[103.416,4.85],[103.197,5.262],[102.982,5.525],[102.79,5.645],[102.534,5.863],[102.34,6.172],[102.101,6.242],[102.055,6.097],[101.936,5.979],[101.874,5.825],[101.65,5.796],[101.556,5.908],[101.257,5.789],[101.114,5.637],[100.982,5.771],[101.076,5.956],[101.054,6.243],[100.874,6.245],[100.794,6.426],[100.629,6.448],[100.345,6.55],[100.177,6.672],[100.119,6.442]]],[[[117.574,4.171],[117.741,4.338],[118.008,4.25],[118.498,4.362],[118.563,4.502],[118.324,4.669],[118.185,4.829],[118.261,4.989],[118.382,5.019],[118.672,4.964],[119.132,5.1],[119.25,5.199],[119.223,5.413],[118.957,5.429],[118.595,5.592],[118.456,5.763],[118.249,5.821],[117.974,5.706],[117.935,5.788],[118.116,5.863],[118.004,6.053],[117.818,5.94],[117.617,5.941],[117.616,6.197],[117.696,6.272],[117.646,6.474],[117.294,6.677],[117.252,6.919],[117.129,6.969],[116.913,6.66],[116.808,6.691],[116.833,6.952],[116.75,6.977],[116.495,6.522],[116.138,6.13],[116.06,5.882],[115.797,5.536],[115.556,5.567],[115.419,5.413],[115.467,5.254],[115.582,5.194],[115.52,5.049],[115.375,4.933],[115.14,4.9],[115.267,4.634],[115.247,4.347],[115.107,4.39],[115.027,4.691],[115.027,4.9],[114.747,4.718],[114.84,4.393],[114.776,4.169],[114.608,4.024],[114.417,4.256],[114.323,4.263],[114.224,4.478],[114.064,4.593],[113.924,4.243],[113.446,3.741],[113.045,3.205],[112.737,3.07],[112.119,2.915],[111.728,2.854],[111.513,2.743],[111.443,2.634],[111.444,2.382],[111.242,2.436],[111.196,2.297],[111.268,2.14],[111.17,1.902],[111.154,1.739],[110.94,1.517],[110.675,1.548],[110.349,1.72],[109.985,1.718],[109.72,1.858],[109.629,2.028],[109.539,1.896],[109.636,1.777],[109.654,1.615],[109.818,1.439],[110.315,0.996],[110.506,0.862],[110.615,0.878],[110.938,1.017],[111.287,1.043],[111.483,0.996],[111.77,0.999],[111.923,1.113],[112.079,1.143],[112.186,1.439],[112.476,1.559],[112.943,1.567],[113.007,1.434],[113.622,1.236],[113.902,1.434],[114.387,1.5],[114.546,1.467],[114.661,1.686],[114.704,1.851],[114.831,1.98],[114.759,2.162],[114.786,2.25],[114.969,2.351],[115.179,2.523],[115.081,2.634],[115.086,2.841],[115.247,3.026],[115.454,3.034],[115.52,3.362],[115.566,3.446],[115.545,3.634],[115.568,3.939],[115.679,4.193],[115.896,4.349],[116.022,4.291],[116.134,4.355],[116.415,4.308],[116.515,4.371],[117.101,4.337],[117.278,4.299],[117.574,4.171]]],[[[99.848,6.466],[99.749,6.41],[99.744,6.263],[99.919,6.359],[99.848,6.466]]],[[[117.142,7.168],[117.239,7.185],[117.264,7.352],[117.064,7.261],[117.142,7.168]]],[[[111.389,2.415],[111.378,2.709],[111.3,2.741],[111.312,2.438],[111.389,2.415]]],[[[117.885,4.186],[117.761,4.252],[117.649,4.169],[117.885,4.186]]]]},"properties":{"code":"MYS","name":"Malaysia"}},
{"type":"Feature","geometry":{"type":"Polygon","coordinates":[[[33.202,-14.013],[33.39,-14.289],[33.636,-14.568],[33.696,-14.53],[34.333,-14.409],[34.505,-14.598],[34.551,-14.922],[34.541,-15.297],[34.435,-15.477],[34.358,-15.705],[34.248,-15.887],[34.376,-16.024],[34.396,-16.199],[34.933,-16.76],[35.112,-16.899],[35.044,-17.017],[35.125,-17.127],[35.29,-17.097],[35.281,-16.808],[35.167,-16.56],[35.292,-16.247],[35.358,-16.161],[35.599,-16.126],[35.755,-16.058],[35.791,-15.959],[35.83,-15.419],[35.805,-15.266],[35.867,-14.864],[35.847,-14.671],[35.247,-13.897],[35.014,-13.643],[34.85,-13.516],[34.662,-13.487],[34.564,-13.36],[34.483,-12.667],[34.361,-12.211],[34.376,-12.12],[34.554,-11.834],[34.66,-11.589],[34.959,-11.578],[34.937,-11.463],[34.774,-11.342],[34.598,-11.037],[34.662,-10.71],[34.584,-10.525],[34.57,-10.241],[34.524,-10.03],[34.321,-9.732],[33.996,-9.495],[33.944,-9.672],[33.698,-9.598],[33.421,-9.608],[33.331,-9.519],[33.13,-9.496],[32.92,-9.407],[32.996,-9.623],[33.196,-9.626],[33.351,-9.862],[33.312,-10.038],[33.529,-10.235],[33.554,-10.391],[33.659,-10.591],[33.465,-10.783],[33.261,-10.893],[33.38,-11.158],[33.226,-11.535],[33.288,-11.611],[33.301,-11.888],[33.252,-12.113],[33.34,-12.308],[33.491,-12.331],[33.398,-12.49],[33.022,-12.63],[32.946,-12.804],[33,-12.9],[32.968,-13.225],[32.852,-13.457],[32.672,-13.61],[32.765,-13.761],[32.867,-13.817],[32.992,-14.022],[33.148,-13.941],[33.202,-14.013]]]},"properties":{"code":"MWI","name":"Malawi"}},
{"type":"Feature","geometry":{"type":"MultiPolygon","coordinates":[[[[49.538,-12.432],[49.207,-12.08],[48.9,-12.458],[48.786,-12.471],[48.894,-12.722],[48.91,-12.936],[48.796,-13.267],[48.621,-13.426],[48.405,-13.538],[48.255,-13.719],[48.04,-13.596],[47.896,-13.731],[47.901,-13.858],[47.996,-13.96],[47.773,-14.37],[47.812,-14.545],[47.525,-14.992],[47.496,-14.818],[47.352,-14.766],[47.28,-14.943],[47.093,-15.15],[47.133,-15.362],[47.032,-15.423],[46.993,-15.243],[46.882,-15.23],[46.475,-15.513],[46.331,-15.714],[45.7,-15.814],[45.598,-15.993],[45.342,-16.037],[45.167,-15.983],[44.909,-16.175],[44.476,-16.217],[44.427,-16.289],[44.421,-16.703],[43.979,-17.392],[43.944,-17.581],[43.994,-17.69],[44.04,-18.288],[44.109,-18.504],[44.233,-18.741],[44.239,-19.075],[44.449,-19.429],[44.405,-19.922],[44.348,-20.146],[44.24,-20.38],[43.911,-20.866],[43.8,-21.179],[43.502,-21.356],[43.438,-21.647],[43.343,-21.79],[43.267,-22.049],[43.265,-22.384],[43.398,-22.886],[43.57,-23.08],[43.722,-23.53],[43.646,-23.742],[43.688,-24.358],[43.852,-24.538],[44.035,-24.996],[44.256,-25.117],[44.346,-25.226],[44.813,-25.334],[45.115,-25.543],[45.508,-25.563],[46.159,-25.23],[46.387,-25.173],[46.729,-25.15],[47.035,-24.979],[47.177,-24.787],[47.273,-24.564],[47.373,-24.218],[47.558,-23.875],[47.604,-23.633],[47.739,-23.233],[47.908,-22.466],[48.176,-21.843],[48.351,-21.349],[48.469,-20.9],[48.607,-20.458],[48.797,-19.953],[48.918,-19.53],[49.06,-19.12],[49.203,-18.792],[49.363,-18.336],[49.478,-17.899],[49.494,-17.67],[49.437,-17.347],[49.54,-17.033],[49.637,-16.893],[49.767,-16.815],[49.734,-16.703],[49.839,-16.487],[49.831,-16.256],[49.713,-16.077],[49.65,-15.567],[49.744,-15.45],[49.893,-15.458],[50.02,-15.802],[50.209,-15.96],[50.405,-15.629],[50.483,-15.386],[50.441,-15.149],[50.313,-14.937],[50.235,-14.732],[50.174,-14.04],[50.073,-13.578],[49.967,-13.27],[49.938,-13.072],[49.638,-12.637],[49.538,-12.432]]],[[[48.342,-13.364],[48.309,-13.198],[48.191,-13.26],[48.212,-13.385],[48.342,-13.364]]]]},"properties":{"code":"MDG","name":"Madagascar"}},
{"type":"Feature","geometry":{"type":"Polygon","coordinates":[[[21.563,42.248],[21.39,42.22],[21.256,42.1],[21.06,42.171],[20.778,42.071],[20.695,41.854],[20.566,41.874],[20.449,41.521],[20.489,41.273],[20.741,40.905],[20.964,40.85],[21.576,40.869],[21.779,40.95],[21.929,41.107],[22.238,41.155],[22.494,41.119],[22.725,41.179],[22.755,41.313],[22.916,41.336],[22.951,41.606],[23.006,41.717],[22.837,41.994],[22.583,42.105],[22.344,42.314],[22.24,42.358],[22.052,42.305],[21.904,42.322],[21.563,42.248]]]},"properties":{"code":"MKD","name":"North Macedonia"}},
{"type":"Feature","geometry":{"type":"Polygon","coordinates":[[[6.117,50.121],[5.976,50.167],[5.744,49.92],[5.725,49.808],[5.88,49.645],[5.79,49.538],[5.959,49.455],[6.242,49.494],[6.344,49.453],[6.487,49.798],[6.256,49.872],[6.138,49.974],[6.117,50.121]]]},"properties":{"code":"LUX","name":"Luxembourg"}},
{"type":"Feature","geometry":{"type":"Polygon","coordinates":[[[22.766,54.357],[23.016,54.348],[23.454,54.143],[23.485,53.94],[23.734,53.912],[24.191,53.95],[24.318,53.893],[24.621,53.98],[24.768,53.975],[24.87,54.145],[25.046,54.133],[25.179,54.214],[25.461,54.293],[25.573,54.14],[25.749,54.157],[25.703,54.293],[25.547,54.332],[25.725,54.564],[25.722,54.718],[25.859,54.919],[26.175,55.003],[26.292,55.14],[26.601,55.13],[26.681,55.306],[26.458,55.342],[26.594,55.668],[26.281,55.75],[26.086,55.897],[25.586,56.13],[25.07,56.2],[24.841,56.411],[24.529,56.296],[24.121,56.264],[23.813,56.329],[23.196,56.367],[23.043,56.324],[22.876,56.396],[22.587,56.375],[22.085,56.407],[21.654,56.315],[21.046,56.07],[21.062,55.813],[21.238,55.455],[21.236,55.264],[21.389,55.276],[21.555,55.195],[22.072,55.064],[22.567,55.059],[22.627,54.971],[22.831,54.838],[22.71,54.633],[22.68,54.493],[22.766,54.357]]]},"properties":{"code":"LTU","name":"Lithuania"}},
{"type":"Feature","geometry":{"type":"Polygon","coordinates":[[[9.58,47.057],[9.528,47.271],[9.488,47.062],[9.58,47.057]]]},"properties":{"code":"LIE","name":"Liechtenstein"}},
{"type":"Feature","geometry":{"type":"Polygon","coordinates":[[[9.519,30.229],[9.31,30.115],[9.546,29.796],[9.673,29.567],[9.821,29.115],[9.843,28.967],[9.816,28.56],[9.858,28.043],[9.916,27.786],[9.748,27.331],[9.837,26.916],[9.894,26.848],[9.859,26.552],[9.491,26.334],[9.438,26.246],[9.448,26.067],[10.001,25.332],[10.028,25.051],[10.12,24.79],[10.256,24.591],[10.439,24.48],[10.686,24.551],[11.508,24.314],[11.767,23.893],[11.968,23.518],[13.481,23.18],[13.599,23.12],[14.201,22.624],[14.231,22.618],[14.979,22.996],[15.984,23.445],[23.98,19.497],[23.98,19.996],[24.979,20.003],[24.98,21.996],[24.98,29.182],[24.916,29.376],[24.804,29.886],[24.712,30.132],[24.726,30.251],[24.878,30.458],[24.974,30.777],[24.878,31.061],[24.853,31.335],[25.15,31.655],[25.025,31.883],[24.879,31.984],[24.684,32.016],[24.48,31.997],[24.13,32.009],[23.798,32.159],[23.286,32.214],[23.106,32.331],[23.091,32.619],[22.754,32.741],[22.523,32.794],[22.187,32.918],[21.839,32.909],[21.636,32.937],[21.425,32.799],[21.062,32.776],[20.621,32.58],[20.371,32.431],[20.121,32.219],[19.973,31.999],[19.926,31.818],[19.961,31.556],[20.104,31.301],[20.151,31.079],[20.013,30.801],[19.713,30.488],[19.292,30.288],[18.936,30.29],[18.67,30.416],[18.19,30.777],[17.83,30.928],[17.349,31.081],[16.782,31.215],[16.123,31.264],[15.706,31.426],[15.496,31.657],[15.363,31.971],[15.359,32.16],[15.177,32.391],[14.513,32.511],[14.237,32.681],[13.835,32.792],[13.648,32.799],[13.283,32.915],[12.754,32.801],[12.28,32.859],[11.813,33.094],[11.505,33.182],[11.454,32.643],[11.534,32.525],[11.505,32.414],[10.826,32.081],[10.609,31.93],[10.476,31.736],[10.306,31.705],[10.115,31.464],[10.243,31.032],[10.216,30.783],[9.895,30.387],[9.519,30.229]]]},"properties":{"code":"LBY","name":"Libya"}},
{"type":"Feature","geometry":{"type":"Polygon","coordinates":[[[-11.508,6.907],[-11.292,6.688],[-10.849,6.465],[-10.786,6.31],[-10.597,6.211],[-10.418,6.167],[-10.276,6.078],[-9.654,5.519],[-9.375,5.241],[-9.132,5.055],[-8.259,4.59],[-7.998,4.509],[-7.66,4.367],[-7.545,4.351],[-7.572,4.386],[-7.591,4.822],[-7.569,5.081],[-7.43,5.325],[-7.4,5.551],[-7.454,5.841],[-7.73,5.919],[-7.797,5.975],[-7.889,6.235],[-7.982,6.286],[-8.204,6.291],[-8.45,6.463],[-8.604,6.508],[-8.333,6.802],[-8.297,7.074],[-8.437,7.516],[-8.486,7.558],[-8.579,7.677],[-8.708,7.659],[-8.74,7.496],[-8.89,7.263],[-9.118,7.216],[-9.263,7.378],[-9.46,7.443],[-9.369,7.64],[-9.436,7.867],[-9.518,8.346],[-9.768,8.535],[-10.064,8.43],[-10.147,8.52],[-10.283,8.485],[-10.39,8.158],[-10.571,8.071],[-10.647,7.759],[-10.878,7.538],[-11.268,7.233],[-11.508,6.907]]]},"properties":{"code":"LBR","name":"Liberia"}},
{"type":"Feature","geometry":{"type":"Polygon","coordinates":[[[28.737,-30.102],[29.098,-29.919],[29.142,-29.701],[29.294,-29.567],[29.391,-29.27],[29.301,-29.09],[28.954,-28.881],[28.626,-28.582],[28.233,-28.701],[27.96,-28.873],[27.736,-28.94],[27.527,-29.236],[27.295,-29.519],[27.052,-29.664],[27.13,-29.84],[27.355,-30.159],[27.388,-30.316],[27.492,-30.364],[27.753,-30.6],[28.018,-30.642],[28.139,-30.45],[28.392,-30.148],[28.737,-30.102]]]},"properties":{"code":"LSO","name":"Lesotho"}},
{"type":"Feature","geometry":{"type":"Polygon","coordinates":[[[35.976,34.629],[35.978,34.547],[35.804,34.437],[35.648,34.248],[35.612,34.032],[35.511,33.88],[35.336,33.503],[35.251,33.393],[35.109,33.084],[35.411,33.076],[35.533,33.25],[35.841,33.416],[35.869,33.432],[36.022,33.563],[35.942,33.668],[36.092,33.832],[36.282,33.894],[36.585,34.221],[36.504,34.432],[36.326,34.513],[36.264,34.633],[35.976,34.629]]]},"properties":{"code":"LBN","name":"Lebanon"}},
{"type":"Feature","geometry":{"type":"Polygon","coordinates":[[[26.594,55.668],[26.822,55.709],[27.053,55.831],[27.577,55.799],[27.642,55.912],[27.896,56.076],[28.148,56.143],[28.202,56.26],[28.103,56.546],[28.008,56.6],[27.806,56.867],[27.639,56.846],[27.717,57.055],[27.815,57.167],[27.797,57.317],[27.352,57.528],[26.9,57.609],[26.533,57.531],[26.298,57.601],[25.991,57.838],[25.794,57.869],[25.34,58.039],[25.229,57.997],[25.111,58.063],[24.323,57.871],[24.403,57.325],[24.281,57.172],[23.931,57.008],[23.648,56.971],[23.287,57.09],[23.137,57.324],[22.649,57.595],[22.555,57.724],[21.942,57.598],[21.729,57.571],[21.459,57.322],[21.351,57.018],[21.071,56.824],[21.031,56.637],[21.015,56.259],[21.046,56.07],[21.654,56.315],[22.085,56.407],[22.587,56.375],[22.876,56.396],[23.043,56.324],[23.196,56.367],[23.813,56.329],[24.121,56.264],[24.529,56.296],[24.841,56.411],[25.07,56.2],[25.586,56.13],[26.086,55.897],[26.281,55.75],[26.594,55.668]]]},"properties":{"code":"LVA","name":"Latvia"}},
{"type":"Feature","geometry":{"type":"Polygon","coordinates":[[[102.127,22.379],[102.024,22.439],[101.842,22.388],[101.671,22.462],[101.525,22.254],[101.603,21.99],[101.737,21.827],[101.747,21.606],[101.705,21.15],[101.542,21.234],[101.281,21.184],[101.224,21.224],[101.139,21.567],[100.928,21.366],[100.757,21.313],[100.614,21.059],[100.536,20.992],[100.565,20.825],[100.407,20.823],[100.249,20.73],[100.122,20.317],[100.318,20.386],[100.52,20.178],[100.543,20.089],[100.398,19.756],[100.42,19.644],[100.625,19.5],[100.967,19.611],[101.155,19.579],[101.221,19.487],[101.198,19.328],[101.286,18.977],[101.166,18.618],[101.051,18.407],[101.138,18.287],[101.113,18.034],[100.908,17.584],[101.105,17.48],[101.414,17.719],[101.688,17.889],[101.775,18.033],[101.947,18.081],[102.101,18.211],[102.352,18.046],[102.718,17.892],[103.051,18.029],[103.149,18.222],[103.263,18.278],[103.367,18.423],[103.63,18.383],[103.792,18.317],[103.95,18.319],[104.428,17.699],[104.74,17.462],[104.816,17.3],[104.759,17.077],[104.751,16.648],[104.819,16.466],[104.95,16.34],[105.047,16.16],[105.406,15.987],[105.373,15.89],[105.462,15.78],[105.622,15.7],[105.616,15.488],[105.513,15.361],[105.49,15.128],[105.547,14.932],[105.476,14.53],[105.183,14.346],[105.35,14.11],[105.532,14.156],[105.74,14.085],[105.904,13.925],[106.067,13.921],[106.125,14.049],[105.979,14.343],[106.165,14.372],[106.225,14.476],[106.355,14.455],[106.501,14.578],[106.82,14.315],[107.109,14.417],[107.293,14.592],[107.415,14.563],[107.519,14.705],[107.48,14.98],[107.653,15.255],[107.564,15.392],[107.339,15.56],[107.19,15.747],[107.189,15.839],[107.361,15.922],[107.396,16.043],[107.217,16.136],[106.931,16.353],[106.832,16.526],[106.696,16.459],[106.546,16.651],[106.502,16.954],[106.27,17.217],[106.006,17.415],[105.691,17.738],[105.588,17.984],[105.458,18.154],[105.333,18.19],[105.086,18.45],[105.115,18.679],[104.717,18.803],[104.109,19.196],[103.918,19.269],[103.896,19.34],[104.063,19.483],[104.032,19.675],[104.26,19.685],[104.546,19.611],[104.743,19.755],[104.928,20.018],[104.889,20.169],[104.699,20.205],[104.619,20.375],[104.392,20.425],[104.583,20.647],[104.195,20.914],[104.052,20.941],[103.635,20.697],[103.464,20.78],[103.104,20.892],[102.851,21.266],[102.949,21.57],[102.845,21.735],[102.695,21.662],[102.583,21.904],[102.183,22.284],[102.127,22.379]]]},"properties":{"code":"LAO","name":"Laos"}},
{"type":"Feature","geometry":{"type":"Polygon","coordinates":[[[70.958,40.239],[70.946,40.188],[70.644,40.083],[70.515,39.95],[70.451,40.049],[69.967,40.202],[69.53,40.097],[69.432,39.91],[69.307,39.969],[69.229,39.761],[69.298,39.525],[69.599,39.574],[70.245,39.543],[70.392,39.582],[70.608,39.564],[70.733,39.413],[71.005,39.412],[71.065,39.493],[71.404,39.598],[71.546,39.453],[71.732,39.423],[71.806,39.276],[72.043,39.352],[72.23,39.208],[72.358,39.337],[72.64,39.386],[72.872,39.36],[73.235,39.375],[73.47,39.461],[73.632,39.449],[73.823,39.489],[73.915,39.606],[73.835,39.8],[73.992,40.043],[74.412,40.137],[74.68,40.311],[74.842,40.345],[74.866,40.494],[75.004,40.45],[75.241,40.48],[75.521,40.628],[75.583,40.605],[75.677,40.306],[75.872,40.303],[76.258,40.431],[76.319,40.352],[76.48,40.45],[76.64,40.742],[76.824,40.982],[76.987,41.039],[77.582,40.993],[77.815,41.056],[78.123,41.076],[78.346,41.281],[78.362,41.372],[78.743,41.56],[79.294,41.783],[79.766,41.899],[79.84,41.996],[80.216,42.032],[80.209,42.19],[79.921,42.413],[79.49,42.458],[79.203,42.666],[79.165,42.759],[78.792,42.791],[78.524,42.865],[78.023,42.858],[77.802,42.895],[77.236,42.913],[77.057,42.971],[76.509,42.919],[75.79,42.933],[75.636,42.815],[75.366,42.837],[75.048,42.904],[74.622,43.056],[74.209,43.24],[73.949,43.195],[73.886,43.133],[73.556,43.003],[73.422,42.594],[73.493,42.409],[73.283,42.504],[72.855,42.561],[72.753,42.638],[72.276,42.758],[71.817,42.822],[71.257,42.734],[71.023,42.535],[70.893,42.34],[70.947,42.249],[71.036,42.285],[71.229,42.163],[70.842,42.02],[70.803,41.923],[70.631,41.875],[70.455,41.725],[70.181,41.571],[70.471,41.413],[70.646,41.46],[70.782,41.263],[71.111,41.153],[71.408,41.136],[71.421,41.342],[71.546,41.308],[71.602,41.503],[71.792,41.413],[71.879,41.195],[72.164,41.174],[72.187,41.026],[72.364,41.043],[72.62,40.884],[72.99,40.86],[73.113,40.786],[72.774,40.65],[72.567,40.524],[72.402,40.578],[72.358,40.402],[72.131,40.439],[71.956,40.259],[71.692,40.152],[71.305,40.287],[70.958,40.239]],[[71.206,39.893],[71.012,39.895],[71.08,40.08],[71.206,39.893]]]},"properties":{"code":"KGZ","name":"Kyrgyzstan"}},
{"type":"Feature","geometry":{"type":"MultiPolygon","coordinates":[[[[48.275,29.624],[48.348,29.783],[48.185,29.979],[48.081,29.799],[48.18,29.611],[48.275,29.624]]],[[[48.442,28.543],[48.339,28.763],[48.184,28.979],[48.051,29.355],[47.725,29.417],[47.97,29.617],[48.136,29.618],[48.006,29.836],[47.979,29.983],[47.673,30.096],[47.331,30.08],[47.114,29.961],[46.906,29.538],[46.769,29.347],[46.531,29.096],[47.433,28.99],[47.583,28.628],[47.671,28.533],[48.442,28.543]]]]},"properties":{"code":"KWT","name":"Kuwait"}},
{"type":"Feature","geometry":{"type":"Polygon","coordinates":[[[20.344,42.828],[20.193,42.755],[20.054,42.76],[20.064,42.547],[20.241,42.339],[20.485,42.223],[20.575,42.013],[20.566,41.874],[20.695,41.854],[20.778,42.071],[21.06,42.171],[21.256,42.1],[21.39,42.22],[21.563,42.248],[21.753,42.67],[21.391,42.751],[21.403,42.832],[21.237,42.913],[21.057,43.092],[20.844,43.173],[20.763,43.259],[20.623,43.199],[20.624,43.034],[20.344,42.828]]]},"properties":{"code":"KOS","name":"Kosovo"}},
{"type":"Feature","geometry":{"type":"Polygon","coordinates":[[[-157.342,1.856],[-157.42,1.788],[-157.246,1.732],[-157.342,1.856]]]},"properties":{"code":"KIR","name":"Kiribati"}},
{"type":"Feature","geometry":{"type":"Polygon","coordinates":[[[33.903,-1.002],[34.052,-1.04],[37.644,-3.045],[37.688,-3.246],[37.609,-3.46],[37.797,-3.674],[39.19,-4.677],[39.222,-4.692],[39.377,-4.625],[39.491,-4.478],[39.819,-3.786],[39.861,-3.577],[39.992,-3.351],[40.115,-3.251],[40.195,-3.019],[40.18,-2.819],[40.222,-2.688],[40.404,-2.556],[40.644,-2.539],[40.898,-2.27],[40.996,-1.951],[41.107,-1.982],[41.387,-1.867],[41.533,-1.695],[41.522,-1.572],[40.979,-0.87],[40.964,2.815],[41.342,3.202],[41.884,3.978],[41.221,3.944],[41.087,3.992],[40.765,4.273],[40.014,3.948],[39.842,3.851],[39.658,3.578],[39.494,3.456],[39.225,3.479],[38.608,3.6],[38.086,3.649],[36.906,4.411],[36.824,4.43],[36.082,4.45],[35.979,4.504],[35.763,4.808],[35.8,5.157],[35.745,5.344],[35.469,5.419],[35.325,5.365],[35.268,5.492],[33.976,4.22],[34.165,3.813],[34.393,3.692],[34.442,3.606],[34.399,3.413],[34.448,3.163],[34.523,3.12],[34.589,2.925],[34.742,2.818],[34.883,2.418],[34.964,2.062],[34.965,1.643],[34.784,1.381],[34.788,1.231],[34.649,1.185],[34.482,1.042],[34.411,0.867],[34.161,0.605],[34.037,0.295],[33.943,0.174],[33.903,-1.002]]]},"properties":{"code":"KEN","name":"Kenya"}},
{"type":"Feature","geometry":{"type":"Polygon","coordinates":[[[70.947,42.249],[70.893,42.34],[71.023,42.535],[71.257,42.734],[71.817,42.822],[72.276,42.758],[72.753,42.638],[72.855,42.561],[73.283,42.504],[73.493,42.409],[73.422,42.594],[73.556,43.003],[73.886,43.133],[73.949,43.195],[74.209,43.24],[74.622,43.056],[75.048,42.904],[75.366,42.837],[75.636,42.815],[75.79,42.933],[76.509,42.919],[77.057,42.971],[77.236,42.913],[77.802,42.895],[78.023,42.858],[78.524,42.865],[78.792,42.791],[79.165,42.759],[79.203,42.666],[79.49,42.458],[79.921,42.413],[80.209,42.19],[80.259,42.235],[80.165,42.666],[80.25,42.797],[80.544,42.912],[80.39,43.043],[80.786,43.162],[80.668,43.31],[80.704,43.427],[80.496,43.892],[80.355,44.097],[80.336,44.438],[80.401,44.677],[80.255,44.808],[79.997,44.797],[79.875,44.861],[80.059,45.006],[80.635,45.127],[80.853,45.129],[81.602,45.311],[81.692,45.349],[81.79,45.226],[81.989,45.162],[82.267,45.219],[82.479,45.124],[82.597,45.216],[82.583,45.443],[82.327,45.52],[82.315,45.595],[82.43,45.812],[82.555,46.159],[82.692,46.387],[83.004,47.033],[83.029,47.186],[83.193,47.187],[83.634,47.043],[84.016,46.971],[84.339,46.996],[84.667,46.972],[84.786,46.831],[85.012,46.909],[85.233,47.036],[85.485,47.064],[85.657,47.255],[85.587,47.494],[85.526,47.916],[85.626,48.204],[85.749,48.385],[86.266,48.455],[86.549,48.529],[86.718,48.697],[86.753,49.009],[86.886,49.091],[87.323,49.086],[87.234,49.216],[86.953,49.322],[86.812,49.488],[86.614,49.61],[86.61,49.769],[86.181,49.499],[85.934,49.55],[85.372,49.624],[85.292,49.599],[85.001,49.894],[84.989,50.061],[84.839,50.091],[84.607,50.202],[84.323,50.239],[84.258,50.288],[84.176,50.521],[83.945,50.775],[83.718,50.887],[83.357,50.995],[83.16,50.989],[83.019,50.897],[82.761,50.893],[82.494,50.728],[82.098,50.711],[81.934,50.766],[81.466,50.74],[81.388,50.956],[81.125,50.946],[81.078,51.015],[81.127,51.191],[80.966,51.19],[80.877,51.281],[80.65,51.277],[80.448,51.183],[80.424,50.946],[80.22,50.912],[79.986,50.775],[79.469,51.493],[78.475,52.638],[77.86,53.269],[77.704,53.379],[76.576,53.943],[76.422,54.114],[76.655,54.145],[76.789,54.322],[76.759,54.437],[76.496,54.336],[76.267,54.312],[75.657,54.106],[75.437,54.09],[75.377,53.97],[75.052,53.827],[74.834,53.826],[74.452,53.647],[74.352,53.488],[74.21,53.576],[73.859,53.62],[73.643,53.576],[73.372,53.454],[73.286,53.598],[73.399,53.811],[73.679,53.929],[73.618,54.067],[73.381,53.963],[73.119,53.981],[72.914,54.107],[72.622,54.134],[72.586,53.996],[72.404,53.964],[72.387,54.123],[72.269,54.272],[72.105,54.308],[72.004,54.206],[71.336,54.158],[71.093,54.212],[71.186,54.599],[70.91,55.128],[70.738,55.305],[70.486,55.282],[70.182,55.162],[69.982,55.199],[69.74,55.307],[69.493,55.357],[68.977,55.39],[68.713,55.308],[68.525,55.205],[68.206,55.161],[68.209,55.003],[67.83,54.944],[67.693,54.872],[67.257,54.829],[67.098,54.788],[66.223,54.667],[65.708,54.619],[65.477,54.623],[65.237,54.516],[65.158,54.364],[64.927,54.397],[64.65,54.352],[64.461,54.384],[64.199,54.347],[64.004,54.267],[63.721,54.245],[63.414,54.183],[63.191,54.171],[63.074,54.105],[62.633,54.069],[62.499,54.013],[62.04,54.003],[61.929,53.946],[61.334,54.049],[61.144,53.964],[61.113,53.753],[60.979,53.622],[61.248,53.551],[61.41,53.587],[61.401,53.456],[61.229,53.446],[61.199,53.287],[61.66,53.228],[62.015,53.108],[61.974,52.944],[61.401,52.996],[61.047,52.972],[60.802,52.745],[60.821,52.57],[60.979,52.395],[60.938,52.281],[60.67,52.151],[60.425,52.126],[60.066,51.976],[60.067,51.891],[60.388,51.773],[60.465,51.651],[60.974,51.537],[61.015,51.492],[61.363,51.442],[61.555,51.325],[61.512,51.137],[61.389,50.861],[61.227,50.775],[60.942,50.696],[60.638,50.664],[60.288,50.704],[60.112,50.834],[59.955,50.799],[59.812,50.582],[59.523,50.493],[59.452,50.62],[58.884,50.694],[58.547,50.971],[58.359,51.064],[57.839,51.092],[57.654,50.925],[57.442,50.889],[57.179,51.036],[57.012,51.065],[56.62,50.981],[56.491,51.02],[56.144,50.845],[56.05,50.714],[55.798,50.602],[55.542,50.602],[55.195,50.745],[55.015,50.87],[54.642,51.012],[54.606,50.88],[54.65,50.66],[54.596,50.551],[54.471,50.584],[54.421,50.78],[54.298,50.914],[54.042,51.115],[53.688,51.252],[53.535,51.4],[53.338,51.482],[53.038,51.464],[52.821,51.495],[52.571,51.482],[52.331,51.681],[52.219,51.709],[52.007,51.673],[51.609,51.484],[51.345,51.475],[51.163,51.647],[50.794,51.729],[50.756,51.675],[50.247,51.29],[49.932,51.197],[49.822,51.132],[49.498,51.084],[49.323,50.852],[48.808,50.601],[48.655,50.62],[48.7,50.354],[48.843,50.013],[48.759,49.928],[48.434,49.829],[48.225,49.932],[47.85,50.282],[47.706,50.378],[47.504,50.403],[47.326,50.274],[47.295,50.058],[46.992,49.853],[46.89,49.697],[46.802,49.367],[47.018,49.2],[47.014,49.098],[46.703,48.806],[46.609,48.574],[46.661,48.412],[47.004,48.284],[47.119,48.127],[47.093,47.948],[47.292,47.741],[47.482,47.804],[48.11,47.745],[48.553,47.321],[48.959,46.775],[48.884,46.705],[48.605,46.766],[48.509,46.65],[48.61,46.566],[49.232,46.337],[49.347,46.519],[49.761,46.571],[50,46.634],[50.419,46.879],[50.583,46.882],[50.92,47.041],[51.178,47.11],[51.65,47.018],[51.745,46.934],[52.011,46.902],[52.086,46.84],[52.34,46.895],[52.483,46.991],[52.916,46.954],[53.069,46.856],[53.17,46.669],[53.079,46.547],[53.135,46.192],[53.042,45.968],[52.888,45.78],[52.774,45.573],[52.838,45.497],[53.086,45.407],[53.079,45.308],[52.531,45.399],[51.733,45.399],[51.54,45.343],[51.416,45.358],[51.25,45.122],[51.04,44.98],[51.058,44.812],[51.218,44.709],[51.377,44.541],[51.177,44.501],[50.86,44.629],[50.409,44.624],[50.297,44.582],[50.253,44.406],[50.331,44.325],[50.685,44.265],[50.831,44.193],[50.94,43.959],[51.14,43.649],[51.302,43.482],[51.295,43.174],[51.616,43.158],[51.844,42.91],[51.961,42.851],[52.184,42.869],[52.273,42.8],[52.434,42.824],[52.597,42.76],[52.618,42.428],[52.462,42.101],[52.494,41.78],[52.871,42.061],[53.25,42.206],[53.685,42.297],[54.121,42.335],[54.678,42.078],[54.904,41.919],[54.952,41.81],[55.25,41.458],[55.434,41.296],[55.545,41.263],[55.977,41.322],[55.976,44.995],[57.477,45.337],[58.449,45.543],[58.669,45.508],[61.008,44.394],[61.161,44.169],[61.99,43.492],[62.072,43.489],[63.207,43.628],[64.443,43.551],[64.905,43.715],[65.271,43.418],[65.496,43.311],[65.803,42.877],[66.1,42.991],[66.05,42.473],[66.016,42.315],[66.01,42.005],[66.499,41.995],[66.538,41.741],[66.669,41.271],[66.814,41.142],[67.936,41.197],[68.113,41.029],[68.048,40.809],[68.292,40.656],[68.496,40.609],[68.601,40.66],[68.584,40.876],[68.737,41.042],[68.987,41.205],[69.065,41.367],[69.368,41.491],[69.664,41.672],[70.096,41.821],[70.416,42.079],[70.613,42.055],[70.715,42.169],[70.947,42.249]]]},"properties":{"code":"KAZ","name":"Kazakhstan"}},
{"type":"Feature","geometry":{"type":"Polygon","coordinates":[[[35.787,32.735],[35.573,32.641],[35.551,32.396],[35.572,32.238],[35.531,31.985],[35.559,31.766],[35.451,31.479],[35.401,31.231],[35.439,31.132],[35.174,30.524],[35.142,30.142],[35.068,29.978],[34.973,29.555],[34.951,29.354],[36.015,29.19],[36.068,29.201],[36.476,29.495],[36.755,29.866],[37.469,29.995],[37.634,30.313],[37.98,30.5],[37.479,31.008],[36.959,31.492],[38.962,31.995],[39.145,32.125],[39.293,32.244],[39.247,32.351],[39.041,32.306],[39.058,32.493],[38.774,33.372],[38.056,32.995],[36.818,32.317],[36.372,32.387],[36.22,32.495],[36.059,32.534],[35.895,32.714],[35.787,32.735]]]},"properties":{"code":"JOR","name":"Jordan"}},
{"type":"Feature","geometry":{"type":"MultiPolygon","coordinates":[[[[138.344,37.822],[138.497,37.904],[138.454,38.076],[138.461,38.291],[138.25,38.078],[138.322,37.991],[138.344,37.822]]],[[[134.933,34.288],[134.834,34.473],[134.668,34.294],[134.824,34.203],[134.933,34.288]]],[[[130.623,30.263],[130.673,30.367],[130.497,30.466],[130.388,30.388],[130.446,30.265],[130.623,30.263]]],[[[130.083,32.23],[130.2,32.341],[130.168,32.541],[130.01,32.522],[129.979,32.346],[130.083,32.23]]],[[[129.279,34.123],[129.337,34.285],[129.215,34.321],[129.186,34.145],[129.279,34.123]]],[[[129.386,34.354],[129.475,34.54],[129.326,34.607],[129.267,34.37],[129.386,34.354]]],[[[128.665,32.784],[128.657,32.628],[128.75,32.586],[128.895,32.652],[128.839,32.763],[128.665,32.784]]],[[[143.824,44.117],[143.289,44.397],[142.885,44.67],[142.704,44.819],[142.416,45.125],[141.938,45.51],[141.668,45.401],[141.583,45.156],[141.719,44.941],[141.782,44.716],[141.761,44.483],[141.661,44.264],[141.645,44.019],[141.398,43.643],[141.412,43.381],[141.296,43.2],[141.138,43.18],[140.781,43.215],[140.487,43.338],[140.397,43.167],[140.486,43.05],[140.432,42.954],[140.224,42.796],[139.891,42.649],[139.821,42.388],[139.895,42.19],[140.057,42.067],[140.108,41.913],[139.995,41.576],[140.149,41.423],[140.385,41.519],[140.489,41.672],[140.66,41.816],[141,41.737],[141.151,41.805],[140.734,42.116],[140.528,42.132],[140.315,42.334],[140.48,42.559],[140.71,42.556],[140.986,42.342],[141.407,42.547],[141.851,42.579],[142.508,42.258],[143.237,42],[143.429,42.419],[143.581,42.599],[143.969,42.881],[144.302,42.984],[144.631,42.947],[145.029,43.032],[145.347,43.177],[145.341,43.303],[145.101,43.765],[145.126,43.869],[145.352,44.23],[145.343,44.334],[144.799,43.94],[144.482,43.95],[144.101,44.102],[143.824,44.117]]],[[[131.175,33.603],[131.058,33.673],[130.953,33.872],[130.716,33.928],[130.484,33.835],[130.365,33.634],[130.168,33.598],[130.072,33.522],[129.66,33.365],[129.58,33.236],[129.897,33.022],[129.828,32.893],[129.827,32.725],[130.054,32.771],[130.246,32.677],[130.34,32.702],[130.326,32.853],[130.175,32.851],[130.127,33.105],[130.238,33.178],[130.382,33.093],[130.547,32.832],[130.641,32.619],[130.462,32.305],[130.319,32.144],[130.194,32.091],[130.188,31.769],[130.322,31.601],[130.294,31.451],[130.147,31.408],[130.201,31.292],[130.589,31.179],[130.645,31.267],[130.528,31.46],[130.655,31.718],[130.79,31.269],[130.686,31.015],[130.902,31.112],[131.098,31.256],[131.035,31.378],[131.14,31.442],[131.337,31.405],[131.46,31.671],[131.46,31.883],[131.565,32.223],[131.732,32.593],[131.977,32.844],[131.949,33.047],[131.848,33.118],[131.897,33.255],[131.537,33.274],[131.711,33.502],[131.583,33.652],[131.419,33.584],[131.175,33.603]]],[[[134.357,34.256],[134.076,34.358],[133.948,34.348],[133.706,34.237],[133.582,34.017],[133.134,33.927],[132.99,34.088],[132.784,33.992],[132.643,33.69],[132.366,33.512],[132.405,33.331],[132.511,33.293],[132.476,33.126],[132.495,32.917],[132.709,32.902],[132.692,32.776],[132.87,32.755],[132.977,32.842],[133.286,33.36],[133.632,33.511],[133.959,33.448],[134.182,33.247],[134.243,33.439],[134.377,33.608],[134.675,33.848],[134.638,34.227],[134.357,34.256]]],[[[141.229,41.373],[140.937,41.506],[140.86,41.425],[140.801,41.139],[141.2,41.244],[141.262,41.103],[141.119,40.882],[140.936,40.941],[140.801,40.834],[140.679,40.893],[140.628,41.195],[140.386,41.23],[140.315,41.161],[140.344,41.006],[140.281,40.846],[140.029,40.733],[139.923,40.598],[140.014,40.315],[139.972,40.137],[139.81,39.878],[139.945,39.885],[140.055,39.749],[140.048,39.464],[139.912,39.229],[139.802,38.882],[139.58,38.599],[139.477,38.4],[139.401,38.143],[139.247,38.009],[138.885,37.844],[138.709,37.561],[138.548,37.392],[138.32,37.218],[137.913,37.065],[137.514,36.952],[137.343,36.77],[137.124,36.774],[137.017,36.837],[136.994,37.027],[136.924,37.172],[137.152,37.283],[137.338,37.437],[137.323,37.522],[136.843,37.382],[136.719,37.198],[136.749,36.951],[136.698,36.742],[136.359,36.362],[136.156,36.223],[136.006,35.991],[136.095,35.768],[135.903,35.607],[135.68,35.503],[135.327,35.526],[135.232,35.592],[135.174,35.747],[134.882,35.663],[134.456,35.628],[134.214,35.539],[133.86,35.495],[133.615,35.511],[133.376,35.459],[133.267,35.557],[132.923,35.511],[132.698,35.418],[132.619,35.307],[131.856,34.726],[131.608,34.615],[131.354,34.413],[131.004,34.393],[130.889,34.262],[130.919,33.976],[131.072,34.021],[131.233,33.948],[131.476,34.019],[131.741,34.052],[132.09,33.855],[132.202,34.032],[132.238,34.227],[132.421,34.353],[132.657,34.246],[133.019,34.33],[133.142,34.302],[133.445,34.433],[133.968,34.527],[134.208,34.698],[134.584,34.771],[134.74,34.765],[135.042,34.631],[135.355,34.654],[135.385,34.5],[135.1,34.288],[135.128,34.007],[135.175,33.898],[135.347,33.722],[135.453,33.553],[135.695,33.487],[135.916,33.562],[136.33,34.177],[136.544,34.258],[136.854,34.324],[136.88,34.434],[136.616,34.589],[136.533,34.678],[136.69,34.984],[136.852,35.06],[136.885,34.806],[137.032,34.766],[137.275,34.773],[137.318,34.636],[137.543,34.664],[137.979,34.641],[138.189,34.596],[138.253,34.733],[138.577,35.086],[138.72,35.124],[138.803,34.975],[138.761,34.699],[138.838,34.619],[138.983,34.698],[139.086,34.839],[139.116,35.097],[139.249,35.278],[139.474,35.299],[139.636,35.142],[139.744,35.252],[139.65,35.409],[139.768,35.495],[139.835,35.658],[139.988,35.668],[140.086,35.54],[139.826,35.297],[139.851,35.232],[139.799,34.957],[139.92,34.9],[140.059,35.038],[140.315,35.155],[140.417,35.267],[140.457,35.51],[140.639,35.661],[140.874,35.725],[140.622,36.059],[140.574,36.231],[140.627,36.503],[140.792,36.847],[140.968,37.002],[141.036,37.467],[140.928,37.95],[140.962,38.149],[141.108,38.338],[141.467,38.404],[141.546,38.763],[141.659,38.975],[141.901,39.111],[141.977,39.429],[141.978,39.844],[141.797,40.291],[141.646,40.474],[141.463,40.611],[141.414,40.839],[141.4,41.096],[141.455,41.405],[141.229,41.373]]],[[[128.259,26.653],[128.217,26.797],[127.926,26.556],[128.127,26.552],[128.259,26.653]]],[[[129.453,28.209],[129.642,28.411],[129.322,28.36],[129.248,28.283],[129.366,28.128],[129.453,28.209]]]]},"properties":{"code":"JPN","name":"Japan"}},
{"type":"Feature","geometry":{"type":"Polygon","coordinates":[[[-77.261,18.457],[-77.873,18.522],[-77.978,18.468],[-78.217,18.448],[-78.326,18.35],[-78.294,18.218],[-78.074,18.191],[-77.768,17.877],[-77.361,17.834],[-77.205,17.715],[-77.071,17.901],[-76.944,17.849],[-76.853,17.974],[-76.525,17.866],[-76.211,17.914],[-76.35,18.152],[-76.701,18.257],[-76.908,18.39],[-77.261,18.457]]]},"properties":{"code":"JAM","name":"Jamaica"}},
{"type":"Feature","geometry":{"type":"MultiPolygon","coordinates":[[[[7.021,45.926],[6.804,45.815],[7.014,45.5],[7.153,45.401],[7.078,45.24],[6.842,45.136],[6.628,45.118],[6.738,44.921],[6.993,44.827],[6.96,44.677],[6.843,44.511],[6.967,44.28],[7.371,44.127],[7.637,44.165],[7.651,44.034],[7.482,43.865],[7.493,43.767],[7.733,43.803],[8.082,43.919],[8.292,44.137],[8.552,44.346],[8.766,44.422],[9.289,44.319],[9.731,44.101],[10.048,44.02],[10.246,43.852],[10.321,43.513],[10.448,43.371],[10.532,43.14],[10.515,42.968],[10.708,42.936],[10.803,42.804],[10.938,42.739],[11.168,42.535],[11.185,42.457],[11.498,42.363],[11.637,42.288],[11.807,42.082],[12.075,41.941],[12.206,41.813],[12.631,41.47],[12.849,41.409],[13.089,41.244],[13.247,41.289],[13.555,41.232],[13.733,41.236],[13.86,41.13],[14.102,40.827],[14.309,40.813],[14.461,40.729],[14.459,40.633],[14.766,40.668],[14.907,40.556],[14.986,40.377],[14.951,40.239],[15.295,40.07],[15.585,40.053],[15.693,39.99],[15.854,39.627],[16.024,39.354],[16.107,39.024],[16.21,38.941],[16.197,38.759],[15.972,38.713],[15.879,38.614],[15.905,38.483],[15.822,38.303],[15.643,38.175],[15.646,38.034],[15.725,37.939],[16.057,37.942],[16.282,38.25],[16.546,38.409],[16.559,38.715],[16.755,38.89],[16.951,38.94],[17.099,38.919],[17.175,38.998],[17.123,39.137],[17.115,39.381],[16.824,39.578],[16.598,39.639],[16.53,39.86],[16.67,40.137],[16.928,40.458],[17.031,40.513],[17.215,40.486],[17.258,40.399],[17.476,40.315],[17.865,40.28],[18.078,39.937],[18.344,39.821],[18.486,40.105],[18.461,40.221],[18.328,40.371],[18.036,40.565],[17.955,40.655],[17.474,40.841],[17.103,41.062],[16.552,41.232],[16.013,41.435],[15.9,41.512],[15.914,41.621],[16.151,41.758],[16.165,41.896],[15.964,41.939],[15.405,41.913],[15.169,41.934],[14.866,42.053],[14.541,42.244],[14.183,42.506],[14.01,42.69],[13.805,43.18],[13.564,43.571],[13.295,43.686],[12.907,43.921],[12.691,43.995],[12.396,44.224],[12.305,44.429],[12.248,44.723],[12.384,44.798],[12.523,44.968],[12.392,45.04],[12.226,45.242],[12.274,45.446],[12.498,45.462],[13.03,45.638],[13.206,45.771],[13.465,45.71],[13.628,45.771],[13.72,45.588],[13.831,45.68],[13.57,45.834],[13.614,45.962],[13.486,46.04],[13.633,46.177],[13.45,46.224],[13.4,46.318],[13.68,46.463],[13.7,46.52],[13.169,46.573],[12.479,46.673],[12.388,46.703],[12.131,46.985],[12.169,47.082],[11.776,46.986],[11.244,46.976],[11.134,46.936],[11.025,46.797],[10.76,46.793],[10.689,46.846],[10.453,46.865],[10.398,46.665],[10.431,46.55],[10.087,46.6],[10.038,46.483],[10.145,46.254],[10.041,46.238],[9.939,46.362],[9.639,46.296],[9.481,46.349],[9.428,46.482],[9.26,46.475],[9.251,46.287],[9.022,46.051],[9.047,45.876],[8.954,45.83],[8.458,46.246],[8.371,46.445],[8.082,46.256],[8.125,46.161],[7.993,46.016],[7.788,45.922],[7.539,45.978],[7.129,45.88],[7.021,45.926]],[[12.439,41.898],[12.431,41.898],[12.431,41.905],[12.438,41.906],[12.439,41.898]],[[12.485,43.901],[12.397,43.935],[12.504,43.99],[12.485,43.901]]],[[[15.577,38.22],[15.499,38.291],[15.119,38.153],[14.846,38.172],[14.506,38.046],[14.288,38.017],[14.05,38.041],[13.789,37.981],[13.682,38.001],[13.352,38.181],[13.16,38.19],[13.049,38.084],[12.903,38.035],[12.734,38.183],[12.548,38.053],[12.436,37.82],[12.527,37.67],[12.699,37.572],[12.924,37.571],[13.17,37.479],[13.361,37.349],[13.905,37.101],[14.143,37.104],[14.367,36.973],[14.502,36.799],[14.776,36.71],[15.113,36.688],[15.142,36.892],[15.295,37.013],[15.174,37.209],[15.1,37.459],[15.234,37.785],[15.476,38.063],[15.577,38.22]]],[[[9.632,40.882],[9.615,41.017],[9.455,41.15],[9.228,41.257],[8.998,41.11],[8.821,40.95],[8.572,40.85],[8.31,40.858],[8.224,40.913],[8.19,40.652],[8.353,40.501],[8.471,40.293],[8.471,40.131],[8.408,39.917],[8.548,39.839],[8.451,39.722],[8.399,39.482],[8.418,39.206],[8.649,38.927],[8.881,38.913],[9.023,39.043],[9.056,39.239],[9.264,39.217],[9.486,39.14],[9.563,39.166],[9.617,39.354],[9.701,40.092],[9.643,40.268],[9.805,40.5],[9.632,40.882]]]]},"properties":{"code":"ITA","name":"Italy"}},
{"type":"Feature","geometry":{"type":"Polygon","coordinates":[[[35.841,33.416],[35.533,33.25],[35.411,33.076],[35.109,33.084],[34.922,32.614],[34.804,32.196],[34.678,31.896],[34.477,31.585],[34.526,31.526],[34.35,31.363],[34.245,31.208],[34.659,30.191],[34.904,29.477],[34.973,29.555],[35.068,29.978],[35.142,30.142],[35.174,30.524],[35.439,31.132],[35.401,31.231],[35.451,31.479],[35.101,31.366],[34.873,31.397],[34.951,31.602],[35.198,31.776],[34.99,31.913],[34.956,32.161],[35.065,32.46],[35.193,32.534],[35.362,32.507],[35.551,32.396],[35.573,32.641],[35.787,32.735],[35.888,32.944],[35.785,33.291],[35.816,33.362],[35.841,33.416]]]},"properties":{"code":"ISR","name":"Israel"}},
{"type":"Feature","geometry":{"type":"MultiPolygon","coordinates":[[[[34.477,31.585],[34.198,31.323],[34.245,31.208],[34.35,31.363],[34.526,31.526],[34.477,31.585]]],[[[35.551,32.396],[35.362,32.507],[35.193,32.534],[35.065,32.46],[34.956,32.161],[34.99,31.913],[35.198,31.776],[34.951,31.602],[34.873,31.397],[35.101,31.366],[35.451,31.479],[35.559,31.766],[35.531,31.985],[35.572,32.238],[35.551,32.396]]]]},"properties":{"code":"PSX","name":"Palestine"}},
{"type":"Feature","geometry":{"type":"Polygon","coordinates":[[[-7.219,55.092],[-6.962,55.238],[-7.247,55.353],[-7.458,55.282],[-7.557,55.122],[-7.667,55.256],[-7.803,55.2],[-8.275,55.146],[-8.412,54.965],[-8.377,54.889],[-8.764,54.681],[-8.457,54.609],[-8.133,54.641],[-8.23,54.507],[-8.554,54.404],[-8.588,54.231],[-9.002,54.288],[-9.146,54.21],[-9.316,54.299],[-9.717,54.3],[-9.977,54.187],[-9.856,54.004],[-9.914,53.864],[-9.579,53.88],[-9.578,53.805],[-9.902,53.727],[-9.878,53.59],[-10.117,53.549],[-10.004,53.397],[-9.825,53.32],[-9.602,53.323],[-9.471,53.235],[-9.14,53.25],[-8.997,53.162],[-9.299,53.098],[-9.462,52.947],[-9.586,52.559],[-9.761,52.466],[-9.937,52.238],[-10.211,52.272],[-10.39,52.135],[-9.956,52.137],[-10.379,51.869],[-10.341,51.799],[-10.084,51.771],[-9.803,51.78],[-9.899,51.647],[-9.71,51.604],[-9.737,51.474],[-9.463,51.529],[-9.296,51.498],[-8.813,51.585],[-8.349,51.739],[-8.29,51.891],[-8.145,51.814],[-7.872,51.935],[-7.665,51.98],[-7.527,52.099],[-6.782,52.21],[-6.561,52.189],[-6.325,52.247],[-6.345,52.402],[-6.217,52.543],[-6.131,52.807],[-6.027,52.927],[-6.045,53.091],[-6.135,53.301],[-6.142,53.578],[-6.345,53.987],[-6.218,54.089],[-6.65,54.059],[-6.936,54.374],[-7.05,54.408],[-7.155,54.24],[-7.355,54.121],[-7.607,54.144],[-7.855,54.215],[-7.884,54.284],[-8.118,54.414],[-8.044,54.512],[-7.794,54.571],[-7.886,54.666],[-7.55,54.768],[-7.377,55.028],[-7.219,55.092]]]},"properties":{"code":"IRL","name":"Ireland"}},
{"type":"Feature","geometry":{"type":"Polygon","coordinates":[[[42.359,37.109],[42.35,37.061],[41.789,36.597],[41.417,36.515],[41.296,36.383],[41.246,36.073],[41.353,35.81],[41.354,35.64],[41.216,35.288],[41.195,34.769],[40.987,34.429],[40.689,34.332],[38.774,33.372],[39.058,32.493],[39.041,32.306],[39.247,32.351],[39.293,32.244],[39.145,32.125],[40.369,31.939],[40.479,31.893],[42.074,31.08],[42.858,30.495],[44.691,29.202],[44.717,29.194],[46.356,29.064],[46.531,29.096],[46.769,29.347],[46.906,29.538],[47.114,29.961],[47.331,30.08],[47.673,30.096],[47.979,29.983],[48.142,30.041],[48.355,29.957],[48.546,29.962],[48.435,30.038],[48.331,30.285],[48.015,30.466],[48.011,30.99],[47.679,31.002],[47.679,31.401],[47.83,31.794],[47.512,32.151],[47.371,32.424],[47.121,32.467],[46.57,32.834],[46.377,32.929],[46.113,32.958],[46.081,33.087],[46.146,33.23],[45.879,33.61],[45.738,33.603],[45.473,33.925],[45.397,33.971],[45.529,34.153],[45.527,34.285],[45.438,34.415],[45.501,34.582],[45.638,34.574],[45.678,34.798],[45.921,35.029],[46.134,35.128],[46.112,35.322],[45.971,35.524],[46.037,35.673],[46.167,35.821],[45.723,35.837],[45.484,36.009],[45.362,36.015],[45.241,36.356],[45.112,36.409],[45.031,36.526],[45.034,36.659],[44.881,36.799],[44.765,37.142],[44.606,37.176],[44.282,36.978],[44.202,37.052],[44.208,37.203],[44.013,37.314],[43.836,37.224],[43.516,37.245],[43.092,37.367],[42.937,37.325],[42.775,37.372],[42.456,37.129],[42.359,37.109]]]},"properties":{"code":"IRQ","name":"Iraq"}},
{"type":"Feature","geometry":{"type":"MultiPolygon","coordinates":[[[[56.188,26.921],[56.074,26.983],[55.907,26.91],[55.758,26.948],[55.763,26.812],[55.347,26.648],[55.424,26.583],[55.848,26.731],[55.954,26.701],[56.188,26.921]]],[[[53.914,37.344],[54.017,36.952],[53.97,36.818],[53.769,36.818],[53.768,36.93],[53.374,36.869],[52.19,36.622],[51.762,36.615],[51.119,36.743],[50.927,36.81],[50.533,37.014],[50.338,37.149],[50.13,37.407],[49.727,37.481],[49.47,37.497],[49.171,37.601],[49.081,37.668],[48.96,37.89],[48.869,38.435],[48.593,38.411],[48.417,38.586],[48.023,38.819],[48.05,38.935],[48.242,38.979],[48.274,39.099],[48.125,39.172],[48.136,39.312],[48.322,39.399],[47.996,39.684],[47.773,39.649],[47.188,39.341],[46.989,39.18],[46.853,39.148],[46.555,38.904],[46.491,38.907],[46.114,38.878],[45.48,39.006],[45.141,39.254],[44.817,39.65],[44.587,39.769],[44.456,39.667],[44.389,39.422],[44.023,39.377],[44.079,39.218],[44.178,39.145],[44.145,38.994],[44.272,38.836],[44.291,38.42],[44.431,38.357],[44.211,37.908],[44.561,37.745],[44.574,37.435],[44.794,37.29],[44.765,37.142],[44.881,36.799],[45.034,36.659],[45.031,36.526],[45.112,36.409],[45.241,36.356],[45.362,36.015],[45.484,36.009],[45.723,35.837],[46.167,35.821],[46.037,35.673],[45.971,35.524],[46.112,35.322],[46.134,35.128],[45.921,35.029],[45.678,34.798],[45.638,34.574],[45.501,34.582],[45.438,34.415],[45.527,34.285],[45.529,34.153],[45.397,33.971],[45.473,33.925],[45.738,33.603],[45.879,33.61],[46.146,33.23],[46.081,33.087],[46.113,32.958],[46.377,32.929],[46.57,32.834],[47.121,32.467],[47.371,32.424],[47.512,32.151],[47.83,31.794],[47.679,31.401],[47.679,31.002],[48.011,30.99],[48.015,30.466],[48.331,30.285],[48.435,30.038],[48.546,29.962],[48.671,30.028],[48.832,30.035],[48.919,30.121],[48.917,30.397],[49.13,30.509],[49.054,30.307],[49.43,30.13],[49.555,30.029],[49.983,30.209],[50.072,30.199],[50.169,29.921],[50.65,29.42],[50.675,29.147],[50.876,29.063],[50.867,28.87],[51.062,28.726],[51.094,28.512],[51.276,28.219],[51.279,28.131],[51.519,27.91],[51.666,27.845],[52.031,27.824],[52.192,27.717],[52.476,27.617],[52.603,27.493],[52.692,27.323],[52.983,27.142],[53.455,26.943],[53.507,26.852],[53.706,26.726],[54.069,26.732],[54.247,26.697],[54.645,26.509],[54.896,26.557],[55.294,26.786],[55.424,26.771],[55.65,26.978],[55.941,27.038],[56.118,27.143],[56.356,27.2],[56.813,27.09],[56.982,26.905],[57.072,26.68],[57.104,26.371],[57.201,26.159],[57.206,26.037],[57.335,25.792],[57.733,25.725],[57.796,25.653],[58.022,25.641],[58.314,25.581],[58.531,25.592],[58.798,25.555],[59.046,25.417],[59.456,25.481],[59.616,25.403],[60.025,25.384],[60.4,25.312],[60.511,25.437],[60.664,25.282],[61.412,25.102],[61.588,25.202],[61.669,25.769],[61.754,25.843],[61.81,26.165],[61.87,26.242],[62.239,26.357],[62.312,26.491],[62.439,26.561],[62.787,26.644],[63.093,26.632],[63.168,26.666],[63.25,26.879],[63.256,27.208],[63.167,27.252],[62.915,27.218],[62.763,27.25],[62.812,27.497],[62.74,28.002],[62.763,28.202],[62.565,28.235],[62.353,28.415],[61.89,28.547],[61.623,28.792],[61.338,29.265],[61.318,29.373],[60.843,29.859],[61.784,30.832],[61.814,31.073],[61.755,31.285],[61.66,31.382],[60.854,31.483],[60.792,31.661],[60.79,31.987],[60.829,32.249],[60.577,32.995],[60.561,33.138],[60.917,33.505],[60.655,33.56],[60.511,33.639],[60.527,33.842],[60.486,34.095],[60.643,34.307],[60.889,34.319],[60.726,34.518],[60.951,34.654],[61.08,34.856],[61.15,35.094],[61.1,35.272],[61.189,35.312],[61.279,35.514],[61.262,35.62],[61.252,35.868],[61.153,35.977],[61.212,36.099],[61.12,36.643],[60.341,36.638],[60.063,36.963],[59.949,37.042],[59.562,37.179],[59.367,37.334],[59.241,37.521],[58.815,37.683],[58.436,37.639],[58.262,37.666],[58.109,37.783],[57.711,37.905],[57.424,37.948],[57.194,38.216],[56.907,38.213],[56.775,38.25],[56.441,38.249],[56.229,38.073],[55.578,38.1],[55.381,38.051],[55.076,37.902],[54.849,37.723],[54.745,37.502],[54.192,37.332],[53.914,37.344]]]]},"properties":{"code":"IRN","name":"Iran"}},
{"type":"Feature","geometry":{"type":"MultiPolygon","coordinates":[[[[97.482,1.465],[97.356,1.54],[97.244,1.424],[97.079,1.425],[97.297,1.187],[97.405,0.947],[97.604,0.834],[97.684,0.596],[97.876,0.628],[97.932,0.974],[97.698,1.184],[97.482,1.465]]],[[[99.164,-1.778],[99.267,-1.628],[99.131,-1.442],[99.065,-1.241],[98.869,-0.916],[98.676,-0.971],[98.602,-1.198],[98.874,-1.664],[99.072,-1.783],[99.164,-1.778]]],[[[116.641,-8.614],[116.734,-8.387],[116.647,-8.283],[116.402,-8.204],[116.22,-8.295],[116.061,-8.437],[116.076,-8.745],[115.869,-8.743],[115.875,-8.826],[116.377,-8.929],[116.514,-8.821],[116.641,-8.614]]],[[[115.448,-8.155],[115.154,-8.066],[114.998,-8.174],[114.833,-8.183],[114.475,-8.119],[114.502,-8.261],[114.613,-8.378],[114.842,-8.429],[115.055,-8.573],[115.236,-8.798],[115.334,-8.616],[115.56,-8.514],[115.704,-8.407],[115.549,-8.208],[115.448,-8.155]]],[[[106.046,-1.669],[105.91,-1.505],[105.585,-1.527],[105.373,-1.657],[105.375,-1.813],[105.191,-1.917],[105.133,-2.043],[105.343,-2.125],[105.553,-2.079],[105.786,-2.181],[105.807,-2.307],[105.939,-2.493],[105.908,-2.643],[105.999,-2.825],[106.25,-2.894],[106.547,-3.056],[106.679,-2.704],[106.818,-2.573],[106.366,-2.465],[106.209,-2.189],[106.162,-1.867],[106.046,-1.669]]],[[[123.18,-4.551],[123.038,-4.395],[122.947,-4.443],[122.853,-4.618],[122.849,-4.831],[122.767,-5.21],[122.67,-5.331],[122.585,-5.545],[122.645,-5.663],[122.812,-5.671],[122.986,-5.394],[123.043,-5.419],[123.202,-5.273],[122.972,-5.138],[123.055,-4.748],[123.203,-4.766],[123.18,-4.551]]],[[[122.645,-5.269],[122.614,-5.139],[122.76,-4.934],[122.702,-4.619],[122.369,-4.767],[122.334,-4.847],[122.396,-5.07],[122.283,-5.32],[122.564,-5.387],[122.645,-5.269]]],[[[108.316,3.69],[108.394,3.836],[108.393,3.986],[108.202,4.2],[108.004,4.043],[108.088,3.852],[108.243,3.81],[108.316,3.69]]],[[[108.207,-2.998],[108.291,-2.83],[108.215,-2.697],[108.074,-2.597],[107.838,-2.53],[107.666,-2.566],[107.598,-2.8],[107.614,-3.209],[107.941,-3.129],[108.055,-3.227],[108.167,-3.143],[108.207,-2.998]]],[[[135.383,-0.651],[135.432,-0.769],[135.646,-0.882],[135.747,-0.823],[135.839,-1.119],[136.11,-1.217],[136.305,-1.173],[136.283,-1.065],[136.155,-0.978],[135.894,-0.726],[135.749,-0.733],[135.383,-0.651]]],[[[135.474,-1.592],[135.488,-1.668],[135.866,-1.752],[136.193,-1.859],[136.461,-1.89],[136.893,-1.8],[136.719,-1.734],[136.39,-1.722],[136.202,-1.655],[135.869,-1.642],[135.474,-1.592]]],[[[130.813,-0.004],[130.295,-0.101],[130.237,-0.21],[130.496,-0.267],[130.551,-0.366],[130.689,-0.297],[130.75,-0.444],[131.098,-0.33],[131.258,-0.366],[131.34,-0.29],[131.277,-0.15],[131.026,-0.04],[130.813,-0.004]]],[[[128.454,2.052],[128.623,2.224],[128.688,2.474],[128.602,2.598],[128.33,2.469],[128.218,2.297],[128.296,2.035],[128.454,2.052]]],[[[128.153,-1.661],[128.149,-1.604],[127.743,-1.36],[127.592,-1.351],[127.457,-1.454],[127.392,-1.645],[127.562,-1.729],[128.153,-1.661]]],[[[126.024,-1.79],[125.521,-1.801],[125.479,-1.94],[125.956,-1.917],[126.024,-1.79]]],[[[124.97,-1.705],[124.664,-1.636],[124.381,-1.687],[124.33,-1.859],[124.418,-2.005],[124.639,-1.978],[124.834,-1.894],[125.007,-1.943],[125.32,-1.81],[124.97,-1.705]]],[[[131.326,-8],[131.377,-7.869],[131.624,-7.626],[131.691,-7.439],[131.561,-7.136],[131.349,-7.425],[131.26,-7.471],[131.138,-7.685],[131.087,-7.865],[131.114,-7.997],[131.326,-8]]],[[[126.801,-7.668],[126.61,-7.572],[126.214,-7.707],[125.975,-7.663],[125.843,-7.817],[125.952,-7.911],[126.108,-7.884],[126.472,-7.95],[126.577,-7.808],[126.813,-7.738],[126.801,-7.668]]],[[[124.576,-8.141],[124.431,-8.183],[124.444,-8.445],[125.097,-8.353],[125.125,-8.205],[124.576,-8.141]]],[[[131.002,-1.316],[131.074,-0.968],[130.897,-0.89],[130.673,-0.96],[130.782,-1.255],[131.002,-1.316]]],[[[96.493,5.229],[96.133,5.294],[95.841,5.515],[95.629,5.609],[95.396,5.629],[95.228,5.565],[95.207,5.284],[95.495,4.761],[95.988,4.263],[96.23,4.073],[96.445,3.816],[96.801,3.709],[96.969,3.575],[97.391,2.975],[97.591,2.847],[97.701,2.359],[97.795,2.283],[98.005,2.238],[98.564,1.902],[98.703,1.702],[98.796,1.495],[99.159,0.352],[99.335,0.209],[99.598,0.102],[99.721,-0.033],[99.86,-0.314],[100.088,-0.553],[100.308,-0.827],[100.487,-1.299],[100.855,-1.934],[100.848,-2.144],[100.944,-2.345],[101.119,-2.588],[101.306,-2.729],[101.579,-3.167],[101.818,-3.378],[102.128,-3.599],[102.372,-3.969],[102.538,-4.152],[102.919,-4.471],[103.139,-4.596],[103.406,-4.816],[103.831,-5.08],[104.067,-5.386],[104.602,-5.905],[104.684,-5.893],[104.618,-5.642],[104.64,-5.52],[105.081,-5.746],[105.349,-5.55],[105.523,-5.673],[105.619,-5.8],[105.748,-5.818],[105.816,-5.677],[105.887,-5.01],[105.887,-4.554],[105.831,-4.163],[105.928,-3.881],[105.844,-3.614],[105.901,-3.41],[106.058,-3.217],[106.044,-3.106],[105.899,-2.888],[105.582,-2.492],[105.397,-2.38],[105.026,-2.358],[104.878,-2.419],[104.736,-2.571],[104.631,-2.543],[104.668,-2.386],[104.826,-2.234],[104.845,-2.093],[104.569,-1.922],[104.516,-1.819],[104.447,-1.362],[104.361,-1.038],[104.199,-1.054],[103.721,-0.887],[103.533,-0.755],[103.431,-0.534],[103.429,-0.192],[103.787,0.047],[103.673,0.289],[103.479,0.48],[103.067,0.492],[102.949,0.664],[102.849,0.715],[102.469,0.779],[102.239,0.99],[102.157,1.259],[102.02,1.442],[101.785,1.621],[101.477,1.693],[101.405,1.757],[101.301,2.012],[101.046,2.257],[100.828,2.243],[100.817,1.989],[100.685,2.12],[100.457,2.257],[100.307,2.467],[100.127,2.648],[99.907,2.988],[99.732,3.183],[99.521,3.311],[99.151,3.581],[98.778,3.759],[98.659,3.928],[98.307,4.093],[98.241,4.195],[98.248,4.415],[98.021,4.635],[97.908,4.88],[97.547,5.206],[97.451,5.236],[97.19,5.207],[96.843,5.274],[96.493,5.229]]],[[[122.783,-8.612],[122.811,-8.481],[123.006,-8.329],[122.978,-8.152],[122.846,-8.093],[122.759,-8.186],[122.85,-8.304],[122.604,-8.402],[122.433,-8.601],[122.263,-8.625],[121.967,-8.455],[121.445,-8.578],[121.277,-8.478],[120.886,-8.327],[120.751,-8.321],[120.61,-8.24],[120.231,-8.29],[119.918,-8.445],[119.818,-8.571],[119.808,-8.698],[119.909,-8.858],[120.121,-8.777],[120.32,-8.82],[120.55,-8.802],[121.035,-8.935],[121.328,-8.917],[121.415,-8.815],[121.585,-8.821],[121.651,-8.899],[121.839,-8.86],[122.094,-8.745],[122.47,-8.725],[122.783,-8.612]]],[[[120.013,-9.375],[119.942,-9.301],[119.795,-9.38],[119.615,-9.352],[119.186,-9.384],[118.959,-9.519],[119.085,-9.707],[119.363,-9.772],[119.601,-9.774],[119.931,-9.967],[120.145,-10.2],[120.439,-10.294],[120.698,-10.207],[120.833,-10.037],[120.504,-9.674],[120.291,-9.648],[120.221,-9.506],[120.013,-9.375]]],[[[118.242,-8.318],[118.117,-8.122],[117.921,-8.089],[117.755,-8.15],[117.815,-8.342],[117.979,-8.459],[118.1,-8.475],[118.235,-8.592],[117.97,-8.728],[117.806,-8.711],[117.567,-8.426],[117.357,-8.429],[117.165,-8.367],[116.953,-8.503],[116.835,-8.532],[116.783,-8.665],[116.788,-9.006],[117.061,-9.099],[117.21,-9.034],[117.508,-9.008],[117.732,-8.92],[117.861,-8.931],[118.19,-8.841],[118.379,-8.675],[118.479,-8.856],[118.818,-8.791],[118.903,-8.703],[119.006,-8.75],[119.13,-8.668],[119.042,-8.561],[118.988,-8.338],[118.748,-8.331],[118.491,-8.271],[118.338,-8.354],[118.242,-8.318]]],[[[124.889,0.995],[125.028,1.18],[125.117,1.379],[125.234,1.502],[125.165,1.644],[124.989,1.701],[124.788,1.468],[124.6,1.392],[124.534,1.23],[124.411,1.185],[124.274,1.022],[123.931,0.85],[123.847,0.838],[123.278,0.928],[122.96,0.923],[122.892,0.85],[122.437,1.018],[122.108,1.031],[121.867,1.089],[121.592,1.068],[121.44,1.214],[121.082,1.328],[120.912,1.289],[120.755,1.036],[120.603,0.854],[120.517,0.818],[120.27,0.971],[120.23,0.861],[120.056,0.693],[120.035,0.567],[119.913,0.445],[119.809,0.239],[119.866,0.04],[119.722,-0.088],[119.772,-0.484],[119.711,-0.681],[119.508,-0.907],[119.309,-1.408],[119.322,-1.93],[119.172,-2.14],[119.092,-2.483],[118.853,-2.65],[118.784,-2.765],[118.858,-2.929],[118.813,-3.157],[118.868,-3.398],[118.995,-3.538],[119.24,-3.475],[119.42,-3.475],[119.495,-3.554],[119.494,-3.769],[119.624,-4.034],[119.612,-4.424],[119.516,-4.742],[119.52,-4.877],[119.36,-5.314],[119.376,-5.425],[119.557,-5.611],[119.717,-5.693],[119.952,-5.578],[120.312,-5.542],[120.391,-5.393],[120.279,-5.146],[120.31,-4.963],[120.42,-4.617],[120.363,-4.086],[120.383,-3.852],[120.437,-3.707],[120.392,-3.348],[120.254,-3.053],[120.341,-2.87],[120.654,-2.668],[120.99,-2.67],[121.052,-2.752],[121.054,-3.167],[120.907,-3.404],[120.914,-3.556],[121.313,-3.919],[121.537,-4.015],[121.618,-4.093],[121.541,-4.283],[121.487,-4.581],[121.589,-4.76],[121.917,-4.848],[122.073,-4.792],[122.054,-4.62],[122.207,-4.496],[122.471,-4.422],[122.722,-4.411],[122.897,-4.349],[122.877,-4.109],[122.69,-4.084],[122.61,-3.923],[122.435,-3.74],[122.253,-3.62],[122.317,-3.275],[122.399,-3.201],[122.307,-3.052],[122.292,-2.908],[122.083,-2.75],[121.848,-2.332],[121.726,-2.208],[121.575,-2.151],[121.349,-1.946],[121.395,-1.834],[121.573,-1.906],[121.719,-1.863],[121.859,-1.693],[122.158,-1.594],[122.334,-1.498],[122.507,-1.348],[122.807,-0.966],[123.049,-0.872],[123.226,-1.002],[123.378,-1.004],[123.434,-0.778],[123.38,-0.649],[123.171,-0.571],[122.829,-0.659],[122.889,-0.755],[122.28,-0.757],[121.97,-0.933],[121.738,-0.926],[121.633,-0.84],[121.519,-0.856],[121.277,-1.118],[121.149,-1.339],[121.034,-1.407],[120.667,-1.37],[120.518,-1.039],[120.27,-0.899],[120.097,-0.65],[120.032,-0.432],[120.013,-0.196],[120.127,0.167],[120.349,0.449],[120.46,0.51],[120.7,0.515],[121.013,0.442],[121.426,0.495],[121.842,0.437],[122.281,0.481],[123.083,0.486],[123.265,0.327],[123.754,0.306],[124.217,0.38],[124.428,0.471],[124.698,0.826],[124.889,0.995]]],[[[107.374,-6.008],[107.046,-5.904],[107.012,-6.008],[106.825,-6.098],[106.676,-6.038],[106.166,-5.965],[106.075,-5.914],[105.868,-6.116],[105.787,-6.457],[105.655,-6.47],[105.581,-6.671],[105.484,-6.782],[105.273,-6.729],[105.255,-6.835],[105.944,-6.859],[106.198,-6.928],[106.52,-7.054],[106.417,-7.239],[106.455,-7.369],[106.631,-7.416],[107.285,-7.472],[107.547,-7.542],[107.917,-7.724],[108.452,-7.797],[108.571,-7.707],[108.741,-7.667],[108.987,-7.704],[109.282,-7.705],[109.853,-7.828],[110.039,-7.891],[110.607,-8.149],[111.055,-8.24],[111.51,-8.305],[112.115,-8.324],[112.679,-8.409],[113.134,-8.288],[113.253,-8.287],[113.693,-8.478],[114.16,-8.626],[114.277,-8.615],[114.383,-8.705],[114.584,-8.77],[114.387,-8.405],[114.444,-7.896],[114.383,-7.771],[114.071,-7.633],[113.747,-7.703],[113.248,-7.718],[113.014,-7.658],[112.795,-7.552],[112.794,-7.304],[112.649,-7.221],[112.539,-6.926],[112.087,-6.893],[111.99,-6.806],[111.738,-6.773],[111.54,-6.648],[111.342,-6.7],[111.154,-6.669],[110.972,-6.436],[110.737,-6.472],[110.584,-6.806],[110.426,-6.947],[110.198,-6.895],[109.821,-6.902],[109.501,-6.81],[109.294,-6.867],[109.018,-6.817],[108.678,-6.791],[108.604,-6.729],[108.516,-6.471],[108.295,-6.265],[108.138,-6.297],[107.667,-6.216],[107.475,-6.122],[107.374,-6.008]]],[[[109.629,2.028],[109.379,1.923],[109.273,1.705],[109.076,1.496],[108.959,1.135],[108.906,0.794],[108.945,0.356],[109.075,0.253],[109.258,0.031],[109.195,-0.009],[109.122,-0.265],[109.161,-0.495],[109.373,-0.638],[109.271,-0.732],[109.333,-0.875],[109.454,-0.869],[109.787,-1.011],[109.938,-1.181],[110.019,-1.399],[110.023,-1.643],[109.96,-1.863],[110.075,-1.946],[110.224,-2.689],[110.233,-2.925],[110.574,-2.891],[110.703,-3.021],[111.044,-3.056],[111.368,-2.934],[111.625,-2.975],[111.695,-2.889],[111.823,-3.057],[111.822,-3.533],[111.955,-3.53],[112.127,-3.381],[112.285,-3.321],[112.6,-3.4],[112.971,-3.187],[113.034,-2.933],[113.343,-3.246],[113.526,-3.184],[113.63,-3.246],[113.634,-3.42],[113.796,-3.456],[113.959,-3.394],[114.082,-3.279],[114.446,-3.482],[114.536,-3.494],[114.606,-3.703],[114.625,-4.112],[114.694,-4.17],[115.956,-3.595],[116.058,-3.348],[116.167,-3.183],[116.172,-3.025],[116.331,-2.902],[116.375,-2.578],[116.529,-2.511],[116.565,-2.3],[116.528,-2.208],[116.314,-2.14],[116.424,-2.053],[116.424,-1.785],[116.554,-1.474],[116.715,-1.376],[116.771,-1.267],[117.003,-1.188],[117.241,-0.926],[117.563,-0.771],[117.549,-0.554],[117.463,-0.324],[117.522,0.236],[117.745,0.73],[117.923,0.831],[118.016,1.039],[118.196,0.874],[118.535,0.814],[118.892,0.887],[118.985,0.982],[118.639,1.319],[118.472,1.416],[118.08,1.702],[117.865,1.968],[117.881,2.061],[118.042,2.215],[118.067,2.318],[117.886,2.542],[117.786,2.747],[117.639,2.825],[117.611,3.064],[117.352,3.194],[117.385,3.365],[117.166,3.592],[117.45,3.629],[117.51,3.73],[117.63,3.636],[117.777,3.689],[117.728,3.797],[117.566,3.93],[117.465,4.076],[117.574,4.171],[117.278,4.299],[117.101,4.337],[116.515,4.371],[116.415,4.308],[116.134,4.355],[116.022,4.291],[115.896,4.349],[115.679,4.193],[115.568,3.939],[115.545,3.634],[115.566,3.446],[115.52,3.362],[115.454,3.034],[115.247,3.026],[115.086,2.841],[115.081,2.634],[115.179,2.523],[114.969,2.351],[114.786,2.25],[114.759,2.162],[114.831,1.98],[114.704,1.851],[114.661,1.686],[114.546,1.467],[114.387,1.5],[113.902,1.434],[113.622,1.236],[113.007,1.434],[112.943,1.567],[112.476,1.559],[112.186,1.439],[112.079,1.143],[111.923,1.113],[111.77,0.999],[111.483,0.996],[111.287,1.043],[110.938,1.017],[110.615,0.878],[110.506,0.862],[110.315,0.996],[109.818,1.439],[109.654,1.615],[109.636,1.777],[109.539,1.896],[109.629,2.028]]],[[[127.733,0.848],[127.653,1.014],[127.885,1.163],[128.012,1.332],[128.011,1.701],[127.887,1.833],[127.907,1.946],[128.031,2.12],[127.9,2.137],[127.632,1.844],[127.535,1.572],[127.537,1.467],[127.42,1.252],[127.52,0.924],[127.608,0.848],[127.542,0.681],[127.555,0.49],[127.709,0.288],[127.685,0.149],[127.692,-0.242],[127.889,-0.424],[128.046,-0.706],[128.254,-0.732],[128.089,-0.485],[127.978,-0.248],[127.889,0.05],[127.887,0.298],[127.983,0.472],[128.692,0.36],[128.611,0.55],[128.261,0.734],[128.299,0.877],[128.703,1.106],[128.717,1.367],[128.688,1.573],[128.424,1.518],[128.157,1.317],[128.161,1.158],[127.967,1.043],[127.881,0.832],[127.733,0.848]]],[[[129.755,-2.866],[129.427,-2.791],[129.116,-2.937],[129.058,-2.838],[128.57,-2.842],[128.199,-2.866],[127.878,-3.222],[127.97,-3.444],[128.082,-3.184],[128.28,-3.241],[128.419,-3.416],[128.639,-3.433],[128.863,-3.235],[128.967,-3.326],[129.468,-3.453],[129.512,-3.329],[129.844,-3.327],[130.02,-3.475],[130.27,-3.579],[130.805,-3.858],[130.86,-3.57],[130.773,-3.419],[130.671,-3.392],[130.57,-3.131],[130.379,-2.989],[129.984,-2.977],[129.755,-2.866]]],[[[126.861,-3.088],[126.555,-3.065],[126.026,-3.171],[126.057,-3.421],[126.215,-3.605],[126.686,-3.824],[126.941,-3.765],[127.23,-3.633],[127.227,-3.391],[127.025,-3.166],[126.861,-3.088]]],[[[124.922,-8.942],[124.575,-9.155],[124.444,-9.19],[124.413,-9.314],[124.282,-9.428],[124.09,-9.416],[124.036,-9.342],[123.709,-9.615],[123.589,-9.967],[123.716,-10.079],[123.614,-10.215],[123.644,-10.311],[123.858,-10.344],[124.176,-10.183],[124.428,-10.149],[124.708,-9.914],[124.963,-9.666],[125.068,-9.512],[124.968,-9.294],[124.978,-9.195],[125.149,-9.123],[125.1,-9.004],[124.973,-9.064],[124.922,-8.942]]],[[[134.747,-5.707],[134.617,-5.439],[134.49,-5.525],[134.341,-5.713],[134.302,-6.01],[134.155,-6.063],[134.441,-6.335],[134.638,-6.365],[134.756,-6.171],[134.712,-5.95],[134.747,-5.707]]],[[[134.537,-6.442],[134.415,-6.387],[134.168,-6.176],[134.059,-6.769],[134.2,-6.909],[134.356,-6.815],[134.504,-6.591],[134.537,-6.442]]],[[[138.535,-8.274],[138.786,-8.059],[138.989,-7.696],[138.963,-7.588],[138.77,-7.39],[138.544,-7.38],[138.296,-7.438],[138.008,-7.642],[137.833,-7.932],[137.685,-8.262],[137.688,-8.412],[137.872,-8.38],[138.296,-8.405],[138.535,-8.274]]],[[[140.973,-2.61],[140.747,-2.607],[140.623,-2.446],[140.251,-2.412],[140.155,-2.35],[139.79,-2.348],[139.039,-1.992],[138.811,-1.918],[138.65,-1.791],[138.111,-1.616],[137.911,-1.484],[137.806,-1.483],[137.381,-1.686],[137.123,-1.841],[137.171,-2.025],[136.843,-2.198],[136.39,-2.273],[136.243,-2.583],[136.013,-2.734],[135.859,-2.995],[135.628,-3.186],[135.487,-3.345],[135.372,-3.375],[135.037,-3.333],[134.917,-3.25],[134.853,-3.108],[134.843,-2.909],[134.702,-2.934],[134.627,-2.537],[134.483,-2.583],[134.46,-2.832],[134.195,-2.309],[134.156,-2.195],[134.106,-1.721],[134.217,-1.529],[134.26,-1.363],[134.072,-1.002],[134.112,-0.847],[133.975,-0.744],[133.473,-0.726],[133.077,-0.512],[132.625,-0.359],[132.394,-0.355],[132.128,-0.454],[131.804,-0.704],[131.257,-0.855],[131.254,-1.007],[131.152,-1.219],[131.046,-1.284],[130.996,-1.425],[131.118,-1.455],[131.294,-1.393],[131.731,-1.541],[131.93,-1.56],[131.936,-1.715],[132.023,-1.99],[132.308,-2.242],[132.503,-2.218],[132.963,-2.273],[133.225,-2.214],[133.488,-2.226],[133.71,-2.189],[133.922,-2.102],[133.905,-2.391],[133.609,-2.547],[133.191,-2.438],[133.034,-2.487],[132.897,-2.658],[132.725,-2.789],[132.575,-2.727],[132.231,-2.68],[131.971,-2.789],[132.054,-2.915],[132.348,-2.975],[132.751,-3.295],[132.87,-3.551],[132.754,-3.704],[132.837,-3.949],[132.969,-4.095],[133.249,-4.062],[133.401,-3.899],[133.415,-3.732],[133.542,-3.516],[133.518,-3.412],[133.653,-3.364],[133.723,-3.578],[133.974,-3.818],[134.147,-3.797],[134.266,-3.946],[134.391,-3.91],[134.68,-4.079],[134.754,-4.195],[135.196,-4.451],[135.45,-4.443],[135.98,-4.531],[136.211,-4.651],[136.394,-4.701],[136.619,-4.819],[136.857,-4.893],[137.089,-4.924],[137.307,-5.014],[137.759,-5.256],[138.061,-5.465],[138.087,-5.709],[138.252,-5.688],[138.296,-5.949],[138.439,-6.343],[138.698,-6.626],[138.727,-6.731],[138.865,-6.858],[138.601,-6.937],[138.72,-7.07],[138.919,-7.204],[138.748,-7.251],[138.938,-7.472],[139.088,-7.587],[139.003,-7.838],[138.856,-8.145],[138.933,-8.262],[139.193,-8.086],[139.386,-8.189],[139.649,-8.125],[139.935,-8.101],[140.102,-8.301],[140.49,-8.62],[140.662,-8.847],[140.976,-9.119],[140.975,-6.905],[140.862,-6.74],[140.875,-6.612],[140.975,-6.346],[140.973,-2.61]]],[[[138.895,-8.389],[138.796,-8.174],[138.677,-8.199],[138.594,-8.371],[138.895,-8.389]]],[[[101.708,2.078],[101.641,2.127],[101.41,2.022],[101.468,1.759],[101.603,1.716],[101.719,1.789],[101.774,1.943],[101.708,2.078]]],[[[102.427,0.99],[102.443,1.234],[102.359,1.346],[102.229,1.348],[102.255,1.147],[102.325,1.007],[102.427,0.99]]],[[[102.492,1.459],[102.47,1.51],[102.042,1.625],[102.079,1.499],[102.274,1.453],[102.499,1.331],[102.492,1.459]]],[[[103.028,0.747],[103.002,0.859],[102.78,0.959],[102.549,1.13],[102.454,0.89],[102.542,0.832],[102.971,0.737],[103.028,0.747]]],[[[103.166,0.87],[103.068,1.015],[102.79,1.165],[102.702,1.054],[102.886,0.997],[103.087,0.848],[103.166,0.87]]],[[[104.585,1.216],[104.362,1.181],[104.252,1.015],[104.429,0.956],[104.575,0.832],[104.653,0.961],[104.585,1.216]]],[[[104.779,-0.176],[104.543,0.018],[104.447,-0.189],[104.567,-0.246],[104.779,-0.176]]],[[[104.474,-0.335],[104.257,-0.463],[104.485,-0.613],[104.59,-0.467],[104.474,-0.335]]],[[[103.737,-0.348],[103.549,-0.228],[103.461,-0.358],[103.737,-0.348]]],[[[109.71,-1.181],[109.743,-1.039],[109.476,-0.985],[109.428,-1.241],[109.511,-1.283],[109.71,-1.181]]],[[[113.845,-7.105],[114.083,-6.989],[113.975,-6.873],[113.067,-6.88],[112.868,-6.9],[112.726,-7.073],[112.764,-7.14],[113.04,-7.212],[113.471,-7.218],[113.656,-7.112],[113.845,-7.105]]],[[[127.25,-0.495],[127.281,-0.391],[127.126,-0.279],[127.119,-0.521],[127.25,-0.495]]],[[[127.567,-0.319],[127.3,-0.5],[127.469,-0.643],[127.463,-0.806],[127.624,-0.766],[127.761,-0.884],[127.88,-0.809],[127.804,-0.694],[127.659,-0.689],[127.605,-0.61],[127.682,-0.468],[127.567,-0.319]]],[[[132.926,-5.902],[132.971,-5.736],[133.12,-5.576],[133.173,-5.348],[133.115,-5.311],[133.009,-5.621],[132.938,-5.683],[132.926,-5.902]]],[[[128.276,-3.675],[128.264,-3.512],[128.016,-3.601],[128.143,-3.733],[128.276,-3.675]]],[[[126.817,4.033],[126.921,4.291],[126.865,4.48],[126.757,4.548],[126.722,4.344],[126.814,4.258],[126.704,4.071],[126.817,4.033]]],[[[130.862,-8.319],[131.044,-8.212],[131.02,-8.091],[130.833,-8.271],[130.862,-8.319]]],[[[129.839,-7.955],[129.813,-7.82],[129.609,-7.803],[129.592,-7.917],[129.713,-8.041],[129.839,-7.955]]],[[[127.823,-8.099],[127.821,-8.19],[128.024,-8.255],[128.119,-8.171],[127.823,-8.099]]],[[[130.353,-1.691],[129.994,-1.759],[129.738,-1.867],[129.887,-1.986],[130.248,-2.048],[130.419,-1.971],[130.425,-1.805],[130.353,-1.691]]],[[[102.367,-5.479],[102.372,-5.366],[102.198,-5.289],[102.136,-5.361],[102.286,-5.483],[102.367,-5.479]]],[[[100.425,-3.183],[100.455,-3.002],[100.246,-2.783],[100.204,-2.987],[100.425,-3.183]]],[[[100.204,-2.741],[100.202,-2.68],[100.012,-2.51],[100.015,-2.82],[100.204,-2.741]]],[[[99.843,-2.343],[99.686,-2.063],[99.572,-2.026],[99.537,-2.162],[99.607,-2.258],[99.843,-2.343]]],[[[98.459,-0.53],[98.544,-0.258],[98.427,-0.226],[98.31,-0.532],[98.459,-0.53]]],[[[96.464,2.36],[96.417,2.515],[95.806,2.916],[95.717,2.826],[95.809,2.656],[96.022,2.596],[96.29,2.43],[96.464,2.36]]],[[[122.043,-5.438],[122.062,-5.221],[121.966,-5.076],[121.808,-5.256],[121.98,-5.465],[122.043,-5.438]]],[[[123.212,-1.171],[122.908,-1.182],[122.811,-1.432],[122.89,-1.587],[123.15,-1.304],[123.367,-1.507],[123.512,-1.447],[123.547,-1.337],[123.435,-1.237],[123.212,-1.171]]],[[[120.528,-6.298],[120.549,-5.969],[120.446,-5.876],[120.461,-6.254],[120.528,-6.298]]],[[[116.303,-3.868],[116.319,-3.763],[116.262,-3.395],[116.117,-3.34],[116.018,-3.7],[116.077,-3.817],[116.093,-4.054],[116.303,-3.868]]],[[[122.949,-10.909],[123.215,-10.806],[123.418,-10.651],[123.371,-10.475],[123.265,-10.518],[123.061,-10.698],[122.846,-10.762],[122.826,-10.899],[122.949,-10.909]]],[[[124.287,-8.329],[123.971,-8.354],[124.066,-8.552],[124.184,-8.499],[124.287,-8.329]]],[[[123.925,-8.272],[123.776,-8.19],[123.601,-8.291],[123.53,-8.265],[123.325,-8.439],[123.411,-8.587],[123.553,-8.567],[123.629,-8.422],[123.784,-8.3],[123.925,-8.272]]],[[[123.317,-8.355],[123.336,-8.269],[123.133,-8.254],[123.025,-8.396],[123.317,-8.355]]],[[[123.242,-4.113],[123.212,-3.998],[123.025,-3.981],[122.995,-4.148],[123.145,-4.233],[123.242,-4.113]]],[[[119.464,-8.741],[119.547,-8.483],[119.43,-8.455],[119.379,-8.587],[119.464,-8.741]]],[[[117.649,4.169],[117.737,4.004],[117.923,4.054],[117.885,4.186],[117.649,4.169]]],[[[117.556,-8.367],[117.669,-8.189],[117.491,-8.183],[117.556,-8.367]]],[[[130.905,-0.777],[130.813,-0.814],[130.484,-0.833],[130.402,-0.924],[130.832,-0.863],[130.905,-0.777]]]]},"properties":{"code":"IDN","name":"Indonesia"}},
{"type":"Feature","geometry":{"type":"MultiPolygon","coordinates":[[[[68.165,23.857],[68.235,23.597],[68.417,23.571],[68.641,23.19],[68.817,23.054],[69.236,22.849],[69.665,22.759],[69.85,22.856],[70.251,22.971],[70.328,22.816],[70.177,22.573],[70.006,22.548],[69.819,22.452],[69.549,22.408],[69.277,22.285],[69.131,22.416],[68.983,22.385],[69.009,22.197],[69.192,21.992],[69.385,21.84],[69.748,21.506],[70.127,21.095],[70.485,20.84],[70.719,20.74],[71.025,20.739],[71.396,20.87],[71.571,20.971],[72.015,21.156],[72.254,21.531],[72.257,21.661],[72.171,21.774],[72.037,21.823],[72.244,22.028],[72.333,22.27],[72.59,22.278],[72.522,21.976],[72.617,21.962],[72.543,21.697],[72.84,21.687],[72.613,21.462],[72.692,21.178],[72.814,21.117],[72.879,20.829],[72.881,20.563],[72.709,20.078],[72.668,19.831],[72.812,19.299],[72.835,18.976],[73.006,19.021],[72.871,18.683],[72.917,18.576],[72.994,18.098],[73.156,17.622],[73.149,17.527],[73.239,17.199],[73.338,16.46],[73.476,16.054],[73.772,15.573],[73.932,15.397],[73.884,15.306],[73.949,15.075],[74.382,14.495],[74.499,14.046],[74.671,13.668],[74.771,13.077],[74.868,12.845],[74.946,12.565],[75.197,12.058],[75.525,11.703],[75.724,11.362],[75.923,10.784],[76.201,10.201],[76.196,10.086],[76.346,9.922],[76.459,9.536],[76.376,9.54],[76.343,9.827],[76.242,9.927],[76.325,9.452],[76.472,9.161],[76.553,8.903],[76.967,8.407],[77.301,8.145],[77.518,8.078],[77.77,8.19],[78.06,8.385],[78.126,8.511],[78.192,8.891],[78.421,9.105],[78.98,9.269],[78.919,9.453],[78.996,9.683],[79.258,10.035],[79.254,10.175],[79.391,10.306],[79.838,10.323],[79.849,11.197],[79.754,11.575],[79.858,11.989],[79.982,12.235],[80.143,12.452],[80.229,12.69],[80.342,13.361],[80.062,13.606],[80.244,13.773],[80.112,14.212],[80.17,14.349],[80.165,14.578],[80.053,15.074],[80.101,15.324],[80.293,15.711],[80.385,15.793],[80.647,15.895],[80.782,15.867],[80.826,15.766],[80.979,15.758],[81.132,15.962],[81.239,16.264],[81.402,16.365],[81.762,16.329],[82.142,16.485],[82.259,16.56],[82.36,16.783],[82.282,16.936],[82.36,17.096],[82.593,17.274],[82.977,17.462],[83.198,17.609],[83.654,18.07],[84.104,18.293],[84.463,18.69],[84.75,19.05],[84.771,19.125],[85.226,19.508],[85.442,19.627],[85.249,19.758],[85.46,19.896],[85.555,19.867],[85.575,19.693],[86.279,19.919],[86.499,20.172],[86.75,20.313],[86.763,20.419],[86.975,20.7],[86.842,21.106],[86.86,21.237],[87.101,21.501],[87.201,21.545],[87.678,21.654],[87.948,21.825],[88.051,22.001],[88.181,22.033],[88.057,21.694],[88.254,21.622],[88.305,21.723],[88.446,21.614],[88.585,21.66],[88.567,21.832],[88.66,22.067],[88.74,22.005],[88.691,21.733],[88.834,21.661],[89.052,21.654],[89.02,21.834],[89.051,22.093],[89.05,22.275],[88.921,22.632],[88.851,23.041],[88.928,23.187],[88.724,23.255],[88.741,23.437],[88.567,23.674],[88.7,24.003],[88.734,24.231],[88.642,24.326],[88.397,24.389],[88.287,24.48],[88.146,24.486],[88.023,24.628],[88.15,24.915],[88.313,24.882],[88.456,25.188],[88.748,25.169],[88.89,25.194],[88.944,25.291],[88.82,25.366],[88.769,25.49],[88.593,25.495],[88.452,25.574],[88.253,25.79],[88.085,25.888],[88.151,26.087],[88.44,26.369],[88.346,26.505],[88.418,26.572],[88.681,26.353],[88.683,26.292],[89.108,26.202],[89.289,26.038],[89.55,26.005],[89.619,26.216],[89.71,26.171],[89.823,25.941],[89.814,25.305],[90.25,25.185],[90.439,25.158],[91.293,25.178],[91.48,25.142],[92.05,25.169],[92.205,25.111],[92.468,24.944],[92.443,24.849],[92.251,24.895],[92.198,24.686],[92.064,24.374],[91.952,24.357],[91.877,24.195],[91.669,24.19],[91.526,24.091],[91.367,24.094],[91.232,23.92],[91.16,23.661],[91.315,23.104],[91.436,23.2],[91.511,23.034],[91.62,22.98],[91.774,23.106],[91.754,23.287],[91.938,23.505],[91.93,23.686],[92.152,23.722],[92.246,23.684],[92.334,23.324],[92.362,22.929],[92.491,22.685],[92.575,21.978],[92.689,22.131],[92.854,22.01],[92.965,22.004],[93.162,22.36],[93.079,22.718],[93.163,22.908],[93.366,23.133],[93.415,23.682],[93.307,24.022],[93.494,23.973],[93.683,24.007],[94.128,23.876],[94.293,24.322],[94.584,24.767],[94.708,25.049],[94.554,25.243],[94.623,25.41],[94.786,25.519],[94.992,25.77],[95.015,25.913],[95.132,26.041],[95.069,26.191],[95.06,26.474],[95.129,26.597],[95.464,26.756],[95.905,27.047],[96.061,27.217],[96.274,27.278],[96.666,27.339],[96.798,27.296],[96.88,27.178],[97.038,27.102],[97.104,27.163],[96.902,27.44],[96.9,27.644],[97.226,27.89],[97.335,27.938],[97.322,28.218],[97.075,28.369],[96.776,28.367],[96.603,28.46],[96.366,28.367],[96.281,28.412],[96.396,28.607],[96.581,28.764],[96.436,29.051],[96.162,28.91],[96.122,29.082],[96.235,29.246],[96.035,29.447],[95.516,29.206],[95.42,29.054],[95.279,29.05],[94.999,29.149],[94.769,29.176],[94.623,29.312],[94.293,29.145],[93.902,28.803],[93.665,28.69],[93.361,28.654],[93.207,28.591],[93.119,28.402],[92.882,28.228],[92.702,28.147],[92.664,27.949],[92.415,27.825],[92.101,27.808],[91.978,27.73],[91.632,27.76],[91.595,27.558],[91.743,27.443],[91.991,27.45],[92.083,27.291],[91.992,27.1],[92.073,26.915],[91.998,26.855],[91.672,26.802],[91.427,26.867],[91.287,26.79],[91.134,26.803],[90.74,26.772],[90.56,26.797],[90.346,26.89],[90.123,26.755],[89.764,26.702],[89.332,26.849],[89.148,26.816],[88.858,26.961],[88.739,27.176],[88.891,27.316],[88.749,27.522],[88.849,27.869],[88.804,28.007],[88.621,28.092],[88.426,28.012],[88.109,27.933],[88.11,27.871],[88.147,27.749],[88.024,27.409],[87.984,27.134],[88.111,26.928],[88.162,26.725],[88.055,26.43],[87.633,26.399],[87.414,26.423],[87.287,26.36],[87.09,26.433],[87.016,26.555],[86.701,26.435],[86.366,26.574],[86.007,26.649],[85.856,26.6],[85.737,26.64],[85.7,26.782],[85.568,26.84],[85.293,26.741],[84.685,27.041],[84.61,27.299],[84.091,27.491],[83.829,27.378],[83.447,27.465],[83.29,27.371],[82.733,27.519],[82.677,27.673],[82.451,27.672],[81.988,27.914],[81.853,27.867],[81.311,28.176],[81.169,28.335],[80.751,28.54],[80.587,28.65],[80.419,28.612],[80.071,28.83],[80.13,29.1],[80.233,29.195],[80.255,29.423],[80.402,29.73],[80.549,29.9],[80.908,30.172],[81.01,30.165],[80.985,30.237],[80.682,30.415],[80.191,30.568],[80.194,30.759],[80.081,30.782],[79.795,30.968],[79.565,30.949],[79.339,31.106],[79.107,31.403],[78.792,31.294],[78.727,31.472],[78.803,31.618],[78.693,31.74],[78.735,31.958],[78.496,32.216],[78.39,32.52],[78.701,32.597],[78.771,32.468],[78.919,32.358],[79.067,32.388],[79.219,32.501],[79.234,32.703],[79.202,32.946],[79.109,33.023],[79.113,33.226],[78.802,33.5],[78.753,34.088],[78.971,34.228],[78.936,34.352],[78.671,34.518],[78.327,34.606],[78.282,34.654],[78.012,35.251],[78.047,35.449],[77.799,35.496],[77.049,35.11],[77.001,34.992],[76.783,34.9],[76.594,34.736],[76.457,34.756],[76.172,34.668],[76.041,34.67],[75.709,34.503],[75.453,34.537],[75.188,34.639],[74.952,34.646],[74.3,34.765],[73.961,34.653],[73.812,34.422],[73.979,34.191],[73.95,34.019],[74.209,34.003],[74.216,33.887],[74.001,33.788],[74.004,33.632],[74.15,33.507],[74.118,33.384],[73.994,33.242],[74.126,33.075],[74.304,32.992],[74.355,32.769],[74.663,32.758],[74.658,32.519],[74.789,32.458],[74.987,32.462],[75.234,32.372],[75.333,32.279],[75.254,32.14],[74.739,31.949],[74.556,31.819],[74.51,31.713],[74.594,31.465],[74.518,31.186],[74.633,31.035],[74.216,30.769],[74.009,30.52],[73.899,30.435],[73.933,30.222],[73.809,30.093],[73.382,29.934],[73.231,29.551],[72.903,29.029],[72.342,28.752],[72.179,28.422],[71.948,28.177],[71.87,27.963],[71.543,27.87],[71.185,27.832],[70.875,27.714],[70.737,27.729],[70.629,27.937],[70.404,28.025],[70.145,27.849],[69.896,27.474],[69.568,27.175],[69.47,26.804],[69.736,26.627],[70.059,26.579],[70.157,26.471],[70.133,26.215],[70.078,26.072],[70.1,25.91],[70.265,25.707],[70.648,25.667],[70.652,25.423],[70.878,25.063],[71.048,24.688],[70.973,24.487],[71.044,24.4],[70.716,24.238],[70.579,24.279],[70.547,24.418],[70.098,24.288],[70.021,24.192],[69.716,24.173],[69.559,24.273],[69.12,24.269],[68.901,24.292],[68.728,24.266],[68.724,23.965],[68.489,23.967],[68.283,23.928],[68.165,23.857]]],[[[93.89,6.831],[93.93,6.973],[93.859,7.207],[93.684,7.184],[93.709,7.001],[93.829,6.749],[93.89,6.831]]],[[[92.503,10.555],[92.574,10.704],[92.51,10.897],[92.353,10.751],[92.37,10.547],[92.503,10.555]]],[[[92.723,11.536],[92.798,11.875],[92.748,11.993],[92.879,12.228],[92.864,12.436],[92.99,12.539],[92.965,12.85],[92.886,12.942],[93.074,13.252],[93.062,13.545],[92.925,13.486],[92.857,13.358],[92.807,12.879],[92.74,12.78],[92.695,12.215],[92.608,11.95],[92.534,11.873],[92.668,11.539],[92.723,11.536]]]]},"properties":{"code":"IND","name":"India"}},
{"type":"Feature","geometry":{"type":"Polygon","coordinates":[[[-15.543,66.229],[-15.985,66.515],[-16.249,66.523],[-16.541,66.447],[-16.428,66.278],[-16.485,66.196],[-16.748,66.132],[-17.153,66.203],[-17.467,66],[-17.582,65.971],[-17.907,66.143],[-18.297,66.157],[-18.315,66.093],[-18.149,65.905],[-18.277,65.885],[-18.455,65.965],[-18.778,66.169],[-18.994,66.16],[-19.383,66.076],[-19.456,65.985],[-19.434,65.814],[-19.594,65.779],[-19.875,65.93],[-20.026,66.049],[-20.208,66.1],[-20.357,66.033],[-20.357,65.719],[-20.455,65.571],[-20.74,65.658],[-20.94,65.565],[-21.106,65.3],[-21.23,65.421],[-21.422,65.462],[-21.466,65.635],[-21.303,65.876],[-21.433,65.99],[-21.967,66.257],[-22.17,66.307],[-22.426,66.43],[-22.889,66.441],[-22.972,66.324],[-22.806,66.153],[-22.445,66.07],[-22.442,65.908],[-22.552,65.905],[-22.723,66.039],[-22.815,65.983],[-23.019,65.982],[-23.063,66.086],[-23.377,66.182],[-23.528,66.164],[-23.767,65.997],[-23.705,65.781],[-24.032,65.782],[-23.979,65.555],[-24.156,65.608],[-24.224,65.487],[-23.9,65.408],[-23.605,65.469],[-22.902,65.58],[-22.39,65.535],[-22.311,65.481],[-22.006,65.493],[-21.907,65.4],[-22.149,65.344],[-22.473,65.227],[-22.4,65.159],[-22.04,65.125],[-21.892,65.049],[-22.684,65.026],[-22.788,65.046],[-23.109,64.966],[-24.007,64.896],[-23.879,64.751],[-23.69,64.757],[-23.347,64.824],[-22.72,64.789],[-22.467,64.795],[-22.234,64.714],[-22.284,64.587],[-22.004,64.452],[-21.951,64.314],[-21.647,64.398],[-21.833,64.205],[-22.057,64.071],[-22.51,63.991],[-22.651,64.077],[-22.743,64.019],[-22.693,63.869],[-22.607,63.837],[-21.449,63.858],[-21.246,63.935],[-20.879,63.804],[-20.73,63.793],[-20.198,63.556],[-19.778,63.537],[-19.25,63.442],[-18.654,63.407],[-18.303,63.454],[-17.947,63.536],[-17.816,63.713],[-17.633,63.747],[-16.64,63.865],[-16.468,63.916],[-16.06,64.111],[-15.495,64.258],[-15.022,64.296],[-14.547,64.446],[-14.433,64.538],[-14.465,64.636],[-14.385,64.745],[-14.135,64.715],[-13.853,64.862],[-13.777,65.014],[-13.652,65.017],[-13.581,65.143],[-13.805,65.355],[-13.668,65.399],[-13.785,65.533],[-13.935,65.616],[-14.302,65.628],[-14.426,65.79],[-14.758,65.756],[-14.688,65.897],[-14.698,66.02],[-15.116,66.102],[-14.912,66.284],[-14.97,66.36],[-15.162,66.282],[-15.543,66.229]]]},"properties":{"code":"ISL","name":"Iceland"}},
{"type":"Feature","geometry":{"type":"Polygon","coordinates":[[[22.132,48.405],[21.767,48.338],[21.451,48.552],[21.067,48.506],[20.867,48.546],[20.49,48.527],[20.334,48.296],[19.899,48.131],[19.625,48.223],[19.467,48.111],[18.914,48.051],[18.792,48],[18.724,47.787],[18.146,47.763],[17.762,47.77],[17.635,47.81],[17.317,47.991],[17.147,48.006],[17.03,47.837],[17.067,47.708],[16.748,47.686],[16.64,47.609],[16.623,47.448],[16.443,47.4],[16.493,47.123],[16.453,47.007],[16.253,46.972],[16.093,46.863],[16.284,46.857],[16.381,46.639],[16.516,46.5],[16.748,46.416],[17.311,45.996],[17.607,45.914],[17.706,45.827],[17.964,45.77],[18.358,45.753],[18.565,45.813],[18.666,45.907],[18.905,45.932],[19.087,46.016],[19.208,45.984],[19.393,46.05],[19.531,46.155],[20.161,46.142],[20.242,46.109],[20.508,46.167],[20.614,46.133],[20.837,46.26],[21.04,46.242],[21.152,46.304],[21.32,46.608],[21.497,46.704],[21.494,46.79],[21.785,47.138],[21.869,47.305],[21.995,47.396],[22,47.505],[22.291,47.728],[22.677,47.799],[22.877,47.947],[22.769,48.11],[22.582,48.134],[22.35,48.256],[22.254,48.407],[22.132,48.405]]]},"properties":{"code":"HUN","name":"Hungary"}},
{"type":"Feature","geometry":{"type":"Polygon","coordinates":[[[-83.158,14.993],[-83.291,15.079],[-83.369,15.24],[-83.551,15.294],[-83.76,15.22],[-83.927,15.394],[-83.973,15.52],[-84.261,15.823],[-84.646,15.884],[-84.974,15.99],[-85.164,15.918],[-85.484,15.9],[-85.784,16.003],[-86.181,15.885],[-86.357,15.783],[-86.757,15.794],[-86.907,15.762],[-87.286,15.834],[-87.487,15.79],[-87.618,15.91],[-87.875,15.879],[-88.131,15.701],[-88.228,15.729],[-88.976,15.143],[-89.143,15.072],[-89.222,14.866],[-89.172,14.607],[-89.363,14.416],[-89.057,14.329],[-88.846,14.125],[-88.666,14.016],[-88.513,13.979],[-88.449,13.851],[-88.151,13.987],[-87.991,13.88],[-87.802,13.89],[-87.715,13.813],[-87.814,13.399],[-87.602,13.386],[-87.337,12.979],[-87.059,12.991],[-86.959,13.054],[-86.918,13.224],[-86.711,13.313],[-86.771,13.699],[-86.734,13.763],[-86.332,13.77],[-86.151,13.995],[-85.984,13.966],[-85.787,13.844],[-85.682,13.983],[-85.477,14.109],[-85.374,14.224],[-85.179,14.343],[-85.161,14.525],[-85.037,14.608],[-84.985,14.752],[-84.789,14.79],[-84.646,14.661],[-84.538,14.633],[-84.239,14.748],[-83.867,14.794],[-83.415,15.008],[-83.158,14.993]]]},"properties":{"code":"HND","name":"Honduras"}},
{"type":"Feature","geometry":{"type":"MultiPolygon","coordinates":[[[[-71.779,19.718],[-72.22,19.745],[-72.637,19.901],[-72.877,19.928],[-73.118,19.904],[-73.401,19.807],[-73.396,19.659],[-73.053,19.611],[-72.703,19.441],[-72.811,19.072],[-72.649,18.894],[-72.348,18.675],[-72.376,18.574],[-72.618,18.551],[-72.789,18.435],[-73.592,18.522],[-74.228,18.663],[-74.387,18.625],[-74.478,18.45],[-74.419,18.346],[-74.085,18.215],[-73.885,18.042],[-73.747,18.19],[-73.385,18.251],[-72.877,18.152],[-72.504,18.22],[-72.06,18.229],[-71.768,18.039],[-71.762,18.341],[-71.873,18.416],[-72,18.598],[-71.867,18.614],[-71.743,18.733],[-71.734,18.856],[-71.807,18.987],[-71.657,19.131],[-71.746,19.286],[-71.707,19.422],[-71.779,19.718]]],[[[-72.805,18.778],[-73.171,18.967],[-73.285,18.897],[-73.078,18.791],[-72.822,18.707],[-72.805,18.778]]]]},"properties":{"code":"HTI","name":"Haiti"}},
{"type":"Feature","geometry":{"type":"Polygon","coordinates":[[[-60.742,5.202],[-60.335,5.199],[-60.142,5.239],[-59.991,5.083],[-60.032,4.741],[-60.111,4.511],[-59.833,4.476],[-59.703,4.381],[-59.739,4.227],[-59.551,3.934],[-59.679,3.7],[-59.854,3.588],[-59.831,3.349],[-59.972,2.99],[-59.994,2.69],[-59.89,2.363],[-59.755,2.274],[-59.756,1.901],[-59.667,1.746],[-59.536,1.7],[-59.231,1.376],[-58.969,1.305],[-58.862,1.204],[-58.685,1.281],[-58.512,1.285],[-58.506,1.439],[-58.341,1.588],[-58.035,1.52],[-57.983,1.648],[-57.796,1.7],[-57.594,1.704],[-57.413,1.909],[-57.119,2.014],[-57.038,1.936],[-56.837,1.881],[-56.483,1.942],[-56.704,2.036],[-56.931,2.395],[-57.029,2.638],[-57.21,2.883],[-57.232,3.109],[-57.304,3.377],[-57.55,3.353],[-57.649,3.517],[-57.833,3.676],[-57.908,3.857],[-58.032,4.002],[-58.054,4.172],[-57.95,4.35],[-57.846,4.668],[-57.917,4.82],[-57.711,4.991],[-57.331,5.02],[-57.207,5.214],[-57.319,5.335],[-57.195,5.548],[-57.167,5.885],[-57.19,6.097],[-57.344,6.272],[-57.54,6.332],[-57.608,6.45],[-57.983,6.786],[-58.298,6.879],[-58.415,6.851],[-58.569,6.627],[-58.583,6.844],[-58.481,7.038],[-58.477,7.326],[-58.627,7.546],[-58.812,7.736],[-59.2,8.075],[-59.666,8.363],[-59.837,8.374],[-60.018,8.549],[-59.832,8.306],[-59.965,8.192],[-60.032,8.054],[-60.178,7.994],[-60.381,7.828],[-60.514,7.813],[-60.719,7.499],[-60.607,7.321],[-60.633,7.211],[-60.523,7.144],[-60.325,7.134],[-60.395,6.945],[-60.718,6.768],[-60.873,6.787],[-61.146,6.695],[-61.204,6.588],[-61.129,6.214],[-61.303,6.05],[-61.377,5.907],[-60.742,5.202]]]},"properties":{"code":"GUY","name":"Guyana"}},
{"type":"Feature","geometry":{"type":"Polygon","coordinates":[[[-16.712,12.355],[-16.437,12.204],[-16.312,12.243],[-16.328,12.052],[-16.138,11.917],[-15.959,11.96],[-15.942,11.787],[-15.819,11.763],[-15.435,11.944],[-15.502,11.724],[-15.413,11.615],[-15.479,11.41],[-15.393,11.217],[-15.217,11.156],[-15.181,11.034],[-15.043,10.94],[-14.944,11.072],[-14.779,11.406],[-14.683,11.508],[-14.452,11.556],[-14.266,11.66],[-13.953,11.665],[-13.733,11.736],[-13.738,12.01],[-13.949,12.178],[-13.708,12.313],[-13.674,12.479],[-13.729,12.674],[-15.196,12.68],[-15.575,12.49],[-15.84,12.438],[-16.144,12.457],[-16.416,12.368],[-16.712,12.355]]]},"properties":{"code":"GNB","name":"Guinea-Bissau"}},
{"type":"Feature","geometry":{"type":"Polygon","coordinates":[[[-10.283,8.485],[-10.147,8.52],[-10.064,8.43],[-9.768,8.535],[-9.518,8.346],[-9.436,7.867],[-9.369,7.64],[-9.46,7.443],[-9.263,7.378],[-9.118,7.216],[-8.89,7.263],[-8.74,7.496],[-8.708,7.659],[-8.579,7.677],[-8.486,7.558],[-8.43,7.602],[-8.232,7.557],[-8.115,7.761],[-8.127,7.868],[-8.017,8.145],[-8.256,8.254],[-8.237,8.456],[-8.049,8.495],[-7.824,8.468],[-7.691,8.563],[-7.784,8.721],[-7.951,8.787],[-7.938,8.98],[-7.778,9.081],[-7.918,9.189],[-7.896,9.416],[-8.031,9.398],[-8.137,9.496],[-8.137,10.022],[-7.991,10.163],[-8.007,10.322],[-8.231,10.438],[-8.324,10.75],[-8.337,10.991],[-8.475,11.048],[-8.664,11.036],[-8.407,11.386],[-8.665,11.515],[-8.822,11.673],[-8.818,11.923],[-9.043,12.402],[-9.216,12.483],[-9.365,12.479],[-9.358,12.255],[-9.658,12.143],[-9.821,12.042],[-10.275,12.213],[-10.466,12.139],[-10.677,11.899],[-10.743,11.927],[-10.933,12.205],[-11.066,12.171],[-11.21,12.025],[-11.305,12.015],[-11.502,12.199],[-11.389,12.404],[-11.574,12.426],[-11.808,12.387],[-12.042,12.398],[-12.291,12.328],[-12.797,12.452],[-12.931,12.532],[-13.061,12.49],[-13.083,12.634],[-13.729,12.674],[-13.674,12.479],[-13.708,12.313],[-13.949,12.178],[-13.738,12.01],[-13.733,11.736],[-13.953,11.665],[-14.266,11.66],[-14.452,11.556],[-14.683,11.508],[-14.779,11.406],[-14.944,11.072],[-15.043,10.94],[-14.776,10.932],[-14.61,10.55],[-14.427,10.248],[-14.17,10.129],[-14.045,10.141],[-13.955,9.969],[-13.7,9.851],[-13.659,9.776],[-13.691,9.536],[-13.568,9.543],[-13.436,9.42],[-13.269,9.171],[-13.293,9.049],[-13.028,9.104],[-12.959,9.263],[-12.756,9.374],[-12.558,9.705],[-12.501,9.862],[-12.278,9.93],[-12.142,9.875],[-11.923,9.923],[-11.911,9.993],[-11.274,9.997],[-11.206,9.978],[-10.865,9.516],[-10.691,9.314],[-10.75,9.122],[-10.616,9.059],[-10.606,8.868],[-10.501,8.688],[-10.628,8.53],[-10.712,8.335],[-10.558,8.316],[-10.394,8.481],[-10.283,8.485]]]},"properties":{"code":"GIN","name":"Guinea"}},
{"type":"Feature","geometry":{"type":"Polygon","coordinates":[[[-92.235,14.545],[-91.819,14.228],[-91.377,13.99],[-91.146,13.926],[-90.607,13.929],[-90.479,13.901],[-90.095,13.737],[-90.105,13.835],[-89.873,14.046],[-89.749,14.077],[-89.547,14.241],[-89.541,14.41],[-89.363,14.416],[-89.172,14.607],[-89.222,14.866],[-89.143,15.072],[-88.976,15.143],[-88.228,15.729],[-88.536,15.85],[-88.603,15.764],[-88.894,15.891],[-89.237,15.894],[-89.161,17.815],[-90.989,17.816],[-90.993,17.252],[-91.41,17.256],[-91.224,17.112],[-90.976,16.868],[-90.711,16.708],[-90.634,16.511],[-90.417,16.391],[-90.447,16.073],[-91.737,16.07],[-92.187,15.321],[-92.204,15.238],[-92.075,15.074],[-92.186,14.818],[-92.16,14.691],[-92.235,14.545]]]},"properties":{"code":"GTM","name":"Guatemala"}},
{"type":"Feature","geometry":{"type":"Polygon","coordinates":[[[-61.716,12.013],[-61.627,12.054],[-61.607,12.223],[-61.715,12.185],[-61.716,12.013]]]},"properties":{"code":"GRD","name":"Grenada"}},
{"type":"Feature","geometry":{"type":"MultiPolygon","coordinates":[[[[20.612,38.383],[20.409,38.337],[20.524,38.107],[20.761,38.071],[20.789,38.142],[20.625,38.268],[20.612,38.383]]],[[[20.888,37.805],[20.759,37.853],[20.704,37.743],[20.819,37.665],[20.888,37.805]]],[[[20.687,38.609],[20.72,38.799],[20.635,38.818],[20.558,38.662],[20.687,38.609]]],[[[20.078,39.433],[19.955,39.47],[19.904,39.619],[19.937,39.747],[19.839,39.82],[19.649,39.726],[19.884,39.462],[20.078,39.433]]],[[[23.415,38.959],[23.313,39.035],[23.146,39.003],[23.029,38.873],[23.252,38.801],[23.617,38.553],[23.759,38.401],[24.04,38.39],[24.212,38.118],[24.502,37.97],[24.563,38.148],[24.36,38.163],[24.276,38.22],[24.099,38.671],[23.878,38.687],[23.472,38.85],[23.415,38.959]]],[[[24.774,40.615],[24.719,40.786],[24.623,40.793],[24.516,40.647],[24.646,40.579],[24.774,40.615]]],[[[25.546,36.968],[25.588,37.153],[25.525,37.196],[25.362,37.07],[25.457,36.93],[25.546,36.968]]],[[[26.824,37.811],[26.845,37.645],[27.04,37.77],[26.824,37.811]]],[[[24.992,37.76],[24.956,37.905],[24.714,37.899],[24.962,37.692],[24.992,37.76]]],[[[26.094,38.218],[26.157,38.303],[26.15,38.468],[26.013,38.602],[25.851,38.508],[25.991,38.354],[25.874,38.27],[25.999,38.162],[26.094,38.218]]],[[[26.41,39.329],[26.165,39.374],[26.026,39.285],[25.91,39.288],[25.906,39.139],[26.161,39.026],[26.469,38.973],[26.578,39.11],[26.393,39.27],[26.41,39.329]]],[[[25.438,39.983],[25.374,40.016],[25.058,40],[25.062,39.852],[25.357,39.808],[25.438,39.983]]],[[[27.843,35.929],[28.144,36.21],[28.23,36.37],[28.171,36.426],[27.914,36.345],[27.716,36.172],[27.716,35.957],[27.843,35.929]]],[[[23.852,35.535],[23.715,35.605],[23.57,35.535],[23.562,35.295],[23.638,35.235],[23.884,35.246],[24.464,35.16],[24.709,35.089],[24.8,34.934],[25.206,34.959],[25.83,35.025],[26.244,35.045],[26.299,35.269],[25.745,35.143],[25.73,35.349],[25.476,35.306],[25.104,35.347],[25.003,35.41],[24.721,35.425],[24.313,35.364],[24.166,35.595],[24.034,35.535],[23.852,35.535]]],[[[26.321,41.717],[26.107,41.726],[26.135,41.386],[25.923,41.312],[25.785,41.33],[25.251,41.244],[25.133,41.316],[24.847,41.394],[24.774,41.356],[24.596,41.443],[24.518,41.553],[24.387,41.524],[24.056,41.527],[23.635,41.387],[23.24,41.385],[23.156,41.322],[22.916,41.336],[22.755,41.313],[22.725,41.179],[22.494,41.119],[22.238,41.155],[21.929,41.107],[21.779,40.95],[21.576,40.869],[20.964,40.85],[21.031,40.659],[20.95,40.494],[20.806,40.445],[20.657,40.117],[20.456,40.066],[20.311,39.979],[20.382,39.842],[20.207,39.654],[20.001,39.709],[20.191,39.546],[20.301,39.327],[20.468,39.255],[20.78,39.009],[21.118,39.03],[21.074,38.885],[20.777,38.928],[20.777,38.808],[20.992,38.654],[21.113,38.385],[21.183,38.346],[21.39,38.408],[21.473,38.321],[21.965,38.412],[22.32,38.357],[22.422,38.439],[22.583,38.345],[22.933,38.202],[23.149,38.176],[23.122,38.073],[22.893,38.051],[22.8,37.981],[22.556,38.113],[22.244,38.189],[21.953,38.321],[21.825,38.328],[21.658,38.175],[21.404,38.197],[21.308,38.027],[21.145,37.919],[21.329,37.669],[21.571,37.541],[21.692,37.309],[21.579,37.2],[21.583,37.081],[21.738,36.863],[21.892,36.737],[21.956,36.99],[22.08,37.029],[22.489,36.568],[22.608,36.78],[22.78,36.786],[22.983,36.528],[23.074,36.775],[22.995,37.016],[22.765,37.393],[22.775,37.585],[23.096,37.441],[23.162,37.334],[23.489,37.44],[23.348,37.598],[23.198,37.62],[23.087,37.913],[23.194,37.959],[23.58,38.011],[23.972,37.677],[24.055,37.71],[24.025,38.14],[23.967,38.275],[23.684,38.352],[23.57,38.489],[23.369,38.526],[23.253,38.661],[22.774,38.8],[22.803,38.902],[22.966,39.031],[22.839,39.259],[22.993,39.331],[23.162,39.258],[23.218,39.104],[23.328,39.175],[23.288,39.289],[23.103,39.492],[22.919,39.629],[22.836,39.801],[22.592,40.037],[22.569,40.119],[22.643,40.367],[22.629,40.496],[22.811,40.579],[22.896,40.4],[23.312,40.216],[23.328,40.09],[23.467,40.074],[23.426,40.264],[23.665,40.224],[23.835,40.022],[23.967,40.115],[23.721,40.286],[23.867,40.419],[23.879,40.544],[23.743,40.677],[23.763,40.748],[24.082,40.724],[24.234,40.786],[24.477,40.948],[24.793,40.858],[25.104,40.995],[25.25,40.933],[25.856,40.844],[26.039,40.727],[26.331,40.954],[26.331,41.239],[26.625,41.402],[26.581,41.601],[26.321,41.717]]]]},"properties":{"code":"GRC","name":"Greece"}},
{"type":"Feature","geometry":{"type":"Polygon","coordinates":[[[-0.069,11.116],[-0.299,11.167],[-0.492,11.008],[-0.649,10.927],[-0.701,10.989],[-1.6,10.998],[-2.752,10.986],[-2.83,10.998],[-2.915,10.592],[-2.787,10.402],[-2.783,10.083],[-2.751,9.91],[-2.766,9.658],[-2.696,9.481],[-2.674,9.283],[-2.747,9.11],[-2.6,8.8],[-2.506,8.209],[-2.613,8.047],[-2.79,7.932],[-2.959,7.455],[-2.986,7.205],[-3.236,6.807],[-3.24,6.536],[-3.201,6.348],[-2.962,5.643],[-2.794,5.6],[-2.755,5.433],[-2.795,5.185],[-3.019,5.131],[-3.087,5.128],[-3.114,5.089],[-2.399,4.929],[-2.09,4.764],[-2.002,4.762],[-1.638,4.981],[-1.064,5.183],[-0.798,5.227],[-0.485,5.394],[-0.349,5.501],[-0.127,5.568],[0.26,5.757],[0.749,5.76],[0.95,5.81],[1.05,5.994],[1.187,6.089],[0.985,6.32],[0.737,6.453],[0.526,6.851],[0.579,7.004],[0.635,7.354],[0.51,7.435],[0.5,7.547],[0.605,7.728],[0.584,8.146],[0.688,8.304],[0.616,8.48],[0.415,8.653],[0.373,8.759],[0.489,8.851],[0.466,9.115],[0.529,9.358],[0.448,9.48],[0.262,9.496],[0.324,9.688],[0.363,10.236],[0.332,10.307],[-0.058,10.631],[-0.09,10.716],[0.009,11.021],[-0.069,11.116]]]},"properties":{"code":"GHA","name":"Ghana"}},
{"type":"Feature","geometry":{"type":"MultiPolygon","coordinates":[[[[9.524,47.524],[9.749,47.576],[10.034,47.474],[10.096,47.38],[10.313,47.313],[10.43,47.541],[10.873,47.52],[10.981,47.398],[11.298,47.425],[11.393,47.487],[11.717,47.583],[12.186,47.62],[12.209,47.718],[12.483,47.637],[12.686,47.669],[12.879,47.506],[13.014,47.478],[13.034,47.699],[12.898,47.722],[12.954,47.891],[12.76,48.076],[12.814,48.161],[13.082,48.275],[13.323,48.331],[13.409,48.394],[13.487,48.582],[13.675,48.523],[13.785,48.587],[13.815,48.767],[13.548,48.96],[13.441,48.956],[13.339,49.061],[13.141,49.158],[12.917,49.33],[12.813,49.329],[12.632,49.461],[12.391,49.74],[12.498,49.853],[12.458,49.956],[12.276,50.042],[12.277,50.181],[12.453,50.35],[12.765,50.431],[12.943,50.406],[13.016,50.49],[13.238,50.577],[13.473,50.617],[13.527,50.693],[13.899,50.761],[14.369,50.899],[14.32,51.038],[14.507,51.01],[14.723,50.815],[14.809,50.859],[14.964,51.095],[15.017,51.253],[14.906,51.463],[14.725,51.524],[14.739,51.627],[14.602,51.832],[14.753,52.082],[14.705,52.207],[14.555,52.36],[14.619,52.529],[14.514,52.646],[14.129,52.878],[14.194,52.982],[14.369,53.106],[14.415,53.283],[14.259,53.73],[14.025,53.767],[13.866,53.853],[13.822,54.019],[13.724,54.153],[13.448,54.141],[13.147,54.283],[13.029,54.411],[12.575,54.467],[12.111,54.168],[11.796,54.145],[11.4,53.945],[11.104,54.009],[10.918,53.995],[10.811,54.075],[11.009,54.181],[11.013,54.379],[10.732,54.316],[10.36,54.438],[10.212,54.409],[10.029,54.581],[10.022,54.674],[9.892,54.781],[9.74,54.826],[9.616,54.855],[9.342,54.806],[8.903,54.897],[8.67,54.903],[8.682,54.792],[8.957,54.538],[8.952,54.468],[8.648,54.398],[8.907,54.261],[8.898,53.836],[8.619,53.875],[8.528,53.781],[8.493,53.514],[8.334,53.606],[8.245,53.445],[8.009,53.691],[7.285,53.681],[7.107,53.557],[7.053,53.376],[7.197,53.282],[7.19,53],[7.013,52.634],[6.748,52.634],[6.749,52.464],[6.968,52.444],[7.035,52.38],[6.977,52.206],[6.749,52.099],[6.742,51.911],[6.356,51.825],[6.167,51.881],[5.949,51.762],[6.193,51.489],[6.076,51.224],[6.13,51.147],[5.895,50.984],[6.048,50.905],[5.994,50.75],[6.236,50.597],[6.341,50.452],[6.364,50.316],[6.175,50.233],[6.117,50.121],[6.138,49.974],[6.256,49.872],[6.487,49.798],[6.344,49.453],[6.458,49.443],[6.735,49.161],[6.891,49.208],[7.022,49.123],[7.451,49.152],[7.611,49.062],[8.135,48.974],[8.14,48.886],[7.838,48.636],[7.706,48.28],[7.584,48.064],[7.593,47.906],[7.529,47.674],[7.616,47.593],[7.927,47.564],[8.198,47.607],[8.415,47.59],[8.436,47.731],[8.618,47.766],[8.881,47.656],[9.183,47.671],[9.524,47.524]]],[[[13.709,54.383],[13.58,54.464],[13.636,54.577],[13.423,54.699],[13.24,54.638],[13.177,54.544],[13.19,54.326],[13.364,54.246],[13.482,54.337],[13.709,54.383]]],[[[14.211,53.95],[13.922,53.997],[13.926,53.879],[14.214,53.871],[14.211,53.95]]]]},"properties":{"code":"DEU","name":"Germany"}},
{"type":"Feature","geometry":{"type":"Polygon","coordinates":[[[43.439,41.107],[43.793,41.131],[44.227,41.213],[44.473,41.191],[44.841,41.211],[45.001,41.291],[45.281,41.45],[45.716,41.338],[45.793,41.224],[46.031,41.167],[46.171,41.198],[46.458,41.07],[46.626,41.16],[46.619,41.344],[46.305,41.508],[46.182,41.657],[46.43,41.891],[46.213,41.99],[45.954,42.035],[45.639,42.205],[45.728,42.475],[45.563,42.536],[45.344,42.53],[45.208,42.648],[44.871,42.756],[44.771,42.617],[44.644,42.735],[44.506,42.749],[43.957,42.567],[43.76,42.594],[43.783,42.747],[43.558,42.844],[43.089,42.989],[42.992,43.092],[42.761,43.17],[42.566,43.155],[42.419,43.224],[42.05,43.19],[41.581,43.219],[41.358,43.333],[41.083,43.374],[40.648,43.534],[40.519,43.512],[40.15,43.57],[39.978,43.42],[40.524,43.121],[40.837,43.063],[41.062,42.931],[41.129,42.828],[41.419,42.738],[41.489,42.659],[41.663,42.147],[41.763,41.97],[41.702,41.705],[41.51,41.517],[41.824,41.432],[41.926,41.496],[42.211,41.487],[42.466,41.44],[42.567,41.559],[42.788,41.564],[43.149,41.307],[43.205,41.199],[43.359,41.19],[43.439,41.107]]]},"properties":{"code":"GEO","name":"Georgia"}},
{"type":"Feature","geometry":{"type":"Polygon","coordinates":[[[-16.562,13.587],[-16.53,13.458],[-16.352,13.343],[-16.135,13.448],[-16.185,13.283],[-16.413,13.27],[-16.556,13.303],[-16.669,13.475],[-16.825,13.341],[-16.763,13.064],[-16.649,13.154],[-15.834,13.156],[-15.814,13.325],[-15.286,13.396],[-15.151,13.556],[-14.439,13.269],[-14.247,13.236],[-13.848,13.335],[-13.853,13.479],[-13.977,13.543],[-14.405,13.504],[-14.571,13.616],[-14.766,13.669],[-14.936,13.785],[-15.108,13.812],[-15.427,13.727],[-15.51,13.586],[-16.309,13.597],[-16.562,13.587]]]},"properties":{"code":"GMB","name":"The Gambia"}},
{"type":"Feature","geometry":{"type":"Polygon","coordinates":[[[13.294,2.162],[13.22,2.256],[12.867,2.247],[12.361,2.296],[11.94,2.285],[11.348,2.3],[11.329,2.167],[11.335,1],[10.029,1.004],[9.907,0.96],[9.761,1.075],[9.591,1.032],[9.618,0.577],[9.495,0.665],[9.33,0.611],[9.47,0.362],[9.777,0.192],[9.738,0.085],[9.411,0.2],[9.302,0.289],[9.339,-0.058],[9.297,-0.351],[9.137,-0.573],[8.946,-0.689],[8.821,-0.708],[8.844,-0.914],[9.065,-1.298],[9.204,-1.382],[9.331,-1.535],[9.266,-1.825],[9.533,-2.164],[9.759,-2.519],[10.006,-2.748],[10.348,-3.013],[10.585,-3.278],[10.641,-3.398],[10.947,-3.662],[11.13,-3.916],[11.288,-3.641],[11.504,-3.52],[11.686,-3.682],[11.849,-3.697],[11.833,-3.531],[11.934,-3.319],[11.715,-3.177],[11.76,-2.983],[11.639,-2.855],[11.538,-2.837],[11.603,-2.595],[11.575,-2.397],[11.95,-2.345],[12.064,-2.413],[12.446,-2.33],[12.479,-2.112],[12.432,-1.929],[12.59,-1.827],[12.794,-1.932],[12.992,-2.313],[13.357,-2.405],[13.465,-2.395],[13.784,-2.164],[13.887,-2.465],[14.087,-2.467],[14.2,-2.354],[14.163,-2.218],[14.251,-2.001],[14.384,-1.89],[14.403,-1.593],[14.456,-1.413],[14.411,-0.972],[14.481,-0.618],[14.364,-0.469],[14.207,-0.427],[14.069,-0.27],[13.86,-0.203],[13.885,0.191],[13.95,0.354],[14.088,0.537],[14.324,0.624],[14.434,0.811],[14.386,1.004],[14.181,1.37],[13.851,1.419],[13.274,1.241],[13.163,1.648],[13.209,1.92],[13.294,2.162]]]},"properties":{"code":"GAB","name":"Gabon"}},
{"type":"Feature","geometry":{"type":"MultiPolygon","coordinates":[[[[9.48,42.805],[9.463,42.981],[9.331,42.944],[9.288,42.695],[9.138,42.733],[9.044,42.662],[8.713,42.55],[8.566,42.219],[8.701,42.096],[8.615,41.959],[8.74,41.925],[8.718,41.761],[8.887,41.701],[8.808,41.588],[8.895,41.516],[9.186,41.385],[9.395,41.731],[9.401,41.926],[9.551,42.13],[9.526,42.553],[9.454,42.659],[9.48,42.805]]],[[[7.616,47.593],[7.529,47.674],[7.593,47.906],[7.584,48.064],[7.706,48.28],[7.838,48.636],[8.14,48.886],[8.135,48.974],[7.611,49.062],[7.451,49.152],[7.022,49.123],[6.891,49.208],[6.735,49.161],[6.458,49.443],[6.344,49.453],[6.242,49.494],[5.959,49.455],[5.79,49.538],[5.507,49.511],[5.279,49.678],[5.007,49.778],[4.868,49.788],[4.707,50.097],[4.545,49.96],[4.176,49.96],[4.175,50.246],[4.044,50.321],[3.748,50.344],[3.627,50.457],[3.273,50.532],[3.235,50.663],[3.107,50.779],[2.84,50.712],[2.597,50.876],[2.525,51.097],[2.446,51.067],[1.913,50.991],[1.672,50.885],[1.579,50.739],[1.552,50.294],[1.407,50.089],[1.246,49.998],[0.924,49.91],[0.616,49.863],[0.187,49.703],[0.109,49.558],[0.278,49.463],[-0.011,49.33],[-0.163,49.297],[-0.521,49.355],[-1.139,49.388],[-1.232,49.495],[-1.259,49.68],[-1.366,49.707],[-1.588,49.668],[-1.856,49.684],[-1.87,49.595],[-1.69,49.313],[-1.583,49.202],[-1.565,48.806],[-1.438,48.641],[-1.825,48.631],[-1.906,48.697],[-2.079,48.645],[-2.446,48.648],[-2.692,48.537],[-3.003,48.791],[-3.231,48.841],[-3.471,48.813],[-3.715,48.71],[-4.059,48.708],[-4.531,48.62],[-4.721,48.54],[-4.719,48.363],[-4.393,48.368],[-4.512,48.23],[-4.378,48.129],[-4.629,48.086],[-4.428,47.969],[-4.312,47.823],[-3.901,47.838],[-3.508,47.753],[-3.444,47.711],[-3.159,47.695],[-2.964,47.601],[-2.787,47.626],[-2.77,47.514],[-2.554,47.527],[-2.428,47.471],[-2.503,47.312],[-2.108,47.263],[-2.197,47.163],[-2.019,47.038],[-2.09,46.921],[-2.059,46.81],[-1.787,46.515],[-1.392,46.35],[-1.146,46.311],[-1.104,45.925],[-1.066,45.806],[-1.17,45.686],[-1.081,45.532],[-1.189,45.161],[-1.246,44.56],[-1.346,44.02],[-1.485,43.564],[-1.631,43.438],[-1.794,43.407],[-1.753,43.325],[-1.411,43.24],[-1.48,43.071],[-1.285,43.06],[-0.934,42.95],[-0.763,42.94],[-0.586,42.799],[-0.299,42.825],[-0.041,42.689],[0.632,42.69],[0.697,42.845],[1.349,42.691],[1.428,42.596],[1.501,42.643],[1.71,42.604],[1.706,42.503],[2.033,42.354],[2.2,42.421],[2.568,42.346],[2.97,42.467],[3.211,42.431],[3.091,42.591],[3.052,42.915],[3.259,43.193],[3.785,43.462],[3.911,43.563],[4.053,43.593],[4.163,43.504],[4.629,43.387],[4.789,43.379],[5.06,43.445],[5.12,43.349],[5.32,43.345],[5.407,43.229],[5.672,43.178],[5.809,43.098],[6.116,43.072],[6.494,43.169],[6.657,43.262],[6.717,43.374],[6.865,43.438],[7.181,43.659],[7.378,43.732],[7.414,43.771],[7.439,43.75],[7.493,43.767],[7.482,43.865],[7.651,44.034],[7.637,44.165],[7.371,44.127],[6.967,44.28],[6.843,44.511],[6.96,44.677],[6.993,44.827],[6.738,44.921],[6.628,45.118],[6.842,45.136],[7.078,45.24],[7.153,45.401],[7.014,45.5],[6.804,45.815],[7.021,45.926],[6.772,46.165],[6.817,46.275],[6.758,46.416],[6.429,46.431],[6.235,46.333],[6.273,46.252],[6.087,46.147],[6.06,46.428],[6.161,46.611],[6.41,46.755],[6.456,46.948],[6.625,47.004],[6.952,47.267],[6.9,47.394],[7.053,47.489],[7.203,47.433],[7.42,47.455],[7.616,47.593]]],[[[45.18,-12.977],[45.223,-12.752],[45.135,-12.709],[45.069,-12.896],[45.18,-12.977]]],[[[55.797,-21.339],[55.839,-21.139],[55.662,-20.906],[55.45,-20.865],[55.311,-20.904],[55.233,-21.058],[55.363,-21.274],[55.558,-21.358],[55.797,-21.339]]],[[[-60.826,14.494],[-60.919,14.735],[-61.127,14.875],[-61.22,14.804],[-61.141,14.652],[-61.011,14.602],[-61.064,14.467],[-60.826,14.494]]],[[[-61.327,16.23],[-61.406,16.468],[-61.529,16.434],[-61.522,16.228],[-61.327,16.23]]],[[[-61.59,16.007],[-61.575,16.227],[-61.642,16.326],[-61.794,16.301],[-61.759,16.062],[-61.59,16.007]]],[[[-54.616,2.327],[-54.515,2.245],[-54.13,2.121],[-53.768,2.355],[-53.509,2.253],[-53.334,2.34],[-53.23,2.205],[-52.965,2.184],[-52.701,2.364],[-52.357,3.052],[-52.328,3.182],[-52.163,3.365],[-51.991,3.702],[-51.653,4.061],[-51.666,4.229],[-51.786,4.571],[-51.92,4.524],[-52.058,4.717],[-52.291,4.942],[-52.454,5.021],[-52.765,5.273],[-52.899,5.425],[-53.27,5.543],[-53.454,5.563],[-53.847,5.782],[-53.99,5.676],[-54.085,5.412],[-54.156,5.359],[-54.332,5.187],[-54.452,5.013],[-54.471,4.749],[-54.45,4.485],[-54.351,4.054],[-53.99,3.59],[-54.01,3.449],[-54.203,3.138],[-54.196,2.818],[-54.402,2.462],[-54.616,2.327]]]]},"properties":{"code":"FRA","name":"France"}},
{"type":"Feature","geometry":{"type":"Polygon","coordinates":[[[-56.267,46.838],[-56.315,46.954],[-56.287,47.071],[-56.387,47.068],[-56.333,46.916],[-56.267,46.838]]]},"properties":{"code":"SPM","name":"Saint Pierre and Miquelon"}},
{"type":"Feature","geometry":{"type":"Polygon","coordinates":[[[-178.047,-14.318],[-178.142,-14.243],[-178.159,-14.312],[-178.047,-14.318]]]},"properties":{"code":"WLF","name":"Wallis and Futuna"}},
{"type":"Feature","geometry":{"type":"Polygon","coordinates":[[[-63.011,18.069],[-63.063,18.115],[-63.123,18.069],[-63.011,18.069]]]},"properties":{"code":"MAF","name":"Saint Martin"}},
{"type":"Feature","geometry":{"type":"Polygon","coordinates":[[[-62.832,17.876],[-62.8,17.909],[-62.865,17.918],[-62.832,17.876]]]},"properties":{"code":"BLM","name":"Saint Barthélemy"}},
{"type":"Feature","geometry":{"type":"MultiPolygon","coordinates":[[[[-149.322,-17.69],[-149.379,-17.522],[-149.611,-17.532],[-149.579,-17.735],[-149.322,-17.69]]],[[[-140.073,-8.91],[-140.058,-8.801],[-140.224,-8.782],[-140.217,-8.93],[-140.073,-8.91]]]]},"properties":{"code":"PYF","name":"French Polynesia"}},
{"type":"Feature","geometry":{"type":"MultiPolygon","coordinates":[[[[164.202,-20.246],[164.17,-20.48],[164.455,-20.829],[164.656,-20.992],[164.927,-21.29],[165.242,-21.525],[165.744,-21.777],[165.823,-21.854],[166.096,-21.957],[166.177,-22.089],[166.774,-22.376],[166.97,-22.323],[166.942,-22.09],[166.69,-21.953],[166.303,-21.637],[165.663,-21.267],[165.447,-21.081],[165.381,-20.936],[165.192,-20.769],[164.976,-20.681],[164.436,-20.282],[164.315,-20.309],[164.202,-20.246]]],[[[168.011,-21.43],[167.815,-21.393],[167.876,-21.582],[168.006,-21.643],[168.121,-21.616],[168.139,-21.445],[168.011,-21.43]]],[[[167.401,-21.161],[167.431,-21.055],[167.293,-20.892],[167.112,-20.904],[167.134,-21.061],[167.401,-21.161]]]]},"properties":{"code":"NCL","name":"New Caledonia"}},
{"type":"Feature","geometry":{"type":"MultiPolygon","coordinates":[[[[69.185,-49.11],[69.033,-49.018],[69.136,-48.861],[69.057,-48.656],[68.959,-48.694],[68.832,-48.849],[68.77,-49.066],[68.817,-49.135],[68.818,-49.354],[68.872,-49.444],[68.783,-49.651],[68.993,-49.705],[69.153,-49.53],[69.613,-49.651],[69.747,-49.602],[69.919,-49.689],[70.063,-49.589],[69.78,-49.49],[69.916,-49.349],[70.166,-49.343],[70.298,-49.425],[70.485,-49.328],[70.555,-49.201],[70.484,-49.084],[70.32,-49.059],[70.208,-49.135],[70.061,-49.136],[69.854,-49.222],[69.542,-49.256],[69.535,-48.974],[69.314,-49.106],[69.185,-49.11]]],[[[69.282,-49.059],[69.369,-48.89],[69.167,-48.883],[69.282,-49.059]]]]},"properties":{"code":"ATF","name":"French Southern and Antarctic Lands"}},
{"type":"Feature","geometry":{"type":"Polygon","coordinates":[[[19.99,60.351],[19.888,60.406],[19.672,60.233],[19.746,60.099],[20.034,60.094],[20.24,60.283],[19.99,60.351]]]},"properties":{"code":"ALD","name":"Åland"}},
{"type":"Feature","geometry":{"type":"MultiPolygon","coordinates":[[[[24.155,65.805],[24.404,65.78],[24.533,65.822],[24.675,65.671],[24.839,65.66],[25.242,65.546],[25.348,65.479],[25.256,65.143],[25.288,64.86],[24.942,64.884],[24.558,64.801],[24.278,64.515],[24.022,64.386],[23.925,64.274],[23.249,63.896],[23.014,63.822],[22.756,63.683],[22.532,63.648],[22.528,63.58],[22.243,63.438],[22.32,63.31],[21.896,63.21],[21.8,63.238],[21.545,63.204],[21.569,63.114],[21.458,62.95],[21.196,62.791],[21.104,62.623],[21.166,62.414],[21.323,62.343],[21.354,62.224],[21.256,61.99],[21.385,61.915],[21.606,61.592],[21.522,61.567],[21.513,61.281],[21.361,60.967],[21.436,60.596],[21.613,60.531],[21.805,60.594],[21.934,60.5],[22.258,60.401],[22.521,60.377],[22.439,60.09],[22.646,60.028],[22.793,60.077],[22.912,60.21],[22.994,60.099],[23.198,60.022],[23.181,59.845],[23.464,59.986],[23.722,59.966],[24.343,60.042],[24.446,60.021],[24.6,60.114],[25.156,60.194],[25.656,60.333],[25.715,60.267],[26.04,60.372],[26.456,60.467],[26.535,60.413],[26.951,60.471],[27.242,60.539],[27.462,60.465],[27.798,60.536],[28.407,60.897],[29.252,61.288],[29.69,61.546],[30.566,62.128],[30.936,62.324],[31.286,62.568],[31.534,62.885],[31.509,62.955],[31.181,63.208],[30.975,63.301],[30.419,63.504],[30.055,63.689],[30.504,64.021],[30.488,64.237],[30.108,64.366],[29.986,64.558],[30.12,64.645],[30.073,64.765],[29.783,64.804],[29.604,64.968],[29.622,65.04],[29.811,65.108],[29.715,65.337],[29.724,65.634],[30.095,65.682],[30.088,65.787],[29.903,66.091],[29.671,66.276],[29.464,66.532],[29.093,66.849],[29.087,66.971],[29.572,67.324],[29.941,67.547],[29.979,67.689],[29.822,67.754],[29.344,68.062],[28.685,68.19],[28.471,68.488],[28.479,68.538],[28.752,68.771],[28.566,68.928],[28.966,69.022],[28.846,69.177],[29.239,69.394],[29.333,69.473],[29.142,69.671],[28.412,69.823],[28.047,69.972],[27.89,70.062],[27.592,70.042],[27.109,69.905],[26.74,69.933],[26.525,69.915],[26.308,69.782],[26.012,69.653],[25.749,69.231],[25.748,68.99],[25.575,68.887],[25.357,68.862],[25.173,68.765],[25.087,68.64],[24.941,68.593],[24.332,68.712],[23.997,68.798],[23.854,68.806],[23.707,68.714],[23.324,68.649],[22.411,68.72],[22.3,68.856],[21.622,69.271],[21.267,69.274],[21.053,69.187],[21.066,69.042],[20.889,69.071],[20.622,69.037],[20.895,68.98],[20.919,68.907],[21.183,68.829],[21.616,68.651],[21.997,68.521],[22.782,68.391],[23.098,68.258],[23.183,68.137],[23.319,68.13],[23.474,68.017],[23.537,67.59],[23.468,67.45],[23.734,67.423],[23.775,67.329],[23.623,67.184],[23.677,67.068],[23.942,66.878],[23.866,66.577],[23.701,66.481],[23.674,66.381],[23.751,66.191],[23.907,66.148],[24.155,65.805]]],[[[22.175,60.371],[22.077,60.286],[22.258,60.166],[22.355,60.356],[22.175,60.371]]]]},"properties":{"code":"FIN","name":"Finland"}},
{"type":"Feature","geometry":{"type":"MultiPolygon","coordinates":[[[[179.999,-16.169],[179.552,-16.25],[179.359,-16.38],[179.091,-16.437],[178.866,-16.54],[178.805,-16.631],[178.584,-16.622],[178.604,-16.801],[178.707,-16.976],[178.884,-16.886],[179.007,-16.9],[179.202,-16.713],[179.419,-16.807],[179.715,-16.744],[179.928,-16.744],[179.841,-16.537],[179.568,-16.747],[179.619,-16.528],[179.748,-16.446],[179.999,-16.169]]],[[[178.28,-17.372],[178.188,-17.313],[177.94,-17.395],[177.818,-17.388],[177.618,-17.461],[177.401,-17.632],[177.423,-17.737],[177.264,-17.863],[177.321,-18.078],[177.457,-18.148],[177.847,-18.255],[178.16,-18.25],[178.332,-18.135],[178.668,-18.081],[178.575,-17.749],[178.592,-17.651],[178.411,-17.523],[178.28,-17.372]]]]},"properties":{"code":"FJI","name":"Fiji"}},
{"type":"Feature","geometry":{"type":"Polygon","coordinates":[[[35.268,5.492],[35.325,5.365],[35.469,5.419],[35.745,5.344],[35.8,5.157],[35.763,4.808],[35.979,4.504],[36.082,4.45],[36.824,4.43],[36.906,4.411],[38.086,3.649],[38.608,3.6],[39.225,3.479],[39.494,3.456],[39.658,3.578],[39.842,3.851],[40.014,3.948],[40.765,4.273],[41.087,3.992],[41.221,3.944],[41.884,3.978],[42.024,4.138],[42.228,4.202],[42.792,4.292],[42.895,4.361],[43.016,4.563],[43.126,4.644],[43.538,4.84],[44.028,4.951],[44.912,4.9],[44.941,4.912],[45.935,5.997],[46.423,6.497],[47.978,7.997],[46.978,7.997],[46.92,8.026],[45.555,8.483],[44.023,8.986],[43.621,9.337],[43.483,9.379],[43.303,9.609],[43.182,9.88],[43.069,9.926],[42.842,10.203],[42.66,10.621],[42.923,10.999],[42.558,11.081],[42.308,11.005],[41.957,10.941],[41.798,10.98],[41.767,11.589],[41.816,11.724],[41.996,11.912],[42.379,12.466],[42.134,12.771],[41.952,12.882],[41.765,13.184],[41.363,13.5],[41.122,13.736],[40.939,13.983],[40.77,14.144],[40.524,14.225],[40.221,14.431],[39.895,14.441],[39.532,14.537],[39.198,14.479],[39.074,14.628],[38.812,14.482],[38.504,14.424],[38.377,14.47],[38.221,14.65],[38.003,14.737],[37.884,14.852],[37.571,14.149],[37.507,14.156],[37.257,14.454],[37.133,14.406],[37.025,14.272],[36.812,14.315],[36.524,14.257],[36.444,13.988],[36.391,13.626],[36.212,13.271],[36.16,13.093],[36.108,12.726],[35.821,12.685],[35.596,12.537],[35.252,11.957],[35.112,11.817],[34.961,11.277],[34.931,10.865],[34.771,10.746],[34.572,10.88],[34.431,10.788],[34.276,10.528],[34.315,10.252],[34.292,10.125],[34.12,9.73],[34.078,9.462],[34.095,8.582],[33.953,8.444],[33.409,8.448],[33.234,8.396],[33.013,7.952],[33.015,7.869],[33.226,7.761],[33.666,7.671],[33.902,7.51],[34.02,7.368],[34.064,7.226],[34.279,7.003],[34.484,6.898],[34.711,6.66],[34.838,6.3],[34.959,6.045],[34.984,5.858],[35.082,5.673],[35.268,5.492]]]},"properties":{"code":"ETH","name":"Ethiopia"}},
{"type":"Feature","geometry":{"type":"MultiPolygon","coordinates":[[[[27.352,57.528],[27.4,57.667],[27.542,57.799],[27.753,57.841],[27.488,58.27],[27.531,58.435],[27.427,58.733],[27.464,58.841],[27.758,59.052],[27.898,59.278],[28.128,59.358],[28.013,59.484],[27.893,59.414],[27.336,59.45],[26.975,59.451],[26.625,59.554],[26.461,59.554],[25.794,59.635],[25.509,59.639],[25.444,59.521],[24.878,59.522],[24.584,59.456],[24.38,59.473],[24.083,59.292],[23.783,59.275],[23.494,59.196],[23.515,58.999],[23.432,58.921],[23.534,58.782],[23.509,58.659],[23.692,58.506],[23.768,58.361],[24.115,58.266],[24.337,58.381],[24.529,58.354],[24.464,58.106],[24.323,57.871],[25.111,58.063],[25.229,57.997],[25.34,58.039],[25.794,57.869],[25.991,57.838],[26.298,57.601],[26.533,57.531],[26.9,57.609],[27.352,57.528]]],[[[22.617,58.621],[22.328,58.581],[22.267,58.508],[22.081,58.478],[21.882,58.262],[22.153,58.115],[22.498,58.236],[22.757,58.261],[23.127,58.436],[22.964,58.606],[22.617,58.621]]],[[[22.924,58.827],[22.91,58.991],[22.587,59.081],[22.411,58.863],[22.542,58.69],[22.661,58.709],[22.767,58.821],[22.924,58.827]]]]},"properties":{"code":"EST","name":"Estonia"}},
{"type":"Feature","geometry":{"type":"MultiPolygon","coordinates":[[[[36.524,14.257],[36.812,14.315],[37.025,14.272],[37.133,14.406],[37.257,14.454],[37.507,14.156],[37.571,14.149],[37.884,14.852],[38.003,14.737],[38.221,14.65],[38.377,14.47],[38.504,14.424],[38.812,14.482],[39.074,14.628],[39.198,14.479],[39.532,14.537],[39.895,14.441],[40.221,14.431],[40.524,14.225],[40.77,14.144],[40.939,13.983],[41.122,13.736],[41.363,13.5],[41.765,13.184],[41.952,12.882],[42.134,12.771],[42.379,12.466],[42.479,12.514],[42.67,12.377],[42.767,12.423],[42.883,12.621],[43.117,12.709],[43.083,12.825],[42.796,12.864],[42.734,13.019],[42.523,13.221],[42.399,13.213],[42.245,13.588],[41.658,13.983],[41.48,14.244],[41.176,14.62],[40.799,14.743],[40.634,14.883],[40.204,15.014],[40.084,15.152],[40.041,15.335],[39.864,15.47],[39.721,15.214],[39.631,15.453],[39.507,15.532],[39.422,15.787],[39.299,15.921],[39.223,16.194],[39.143,16.729],[38.912,17.427],[38.609,18.005],[38.422,17.824],[38.254,17.585],[37.782,17.458],[37.51,17.288],[37.411,17.062],[37.009,17.059],[36.979,16.801],[36.888,16.625],[36.914,16.296],[36.813,15.994],[36.679,15.726],[36.522,15.25],[36.427,15.132],[36.524,14.257]]],[[[40.141,15.696],[40.043,15.875],[39.945,15.789],[40.095,15.591],[40.399,15.58],[40.25,15.703],[40.141,15.696]]]]},"properties":{"code":"ERI","name":"Eritrea"}},
{"type":"Feature","geometry":{"type":"MultiPolygon","coordinates":[[[[8.736,3.758],[8.676,3.736],[8.577,3.482],[8.465,3.451],[8.475,3.265],[8.704,3.224],[8.946,3.628],[8.91,3.758],[8.736,3.758]]],[[[11.329,2.167],[9.98,2.168],[9.801,2.304],[9.807,1.927],[9.632,1.566],[9.494,1.435],[9.386,1.139],[9.591,1.032],[9.761,1.075],[9.907,0.96],[10.029,1.004],[11.335,1],[11.329,2.167]]]]},"properties":{"code":"GNQ","name":"Equatorial Guinea"}},
{"type":"Feature","geometry":{"type":"Polygon","coordinates":[[[-89.363,14.416],[-89.541,14.41],[-89.547,14.241],[-89.749,14.077],[-89.873,14.046],[-90.105,13.835],[-90.095,13.737],[-89.804,13.56],[-89.278,13.478],[-88.867,13.283],[-88.512,13.184],[-88.417,13.214],[-88.181,13.164],[-87.931,13.181],[-87.821,13.285],[-87.814,13.399],[-87.715,13.813],[-87.802,13.89],[-87.991,13.88],[-88.151,13.987],[-88.449,13.851],[-88.513,13.979],[-88.666,14.016],[-88.846,14.125],[-89.057,14.329],[-89.363,14.416]]]},"properties":{"code":"SLV","name":"El Salvador"}},
{"type":"Feature","geometry":{"type":"Polygon","coordinates":[[[36.871,21.997],[36.83,22.098],[36.415,22.394],[36.23,22.629],[35.913,22.74],[35.698,22.946],[35.523,23.443],[35.504,23.779],[35.625,24.066],[35.478,24.155],[35.194,24.475],[34.565,25.691],[34.329,26.024],[34.05,26.551],[33.959,26.649],[33.893,27.049],[33.802,27.268],[33.697,27.341],[33.55,27.607],[33.547,27.898],[33.202,28.208],[32.898,28.565],[32.784,28.787],[32.632,28.992],[32.638,29.182],[32.565,29.386],[32.397,29.534],[32.36,29.631],[32.566,29.974],[32.647,29.798],[32.721,29.522],[32.871,29.286],[33.076,29.073],[33.204,28.778],[33.248,28.568],[33.594,28.256],[33.76,28.048],[34.045,27.829],[34.22,27.764],[34.4,28.016],[34.446,28.357],[34.617,28.758],[34.736,29.271],[34.904,29.477],[34.659,30.191],[34.245,31.208],[34.198,31.323],[33.903,31.181],[33.667,31.13],[33.378,31.131],[33.194,31.085],[33.13,31.168],[32.603,31.069],[32.324,31.256],[32.207,31.119],[32.102,31.093],[32.008,31.221],[31.771,31.293],[31.876,31.414],[31.889,31.541],[31.524,31.458],[31.194,31.588],[31.052,31.592],[31.002,31.463],[30.7,31.404],[30.571,31.473],[30.395,31.458],[30.223,31.258],[29.93,31.227],[29.592,31.012],[29.279,30.867],[29.072,30.83],[28.515,31.05],[27.968,31.097],[27.83,31.195],[27.54,31.213],[27.248,31.378],[26.457,31.512],[25.893,31.621],[25.382,31.513],[25.225,31.534],[25.15,31.655],[24.853,31.335],[24.878,31.061],[24.974,30.777],[24.878,30.458],[24.726,30.251],[24.712,30.132],[24.804,29.886],[24.916,29.376],[24.98,29.182],[24.98,21.996],[31.209,21.995],[31.358,22.189],[31.486,22.148],[31.434,21.996],[36.871,21.997]]]},"properties":{"code":"EGY","name":"Egypt"}},
{"type":"Feature","geometry":{"type":"MultiPolygon","coordinates":[[[[-75.284,-0.107],[-75.617,0.063],[-75.88,0.151],[-76.068,0.346],[-76.311,0.448],[-76.495,0.235],[-76.92,0.269],[-77.114,0.355],[-77.293,0.36],[-77.423,0.425],[-77.468,0.637],[-77.649,0.724],[-77.703,0.838],[-77.83,0.825],[-78.037,0.899],[-78.312,1.046],[-78.682,1.283],[-78.86,1.455],[-78.827,1.296],[-78.9,1.206],[-79.229,1.105],[-79.465,1.06],[-79.613,0.971],[-79.741,0.98],[-79.904,0.86],[-80.088,0.785],[-80.025,0.41],[-80.046,0.155],[-80.133,-0.006],[-80.321,-0.166],[-80.482,-0.368],[-80.455,-0.585],[-80.554,-0.848],[-80.841,-0.975],[-80.902,-1.079],[-80.801,-1.383],[-80.835,-1.632],[-80.763,-1.823],[-80.77,-2.077],[-80.963,-2.189],[-80.839,-2.349],[-80.685,-2.397],[-80.45,-2.626],[-80.285,-2.707],[-80.127,-2.528],[-79.926,-2.549],[-79.822,-2.357],[-79.73,-2.579],[-79.823,-2.777],[-79.922,-3.09],[-80.027,-3.228],[-80.325,-3.388],[-80.274,-3.425],[-80.179,-3.878],[-80.303,-4.005],[-80.437,-3.979],[-80.51,-4.07],[-80.454,-4.205],[-80.488,-4.394],[-80.383,-4.464],[-80.14,-4.296],[-79.797,-4.476],[-79.639,-4.455],[-79.516,-4.539],[-79.502,-4.671],[-79.331,-4.928],[-79.076,-4.991],[-78.862,-4.665],[-78.686,-4.562],[-78.679,-4.326],[-78.55,-3.987],[-78.42,-3.777],[-78.347,-3.431],[-78.226,-3.489],[-78.183,-3.35],[-77.861,-2.982],[-76.679,-2.563],[-76.09,-2.133],[-75.571,-1.531],[-75.42,-0.962],[-75.25,-0.952],[-75.284,-0.707],[-75.263,-0.555],[-75.425,-0.409],[-75.476,-0.157],[-75.284,-0.107]]],[[[-80.132,-2.973],[-80.093,-2.846],[-79.909,-2.726],[-80.081,-2.669],[-80.224,-2.753],[-80.273,-2.996],[-80.132,-2.973]]],[[[-90.335,-0.772],[-90.193,-0.659],[-90.269,-0.485],[-90.47,-0.517],[-90.542,-0.676],[-90.335,-0.772]]],[[[-89.419,-0.911],[-89.259,-0.728],[-89.423,-0.722],[-89.609,-0.889],[-89.419,-0.911]]],[[[-91.426,-0.461],[-91.46,-0.256],[-91.647,-0.284],[-91.647,-0.391],[-91.526,-0.478],[-91.426,-0.461]]],[[[-91.272,0.025],[-91.429,-0.023],[-91.369,-0.287],[-91.25,-0.374],[-91.145,-0.623],[-91.458,-0.8],[-91.484,-0.925],[-91.372,-1.017],[-91.131,-1.02],[-90.906,-0.941],[-90.8,-0.752],[-90.959,-0.595],[-90.976,-0.417],[-91.176,-0.223],[-91.272,0.025]]],[[[-90.574,-0.334],[-90.668,-0.19],[-90.78,-0.16],[-90.809,-0.329],[-90.574,-0.334]]]]},"properties":{"code":"ECU","name":"Ecuador"}},
{"type":"Feature","geometry":{"type":"Polygon","coordinates":[[[-71.768,18.039],[-71.674,17.954],[-71.632,17.774],[-71.396,17.646],[-71.106,18.07],[-71.028,18.273],[-70.759,18.346],[-70.645,18.336],[-70.48,18.217],[-70.183,18.252],[-70.018,18.374],[-69.771,18.444],[-69.519,18.416],[-69.275,18.44],[-68.935,18.408],[-68.659,18.222],[-68.564,18.355],[-68.359,18.538],[-68.381,18.671],[-68.685,18.905],[-68.901,18.988],[-69.624,19.118],[-69.606,19.206],[-69.323,19.201],[-69.325,19.328],[-69.739,19.299],[-69.823,19.367],[-69.957,19.672],[-70.129,19.636],[-70.305,19.676],[-70.436,19.771],[-70.636,19.776],[-70.954,19.914],[-71.281,19.847],[-71.558,19.895],[-71.779,19.718],[-71.707,19.422],[-71.746,19.286],[-71.657,19.131],[-71.807,18.987],[-71.734,18.856],[-71.743,18.733],[-71.867,18.614],[-72,18.598],[-71.873,18.416],[-71.762,18.341],[-71.768,18.039]]]},"properties":{"code":"DOM","name":"Dominican Republic"}},
{"type":"Feature","geometry":{"type":"Polygon","coordinates":[[[-61.282,15.249],[-61.251,15.373],[-61.32,15.585],[-61.481,15.525],[-61.375,15.227],[-61.282,15.249]]]},"properties":{"code":"DMA","name":"Dominica"}},
{"type":"Feature","geometry":{"type":"Polygon","coordinates":[[[43.246,11.5],[43.162,11.566],[42.912,11.587],[42.64,11.56],[42.799,11.739],[43.048,11.829],[43.272,11.97],[43.41,12.19],[43.299,12.464],[43.117,12.709],[42.883,12.621],[42.767,12.423],[42.67,12.377],[42.479,12.514],[42.379,12.466],[41.996,11.912],[41.816,11.724],[41.767,11.589],[41.798,10.98],[41.957,10.941],[42.308,11.005],[42.558,11.081],[42.923,10.999],[43.246,11.5]]]},"properties":{"code":"DJI","name":"Djibouti"}},
{"type":"Feature","geometry":{"type":"MultiPolygon","coordinates":[[[[-29.953,83.565],[-30.703,83.593],[-32.984,83.6],[-33.398,83.577],[-33.837,83.53],[-34.132,83.529],[-34.668,83.571],[-35.452,83.539],[-36.606,83.537],[-36.69,83.48],[-37.123,83.468],[-37.487,83.499],[-37.828,83.486],[-38.071,83.412],[-38.541,83.415],[-38.54,83.258],[-37.993,83.185],[-38.037,83.046],[-38.278,82.999],[-38.931,83.175],[-39.316,83.204],[-39.886,83.299],[-40.357,83.332],[-40.689,83.275],[-41.3,83.101],[-41.82,83.148],[-42.26,83.232],[-43.009,83.265],[-43.195,83.255],[-44.197,83.147],[-44.657,83.129],[-45.122,83.079],[-45.415,83.018],[-45.909,83.061],[-46.169,83.064],[-46.478,82.952],[-46.137,82.859],[-45.303,82.865],[-44.762,82.884],[-44.239,82.857],[-41.434,82.779],[-41.357,82.705],[-41.876,82.68],[-42.233,82.725],[-42.651,82.741],[-45.067,82.785],[-45.36,82.771],[-45.552,82.725],[-44.577,82.543],[-44.327,82.472],[-44.239,82.368],[-44.547,82.26],[-44.637,82.104],[-44.532,81.849],[-44.729,81.78],[-45.291,81.829],[-46.617,82.097],[-47.357,82.174],[-48.861,82.405],[-50.037,82.472],[-50.82,82.474],[-50.936,82.383],[-50.713,82.237],[-50.395,82.121],[-49.694,81.972],[-49.649,81.898],[-50.36,81.909],[-50.894,81.895],[-51.352,82.026],[-51.754,82.078],[-52.776,82.322],[-53.023,82.322],[-53.111,82.251],[-53.102,82.119],[-52.926,82.038],[-53.145,81.8],[-53.556,81.653],[-53.596,81.738],[-53.582,82.062],[-53.671,82.164],[-53.987,82.279],[-54.277,82.326],[-54.726,82.351],[-55.486,82.283],[-55.549,82.246],[-56.212,82.221],[-56.589,82.227],[-57.717,82.168],[-58.717,82.093],[-59.262,82.007],[-58.817,81.92],[-58.23,81.754],[-58.43,81.69],[-58.957,81.825],[-59.282,81.884],[-59.902,81.933],[-60.432,81.92],[-60.843,81.855],[-61.203,81.747],[-61.1,81.396],[-61.162,81.281],[-61.436,81.134],[-61.636,81.116],[-62.299,81.194],[-62.903,81.218],[-63.212,81.143],[-63.235,81.083],[-63.059,80.886],[-63.442,81.014],[-63.892,81.056],[-64.516,81],[-64.694,80.966],[-65.062,80.836],[-65.645,80.685],[-66.372,80.584],[-66.996,80.413],[-67.193,80.28],[-67.141,80.166],[-66.844,80.076],[-66.292,80.072],[-65.81,80.024],[-65.395,80.078],[-64.982,80.082],[-64.545,80.137],[-64.792,80.001],[-65.117,79.589],[-65.42,79.34],[-65.968,79.132],[-66.243,79.118],[-66.584,79.138],[-67.482,79.117],[-67.708,79.08],[-68.377,79.038],[-69.031,78.943],[-68.993,78.857],[-69.974,78.778],[-70.414,78.725],[-70.906,78.638],[-71.395,78.643],[-71.651,78.623],[-72.396,78.504],[-72.68,78.4],[-72.581,78.279],[-72.792,78.155],[-72.065,77.937],[-71.65,77.9],[-71.39,77.832],[-70.994,77.792],[-70.614,77.8],[-70.562,77.717],[-70.126,77.638],[-69.977,77.548],[-69.351,77.467],[-68.975,77.493],[-68.622,77.602],[-68.292,77.544],[-67.977,77.519],[-67.515,77.543],[-67.147,77.635],[-66.691,77.681],[-66.306,77.565],[-66.453,77.393],[-66.389,77.28],[-66.938,77.364],[-67.434,77.385],[-68.136,77.38],[-68.592,77.343],[-68.978,77.195],[-69.657,77.229],[-70.863,77.175],[-71.055,77.121],[-71.141,77.029],[-70.735,76.929],[-70.613,76.822],[-70.441,76.807],[-69.694,76.989],[-69.872,76.877],[-69.819,76.783],[-69.674,76.736],[-69.252,76.686],[-68.767,76.668],[-68.223,76.678],[-68.245,76.617],[-68.865,76.561],[-69.4,76.436],[-69.373,76.332],[-68.763,76.187],[-68.149,76.067],[-66.826,75.969],[-66.854,76.05],[-67.055,76.152],[-66.874,76.218],[-66.466,76.139],[-65.954,76.242],[-65.457,76.13],[-64.912,76.173],[-64.387,76.304],[-64.223,76.303],[-63.96,76.209],[-63.843,76.217],[-63.439,76.339],[-63.006,76.319],[-62.743,76.252],[-62.097,76.242],[-61.621,76.186],[-61.188,76.158],[-60.875,76.097],[-60.173,75.993],[-59.445,75.859],[-59.082,75.765],[-58.516,75.689],[-58.25,75.507],[-58.566,75.353],[-58.253,75.279],[-57.813,75.04],[-57.191,74.894],[-56.871,74.695],[-56.522,74.614],[-56.35,74.49],[-56.656,74.458],[-56.639,74.278],[-56.706,74.219],[-56.937,74.195],[-56.954,74.131],[-56.493,74.182],[-56.225,74.129],[-55.929,73.895],[-55.968,73.76],[-56.104,73.558],[-55.876,73.505],[-55.739,73.384],[-55.446,73.46],[-55.332,73.397],[-55.297,73.262],[-55.452,73.162],[-55.693,73.113],[-55.634,72.991],[-55.289,72.933],[-55.073,73.015],[-54.866,72.967],[-54.738,72.873],[-54.79,72.642],[-55.122,72.5],[-55.457,72.503],[-55.378,72.311],[-55.589,72.319],[-55.581,72.179],[-55.32,72.2],[-54.896,72.394],[-54.873,72.325],[-55.316,72.111],[-55.452,71.958],[-55.668,71.627],[-55.336,71.427],[-54.689,71.367],[-54.318,71.384],[-53.963,71.459],[-53.894,71.642],[-53.715,71.758],[-53.478,71.85],[-53.42,72],[-53.305,71.686],[-53.44,71.579],[-53.168,71.536],[-52.656,71.672],[-51.967,71.599],[-52.749,71.502],[-52.892,71.458],[-53.117,71.313],[-53.008,71.18],[-52.535,71.2],[-52.061,71.122],[-51.377,71.119],[-51.267,70.977],[-51.257,70.853],[-51.34,70.688],[-51.323,70.589],[-50.933,70.454],[-50.947,70.364],[-51.524,70.439],[-52.405,70.687],[-52.63,70.73],[-53.091,70.769],[-53.513,70.767],[-53.859,70.81],[-54.166,70.82],[-54.344,70.789],[-54.501,70.657],[-54.014,70.422],[-53.358,70.353],[-53.023,70.302],[-52.571,70.172],[-52.255,70.059],[-51.419,69.989],[-51.106,70.057],[-50.802,70.003],[-50.436,70.039],[-50.5,69.936],[-50.349,69.796],[-50.72,69.725],[-50.804,69.663],[-50.892,69.412],[-51.058,69.275],[-50.851,69.206],[-50.537,69.248],[-50.393,69.137],[-50.792,69.117],[-51.085,69.128],[-51.249,68.74],[-51.03,68.756],[-51.133,68.598],[-51.623,68.535],[-51.781,68.548],[-52.303,68.701],[-52.605,68.709],[-53.039,68.611],[-53.213,68.413],[-53.383,68.297],[-52.78,68.31],[-52.698,68.262],[-52.379,68.219],[-51.632,68.273],[-51.456,68.394],[-51.21,68.42],[-51.207,68.326],[-51.597,68.055],[-52.058,68.075],[-52.436,68.146],[-53.041,68.218],[-53.152,68.208],[-53.353,67.971],[-53.578,67.837],[-53.735,67.549],[-53.419,67.575],[-52.98,67.758],[-52.345,67.837],[-52.104,67.779],[-51.765,67.738],[-51.321,67.787],[-51.171,67.694],[-50.64,67.559],[-50.705,67.509],[-51.181,67.637],[-51.451,67.668],[-51.909,67.664],[-52.384,67.752],[-52.666,67.75],[-52.97,67.687],[-53.224,67.585],[-53.799,67.418],[-53.884,67.136],[-53.687,66.986],[-53.444,66.925],[-52.907,66.907],[-53.115,66.754],[-53.419,66.649],[-53.635,66.414],[-53.615,66.154],[-53.156,66.178],[-52.922,66.241],[-51.823,66.698],[-52.056,66.507],[-52.511,66.362],[-53.018,66.171],[-53.357,66.073],[-53.244,65.979],[-53.106,65.977],[-53.234,65.771],[-53.199,65.594],[-52.995,65.566],[-52.761,65.591],[-52.551,65.461],[-52.18,65.442],[-52.538,65.329],[-52.448,65.205],[-52.259,65.155],[-52.089,64.682],[-52.093,64.416],[-51.923,64.219],[-51.758,64.28],[-51.401,64.623],[-50.989,64.665],[-50.722,64.798],[-50.299,64.779],[-50.122,64.704],[-50.158,64.49],[-50.355,64.683],[-50.492,64.693],[-50.849,64.645],[-50.835,64.559],[-51.232,64.561],[-51.404,64.463],[-51.534,64.314],[-51.708,64.205],[-51.542,64.097],[-50.721,64.223],[-50.585,64.162],[-51.548,64.006],[-51.451,63.905],[-51.538,63.758],[-51.469,63.642],[-51.188,63.436],[-51.013,63.258],[-50.744,63.051],[-50.502,62.945],[-50.39,62.822],[-50.092,62.977],[-50.076,62.904],[-50.299,62.722],[-50.285,62.466],[-50.07,62.365],[-49.553,62.233],[-49.668,62.151],[-49.624,61.999],[-49.349,62.01],[-49.202,62.099],[-49.04,62.039],[-49.38,61.89],[-49.265,61.71],[-49.289,61.59],[-49.049,61.524],[-48.922,61.277],[-48.495,61.225],[-48.378,61.138],[-48.386,61.005],[-47.859,61.016],[-47.906,60.946],[-48.205,60.856],[-48.181,60.769],[-48.014,60.722],[-47.73,60.729],[-47.796,60.829],[-47.465,60.843],[-47.224,60.783],[-46.874,60.816],[-46.582,60.962],[-46.012,61.097],[-46.019,60.972],[-46.142,60.777],[-46.047,60.616],[-45.59,60.519],[-45.368,60.373],[-45.379,60.203],[-44.812,60.05],[-44.453,60.015],[-44.384,59.899],[-44.065,59.925],[-44.117,59.832],[-43.79,59.846],[-43.669,59.959],[-43.32,59.928],[-43.123,60.061],[-43.156,60.333],[-43.296,60.445],[-43.831,60.522],[-43.598,60.576],[-43.348,60.52],[-43.044,60.524],[-42.717,60.767],[-42.646,61.064],[-42.419,61.537],[-42.25,61.771],[-42.11,61.857],[-42.143,62.014],[-42.321,62.153],[-42.198,62.397],[-42.153,62.568],[-42.467,62.598],[-42.424,62.723],[-42.058,62.694],[-41.909,62.737],[-41.634,62.972],[-41.388,63.062],[-41.108,63.274],[-41.049,63.514],[-40.775,63.534],[-40.772,63.626],[-40.55,63.725],[-40.652,63.928],[-40.618,64.132],[-40.826,64.163],[-41.031,64.121],[-41.581,64.298],[-41.178,64.281],[-40.782,64.222],[-40.699,64.33],[-40.478,64.344],[-40.182,64.48],[-40.278,64.596],[-40.433,64.673],[-40.521,64.825],[-40.655,64.915],[-40.966,64.869],[-41.084,65.101],[-40.881,65.082],[-40.668,65.109],[-40.253,65.049],[-40.028,65.103],[-39.763,65.255],[-39.656,65.369],[-40.192,65.523],[-39.961,65.556],[-39.089,65.611],[-38.637,65.624],[-38.203,65.712],[-38.216,65.838],[-37.969,66.141],[-37.752,66.262],[-37.814,66.385],[-37.291,66.324],[-37.788,65.978],[-37.797,65.857],[-38.001,65.71],[-37.955,65.634],[-37.754,65.593],[-37.41,65.656],[-37.063,65.871],[-36.932,65.783],[-36.637,65.812],[-36.537,65.941],[-36.389,65.96],[-36.379,65.831],[-36.044,65.987],[-35.63,66.14],[-35.756,66.324],[-35.412,66.262],[-35.189,66.25],[-34.633,66.435],[-34.423,66.63],[-34.269,66.625],[-34.102,66.726],[-33.528,67.258],[-33.504,67.377],[-33.349,67.443],[-33.157,67.627],[-32.275,67.923],[-32.156,68.063],[-32.367,68.213],[-32.18,68.257],[-32.137,68.385],[-31.742,68.23],[-31.419,68.128],[-30.979,68.061],[-30.611,68.118],[-30.72,68.251],[-30.196,68.199],[-29.869,68.312],[-29.25,68.299],[-28.365,68.447],[-27.851,68.494],[-26.815,68.654],[-26.341,68.702],[-26.139,68.781],[-25.698,68.89],[-25.544,69.046],[-25.272,69.092],[-25.092,69.165],[-25.133,69.272],[-24.741,69.318],[-24.221,69.479],[-24.248,69.59],[-23.944,69.558],[-23.739,69.589],[-23.812,69.744],[-23.553,69.741],[-23.237,69.791],[-23.088,69.883],[-22.435,69.986],[-22.287,70.033],[-22.284,70.126],[-23.173,70.115],[-23.667,70.139],[-24.041,70.181],[-24.749,70.295],[-25.53,70.353],[-26.156,70.246],[-26.416,70.221],[-26.752,70.242],[-27.028,70.201],[-27.384,69.992],[-27.629,70.028],[-27.561,70.124],[-27.073,70.281],[-26.577,70.357],[-26.622,70.463],[-26.747,70.476],[-27.596,70.407],[-28.015,70.402],[-28.541,70.477],[-28.53,70.548],[-28.07,70.699],[-27.992,70.895],[-28.292,70.949],[-28.303,71.007],[-27.689,70.993],[-27.336,70.953],[-26.718,70.95],[-26.158,71.05],[-25.742,71.184],[-25.699,71.368],[-25.843,71.48],[-26.074,71.498],[-26.737,71.501],[-27.107,71.533],[-27.011,71.631],[-26.689,71.583],[-26.211,71.59],[-25.885,71.572],[-25.656,71.53],[-25.255,71.396],[-24.781,71.286],[-24.377,71.146],[-24.266,71.046],[-24.13,70.791],[-23.971,70.649],[-23.792,70.555],[-23.328,70.451],[-22.691,70.437],[-22.61,70.493],[-22.526,70.808],[-22.437,70.86],[-22.384,70.462],[-22.069,70.472],[-21.944,70.443],[-21.626,70.469],[-21.574,70.59],[-21.675,70.856],[-21.671,71.206],[-21.752,71.478],[-21.961,71.508],[-22.299,71.432],[-22.418,71.249],[-22.503,71.5],[-22.013,71.689],[-22.37,71.77],[-22.497,71.914],[-22.869,71.971],[-23.291,72.081],[-24.417,72.348],[-24.667,72.437],[-25.118,72.347],[-25.128,72.419],[-24.701,72.506],[-24.65,72.583],[-24.771,72.869],[-24.985,72.889],[-25.357,72.81],[-25.688,72.797],[-26.392,72.673],[-26.658,72.716],[-25.861,72.847],[-25.256,72.924],[-25.171,72.98],[-24.789,73.044],[-24.63,73.038],[-24.359,72.687],[-24.069,72.499],[-23.674,72.393],[-23.208,72.327],[-22.707,72.224],[-22.293,72.12],[-22.239,72.22],[-22.28,72.345],[-22.075,72.399],[-22.007,72.635],[-22.036,72.918],[-22.45,72.986],[-22.852,73.084],[-22.996,73.172],[-23.244,73.193],[-23.71,73.317],[-23.899,73.398],[-24.587,73.423],[-25.057,73.396],[-25.268,73.362],[-25.399,73.276],[-26.029,73.199],[-26.433,73.171],[-26.753,73.121],[-26.604,73.279],[-26.407,73.313],[-26.062,73.253],[-25.665,73.293],[-25.45,73.391],[-25.026,73.486],[-24.905,73.653],[-24.677,73.602],[-24.451,73.629],[-24.158,73.764],[-23.761,73.543],[-22.987,73.346],[-22.347,73.269],[-22.185,73.27],[-21.548,73.432],[-21.326,73.457],[-20.637,73.464],[-20.51,73.493],[-20.367,73.848],[-21.022,73.941],[-21.298,73.962],[-21.988,73.971],[-22.335,74.063],[-22.22,74.166],[-22.322,74.303],[-21.973,74.39],[-21.943,74.566],[-21.762,74.483],[-21.955,74.244],[-21.581,74.163],[-21.129,74.111],[-20.653,74.137],[-20.231,74.205],[-20.256,74.283],[-19.646,74.258],[-19.369,74.284],[-19.272,74.343],[-19.287,74.546],[-19.538,74.625],[-19.8,74.852],[-19.985,74.975],[-20.214,75.019],[-20.417,74.975],[-20.611,74.728],[-20.862,74.636],[-20.786,74.892],[-20.928,75.053],[-20.906,75.157],[-20.485,75.314],[-20.199,75.308],[-19.798,75.157],[-19.676,75.149],[-19.426,75.23],[-19.366,75.386],[-19.509,75.758],[-19.958,75.997],[-19.863,76.121],[-20.104,76.219],[-20.564,76.24],[-20.887,76.304],[-21.417,76.264],[-21.569,76.294],[-21.758,76.401],[-21.877,76.573],[-22.444,76.625],[-22.555,76.729],[-22.334,76.794],[-22.185,76.794],[-21.749,76.69],[-21.615,76.688],[-20.96,76.843],[-20.942,76.887],[-20.487,76.921],[-20.064,76.928],[-19.509,76.861],[-19.156,76.837],[-18.865,76.785],[-18.51,76.778],[-18.337,76.921],[-18.292,77.133],[-18.339,77.215],[-18.586,77.283],[-18.903,77.28],[-19.3,77.222],[-19.809,77.332],[-20.232,77.368],[-20.464,77.447],[-20.681,77.619],[-20.162,77.69],[-19.953,77.666],[-19.524,77.572],[-19.49,77.719],[-20.319,77.862],[-20.863,77.912],[-21.132,77.847],[-21.38,77.698],[-21.579,77.651],[-21.748,77.791],[-21.312,78.174],[-21.195,78.38],[-20.956,78.555],[-21.134,78.659],[-20.616,78.804],[-20.05,78.842],[-19.887,78.911],[-19.723,79.065],[-19.075,79.152],[-19.072,79.289],[-19.414,79.349],[-19.399,79.488],[-19.284,79.683],[-19.392,79.75],[-19.985,79.756],[-20.138,79.803],[-20.15,80.011],[-19.867,80.145],[-19.429,80.258],[-19.206,80.262],[-18.693,80.207],[-18.071,80.172],[-17.357,80.201],[-16.868,80.198],[-16.489,80.252],[-15.933,80.395],[-15.937,80.428],[-16.588,80.511],[-16.761,80.573],[-16.319,80.65],[-15.543,80.65],[-15.194,80.721],[-14.504,80.763],[-14.24,80.832],[-14.452,80.993],[-14.197,81.014],[-13.451,81.038],[-13.126,81.088],[-12.461,81.233],[-12.231,81.309],[-11.529,81.424],[-11.557,81.503],[-11.841,81.578],[-12.434,81.683],[-13.704,81.789],[-14.242,81.814],[-15.556,81.834],[-16.121,81.777],[-16.359,81.729],[-16.937,81.544],[-17.226,81.43],[-17.456,81.398],[-18.457,81.498],[-19.153,81.512],[-19.225,81.64],[-19.63,81.64],[-20.016,81.564],[-20.756,81.312],[-21.45,81.178],[-21.931,81.05],[-22.826,80.913],[-23.118,80.778],[-23.072,80.927],[-22.573,81.098],[-21.724,81.348],[-21.504,81.438],[-21.231,81.601],[-21.147,81.695],[-21.118,81.87],[-21.167,81.984],[-21.338,82.069],[-21.576,82.075],[-22.563,82.053],[-23.104,82.012],[-23.393,81.827],[-23.637,81.742],[-24.293,81.701],[-24.589,81.883],[-25.149,82.001],[-27.046,82.046],[-27.84,82.049],[-28.919,81.996],[-29.544,81.94],[-29.811,81.955],[-29.887,82.055],[-29.773,82.131],[-29.579,82.161],[-23.862,82.287],[-23.118,82.325],[-22.473,82.385],[-21.994,82.463],[-21.616,82.548],[-21.692,82.683],[-22.525,82.789],[-23.407,82.83],[-23.695,82.819],[-23.92,82.885],[-24.47,82.877],[-24.845,83.019],[-25.123,83.16],[-26.141,83.096],[-27.002,83.067],[-27.739,83.077],[-28.151,83.064],[-29.175,83.102],[-29.964,83.11],[-30.386,83.094],[-31.516,82.992],[-32.033,82.983],[-31.993,83.085],[-31.534,83.089],[-30.092,83.157],[-27.572,83.193],[-26.183,83.221],[-25.947,83.29],[-27.034,83.377],[-27.688,83.41],[-28.484,83.435],[-28.992,83.505],[-29.953,83.565]]],[[[-52.731,69.945],[-53.103,70.141],[-53.375,70.221],[-54.007,70.296],[-54.372,70.317],[-54.706,70.256],[-54.816,70.189],[-54.774,70.053],[-54.919,69.714],[-54.804,69.631],[-54.497,69.577],[-53.825,69.54],[-53.89,69.437],[-54.051,69.337],[-53.793,69.264],[-53.578,69.257],[-52.77,69.364],[-52.113,69.489],[-51.9,69.605],[-52.045,69.807],[-52.398,69.863],[-52.731,69.945]]],[[[-51.014,69.552],[-50.912,69.757],[-50.679,69.849],[-50.94,69.909],[-51.209,69.914],[-51.35,69.855],[-51.339,69.732],[-51.234,69.552],[-51.014,69.552]]],[[[-53.535,71.041],[-53.441,71.186],[-53.584,71.297],[-53.701,71.283],[-53.947,71.156],[-53.898,71.085],[-53.535,71.041]]],[[[-55.017,72.791],[-55.206,72.842],[-55.428,72.789],[-55.994,72.782],[-55.936,72.668],[-55.524,72.568],[-55.017,72.791]]],[[[-71.667,77.325],[-71.433,77.394],[-72.089,77.467],[-72.436,77.448],[-72.374,77.355],[-72.024,77.316],[-71.667,77.325]]],[[[-44.865,82.084],[-44.776,82.242],[-44.75,82.401],[-44.917,82.481],[-45.411,82.578],[-46.399,82.692],[-46.787,82.666],[-47.272,82.657],[-47.308,82.533],[-46.752,82.348],[-46.161,82.278],[-45.491,82.172],[-45.067,82.066],[-44.865,82.084]]],[[[-25.432,70.921],[-25.727,71.042],[-25.819,71.044],[-26.337,70.919],[-26.622,70.876],[-26.976,70.863],[-27.709,70.897],[-27.714,70.713],[-27.94,70.615],[-27.898,70.454],[-27.105,70.531],[-26.605,70.553],[-26.339,70.511],[-26.218,70.454],[-25.911,70.573],[-25.402,70.653],[-25.432,70.921]]],[[[-18.665,81.846],[-18.813,81.949],[-19.315,82.123],[-19.611,82.078],[-19.594,81.991],[-19.031,81.827],[-18.768,81.814],[-18.665,81.846]]],[[[-17.612,79.826],[-17.401,79.94],[-17.471,80.029],[-17.983,80.055],[-18.547,80.011],[-18.997,79.94],[-19.032,79.773],[-18.662,79.72],[-18.036,79.711],[-17.612,79.826]]],[[[-18.997,77.974],[-18.882,78.115],[-18.953,78.212],[-18.935,78.424],[-19.112,78.424],[-19.315,78.344],[-19.297,78.185],[-19.129,77.939],[-18.997,77.974]]],[[[-18.583,76.042],[-18.733,76.642],[-18.882,76.704],[-19.059,76.695],[-19.085,76.43],[-18.697,76.016],[-18.583,76.042]]],[[[-18.001,75.407],[-18.45,75.328],[-18.636,75.39],[-18.856,75.319],[-18.891,75.072],[-18.671,75.002],[-18.353,75.01],[-17.586,74.993],[-17.392,75.037],[-17.498,75.152],[-17.762,75.143],[-17.886,75.204],[-18.001,75.407]]],[[[-17.954,77.642],[-17.729,77.706],[-17.681,77.859],[-17.904,77.863],[-18.174,77.714],[-18.148,77.642],[-17.954,77.642]]],[[[-37.031,65.532],[-36.953,65.663],[-37.048,65.722],[-37.223,65.695],[-37.187,65.531],[-37.031,65.532]]],[[[-46.267,60.781],[-46.205,60.944],[-46.394,60.909],[-46.79,60.78],[-46.553,60.741],[-46.382,60.66],[-46.267,60.781]]],[[[-51.675,70.855],[-51.97,70.976],[-52.119,70.871],[-51.675,70.855]]]]},"properties":{"code":"GRL","name":"Greenland"}},
{"type":"Feature","geometry":{"type":"Polygon","coordinates":[[[-6.631,62.228],[-6.959,62.316],[-7.172,62.286],[-7.014,62.094],[-6.81,61.977],[-6.769,62.131],[-6.631,62.228]]]},"properties":{"code":"FRO","name":"Faroe Islands"}},
{"type":"Feature","geometry":{"type":"MultiPolygon","coordinates":[[[[12.569,55.785],[12.525,55.918],[12.579,56.064],[12.219,56.119],[11.866,55.968],[11.935,55.896],[11.82,55.698],[11.691,55.729],[11.696,55.908],[11.628,55.957],[11.464,55.879],[11.322,55.753],[11.05,55.74],[11.19,55.466],[11.171,55.329],[11.286,55.204],[11.654,55.187],[11.741,54.915],[11.862,54.773],[12.05,54.815],[12.09,55.188],[12.413,55.286],[12.385,55.386],[12.215,55.467],[12.321,55.588],[12.507,55.637],[12.569,55.785]]],[[[9.74,54.826],[9.645,55.023],[9.454,55.04],[9.671,55.266],[9.591,55.493],[9.899,55.708],[10.024,55.761],[10.017,55.876],[10.183,55.865],[10.319,56.213],[10.427,56.276],[10.621,56.202],[10.856,56.296],[10.926,56.443],[10.846,56.522],[10.49,56.521],[10.283,56.621],[10.296,56.999],[10.524,57.243],[10.537,57.449],[10.445,57.562],[10.533,57.735],[10.259,57.617],[9.962,57.581],[9.815,57.478],[9.554,57.232],[9.299,57.147],[8.952,57.151],[8.619,57.111],[8.284,56.852],[8.268,56.754],[8.468,56.665],[8.772,56.725],[8.993,57.016],[9.255,57.012],[9.196,56.702],[9.067,56.794],[8.888,56.735],[8.736,56.627],[8.672,56.496],[8.553,56.56],[8.164,56.607],[8.121,56.14],[8.202,55.982],[8.132,55.6],[8.616,55.418],[8.67,55.156],[8.67,54.903],[8.903,54.897],[9.342,54.806],[9.616,54.855],[9.74,54.826]]],[[[10.645,55.61],[10.505,55.558],[10.286,55.611],[9.861,55.515],[9.859,55.357],[9.989,55.163],[10.443,55.049],[10.624,55.052],[10.785,55.133],[10.819,55.322],[10.645,55.61]]],[[[11.361,54.892],[11.258,54.952],[11.059,54.941],[11.036,54.773],[11.457,54.629],[11.766,54.679],[11.74,54.807],[11.361,54.892]]],[[[10.734,54.751],[10.857,55.052],[10.622,54.851],[10.734,54.751]]],[[[10.061,54.886],[9.999,54.986],[9.771,55.06],[9.806,54.906],[10.061,54.886]]],[[[15.088,55.022],[15.133,55.145],[14.765,55.297],[14.684,55.102],[14.886,55.033],[15.088,55.022]]]]},"properties":{"code":"DNK","name":"Denmark"}},
{"type":"Feature","geometry":{"type":"Polygon","coordinates":[[[18.832,49.511],[18.807,49.614],[18.595,49.758],[18.562,49.879],[18.305,49.914],[18.028,50.035],[17.875,49.972],[17.589,50.157],[17.72,50.299],[17.415,50.255],[17.152,50.378],[16.88,50.427],[16.99,50.237],[16.679,50.097],[16.597,50.122],[16.334,50.367],[16.283,50.483],[16.42,50.574],[16.282,50.656],[16.007,50.612],[15.731,50.74],[15.354,50.812],[15.259,50.959],[14.994,51.014],[14.983,50.887],[14.809,50.859],[14.723,50.815],[14.507,51.01],[14.32,51.038],[14.369,50.899],[13.899,50.761],[13.527,50.693],[13.473,50.617],[13.238,50.577],[13.016,50.49],[12.943,50.406],[12.765,50.431],[12.453,50.35],[12.277,50.181],[12.276,50.042],[12.458,49.956],[12.498,49.853],[12.391,49.74],[12.632,49.461],[12.813,49.329],[12.917,49.33],[13.141,49.158],[13.339,49.061],[13.441,48.956],[13.548,48.96],[13.815,48.767],[13.989,48.692],[14.049,48.602],[14.368,48.576],[14.489,48.626],[14.691,48.599],[14.822,48.774],[14.923,48.771],[14.972,48.984],[15.162,48.946],[15.311,48.974],[15.701,48.86],[15.825,48.864],[16.057,48.755],[16.367,48.739],[16.478,48.8],[16.884,48.704],[16.953,48.599],[17.063,48.781],[17.188,48.861],[17.483,48.828],[17.758,48.888],[18.086,49.065],[18.161,49.257],[18.365,49.336],[18.596,49.491],[18.832,49.511]]]},"properties":{"code":"CZE","name":"Czechia"}},
{"type":"Feature","geometry":{"type":"Polygon","coordinates":[[[34.004,35.065],[33.908,35.202],[33.942,35.292],[34.463,35.594],[34.411,35.629],[34.063,35.474],[33.608,35.354],[33.459,35.336],[32.942,35.39],[32.88,35.181],[32.713,35.171],[32.92,35.088],[33.191,35.173],[33.384,35.163],[33.526,35.039],[33.675,35.018],[33.866,35.094],[34.004,35.065]]]},"properties":{"code":"CYN","name":"Turkish Republic of Northern Cyprus"}},
{"type":"Feature","geometry":{"type":"Polygon","coordinates":[[[32.713,35.171],[32.556,35.156],[32.317,34.953],[32.449,34.729],[32.693,34.649],[32.867,34.661],[32.942,34.576],[33.116,34.696],[33.297,34.718],[33.514,34.806],[33.699,34.97],[34.05,34.988],[34.004,35.065],[33.866,35.094],[33.675,35.018],[33.526,35.039],[33.384,35.163],[33.191,35.173],[32.92,35.088],[32.713,35.171]]]},"properties":{"code":"CYP","name":"Cyprus"}},
{"type":"Feature","geometry":{"type":"MultiPolygon","coordinates":[[[[-81.837,23.163],[-82.101,23.19],[-82.351,23.154],[-82.666,23.044],[-83.258,22.968],[-84.045,22.666],[-84.361,22.379],[-84.383,22.256],[-84.326,22.074],[-84.533,22.031],[-84.877,21.894],[-84.838,21.828],[-84.501,21.93],[-84.503,21.776],[-84.241,21.898],[-84.031,21.943],[-83.901,22.17],[-83.486,22.187],[-83.38,22.223],[-83.009,22.514],[-82.738,22.689],[-81.903,22.679],[-81.746,22.633],[-81.757,22.467],[-82.078,22.388],[-81.816,22.2],[-81.441,22.184],[-81.355,22.104],[-81.222,22.143],[-80.962,22.053],[-80.499,22.064],[-80.231,21.872],[-79.91,21.743],[-79.189,21.553],[-78.823,21.619],[-78.636,21.516],[-78.537,21.297],[-78.491,21.054],[-78.116,20.762],[-77.997,20.715],[-77.467,20.69],[-77.23,20.644],[-77.108,20.492],[-77.213,20.3],[-77.554,20.082],[-77.715,19.855],[-76.999,19.893],[-76.78,19.94],[-76.158,19.99],[-75.765,19.96],[-75.552,19.891],[-75.116,19.901],[-74.635,20.058],[-74.253,20.08],[-74.154,20.169],[-74.167,20.292],[-74.513,20.385],[-74.732,20.573],[-74.883,20.651],[-75.213,20.714],[-75.643,20.733],[-75.74,20.812],[-75.596,20.995],[-75.723,21.111],[-76.074,21.133],[-76.259,21.227],[-76.647,21.285],[-77.099,21.589],[-77.181,21.598],[-77.497,21.872],[-77.545,21.775],[-77.865,21.901],[-78.143,22.109],[-78.686,22.367],[-79.276,22.408],[-79.549,22.578],[-79.677,22.743],[-80.075,22.942],[-80.365,22.943],[-80.65,23.103],[-81.179,23.06],[-81.272,23.129],[-81.575,23.117],[-81.837,23.163]]],[[[-78.63,22.552],[-78.548,22.464],[-78.39,22.445],[-78.351,22.539],[-78.63,22.552]]],[[[-82.562,21.572],[-82.715,21.89],[-82.991,21.943],[-83.083,21.791],[-82.974,21.592],[-83.067,21.469],[-82.853,21.444],[-82.562,21.572]]]]},"properties":{"code":"CUB","name":"Cuba"}},
{"type":"Feature","geometry":{"type":"MultiPolygon","coordinates":[[[[13.578,45.517],[13.517,45.482],[13.629,45.108],[13.861,44.837],[13.966,44.836],[14.236,45.16],[14.269,45.283],[14.386,45.342],[14.55,45.298],[14.855,45.081],[14.907,44.971],[14.895,44.707],[14.981,44.603],[15.27,44.383],[15.284,44.289],[15.186,44.172],[15.499,43.909],[15.942,43.657],[15.986,43.52],[16.394,43.543],[16.903,43.392],[17.129,43.211],[17.33,43.115],[17.585,42.938],[17.625,43.043],[17.293,43.306],[17.274,43.446],[17.085,43.517],[16.713,43.779],[16.591,43.913],[16.214,44.215],[16.13,44.474],[15.737,44.766],[15.788,45.179],[16.028,45.19],[16.293,45.009],[16.531,45.217],[16.791,45.197],[16.919,45.277],[17.125,45.172],[17.546,45.123],[17.69,45.158],[17.813,45.078],[17.996,45.142],[18.285,45.134],[18.663,45.077],[18.836,44.883],[19.007,44.869],[19.1,44.974],[19.063,45.137],[19.388,45.173],[19.33,45.268],[19.005,45.4],[19.055,45.527],[18.839,45.836],[18.905,45.932],[18.666,45.907],[18.565,45.813],[18.358,45.753],[17.964,45.77],[17.706,45.827],[17.607,45.914],[17.311,45.996],[16.748,46.416],[16.516,46.5],[16.321,46.535],[16.227,46.373],[15.636,46.201],[15.666,46.048],[15.625,45.834],[15.277,45.733],[15.339,45.467],[15.11,45.451],[14.955,45.5],[14.847,45.467],[14.534,45.645],[14.37,45.481],[13.993,45.509],[13.879,45.428],[13.578,45.517]]],[[[17.194,43.126],[16.697,43.175],[16.679,43.123],[17.194,43.126]]],[[[16.785,43.271],[16.834,43.351],[16.449,43.387],[16.423,43.317],[16.785,43.271]]],[[[14.81,44.977],[14.571,45.225],[14.512,45.035],[14.687,44.956],[14.81,44.977]]],[[[14.488,44.66],[14.467,44.97],[14.303,44.94],[14.42,44.67],[14.488,44.66]]],[[[18.436,42.56],[18.304,42.599],[17.841,42.845],[17.668,42.897],[18.517,42.433],[18.436,42.56]]]]},"properties":{"code":"HRV","name":"Croatia"}},
{"type":"Feature","geometry":{"type":"Polygon","coordinates":[[[-7.991,10.163],[-8.137,10.022],[-8.137,9.496],[-8.031,9.398],[-7.896,9.416],[-7.918,9.189],[-7.778,9.081],[-7.938,8.98],[-7.951,8.787],[-7.784,8.721],[-7.691,8.563],[-7.824,8.468],[-8.049,8.495],[-8.237,8.456],[-8.256,8.254],[-8.017,8.145],[-8.127,7.868],[-8.115,7.761],[-8.232,7.557],[-8.43,7.602],[-8.486,7.558],[-8.437,7.516],[-8.297,7.074],[-8.333,6.802],[-8.604,6.508],[-8.45,6.463],[-8.204,6.291],[-7.982,6.286],[-7.889,6.235],[-7.797,5.975],[-7.73,5.919],[-7.454,5.841],[-7.4,5.551],[-7.43,5.325],[-7.569,5.081],[-7.591,4.822],[-7.572,4.386],[-7.545,4.351],[-7.426,4.376],[-7.058,4.545],[-6.845,4.671],[-6.548,4.762],[-5.914,5.011],[-5.565,5.089],[-4.9,5.138],[-4.037,5.23],[-3.871,5.221],[-3.348,5.131],[-3.238,5.335],[-3.169,5.203],[-3.019,5.131],[-2.795,5.185],[-2.755,5.433],[-2.794,5.6],[-2.962,5.643],[-3.201,6.348],[-3.24,6.536],[-3.236,6.807],[-2.986,7.205],[-2.959,7.455],[-2.79,7.932],[-2.613,8.047],[-2.506,8.209],[-2.6,8.8],[-2.747,9.11],[-2.674,9.283],[-2.696,9.481],[-2.817,9.426],[-2.988,9.687],[-3.224,9.895],[-3.581,9.924],[-3.878,9.895],[-4.267,9.743],[-4.332,9.646],[-4.626,9.714],[-4.97,9.93],[-5.1,10.242],[-5.262,10.32],[-5.382,10.314],[-5.524,10.426],[-5.844,10.39],[-6.035,10.195],[-6.241,10.279],[-6.191,10.4],[-6.261,10.724],[-6.565,10.586],[-6.654,10.656],[-6.693,10.349],[-6.95,10.342],[-7.105,10.204],[-7.363,10.259],[-7.498,10.44],[-7.661,10.427],[-7.814,10.237],[-7.991,10.163]]]},"properties":{"code":"CIV","name":"Côte d'Ivoire"}},
{"type":"Feature","geometry":{"type":"Polygon","coordinates":[[[-82.564,9.577],[-82.778,9.67],[-83.029,9.991],[-83.125,10.042],[-83.448,10.466],[-83.642,10.917],[-83.811,10.743],[-84.168,10.78],[-84.348,10.98],[-84.701,11.052],[-84.909,10.945],[-85.621,11.184],[-85.744,11.062],[-85.908,10.898],[-85.667,10.745],[-85.663,10.635],[-85.831,10.398],[-85.796,10.133],[-85.625,9.902],[-85.315,9.811],[-85.115,9.582],[-84.886,9.821],[-84.963,9.933],[-85.161,10.017],[-85.198,10.195],[-85.025,10.116],[-84.715,9.899],[-84.643,9.789],[-84.659,9.647],[-84.483,9.526],[-84.222,9.463],[-83.896,9.276],[-83.637,9.035],[-83.614,8.804],[-83.734,8.614],[-83.544,8.446],[-83.292,8.406],[-83.298,8.507],[-83.422,8.619],[-83.391,8.718],[-83.162,8.588],[-83.123,8.353],[-82.879,8.071],[-82.998,8.368],[-82.862,8.454],[-82.856,8.635],[-82.917,8.74],[-82.741,8.952],[-82.94,9.06],[-82.94,9.449],[-82.801,9.592],[-82.644,9.506],[-82.564,9.577]]]},"properties":{"code":"CRI","name":"Costa Rica"}},
{"type":"Feature","geometry":{"type":"Polygon","coordinates":[[[30.751,-8.194],[30.407,-7.461],[30.313,-7.204],[30.106,-6.915],[29.71,-6.617],[29.541,-6.314],[29.48,-6.025],[29.596,-5.776],[29.594,-5.651],[29.343,-4.983],[29.326,-4.836],[29.403,-4.449],[29.331,-4.095],[29.223,-3.911],[29.21,-3.363],[29.224,-3.054],[29.017,-2.8],[29.014,-2.72],[28.922,-2.682],[28.876,-2.4],[29.106,-2.233],[29.148,-2.132],[29.129,-1.86],[29.352,-1.518],[29.577,-1.388],[29.562,-0.977],[29.648,-0.535],[29.633,-0.442],[29.718,0.098],[29.934,0.499],[29.943,0.819],[30.183,0.973],[30.321,1.185],[30.478,1.239],[30.943,1.683],[31.253,2.045],[31.274,2.146],[31.176,2.27],[30.962,2.403],[30.729,2.455],[30.77,2.678],[30.847,2.847],[30.754,3.042],[30.828,3.283],[30.906,3.409],[30.839,3.491],[30.757,3.624],[30.559,3.653],[30.508,3.836],[30.195,3.982],[29.87,4.327],[29.677,4.587],[29.47,4.612],[29.385,4.498],[29.151,4.388],[28.939,4.487],[28.727,4.505],[28.428,4.324],[28.192,4.35],[27.981,4.532],[27.788,4.645],[27.664,4.846],[27.491,4.968],[27.403,5.109],[27.115,5.198],[26.822,5.062],[26.174,5.171],[25.525,5.312],[25.4,5.256],[25.249,5.025],[24.766,4.93],[24.437,5.01],[24.32,4.994],[23.417,4.663],[23.116,4.737],[22.865,4.724],[22.756,4.647],[22.617,4.446],[22.506,4.208],[22.422,4.135],[21.908,4.254],[21.687,4.281],[21.538,4.245],[21.35,4.311],[21.23,4.302],[20.956,4.413],[20.558,4.463],[20.394,4.686],[20.226,4.83],[20.002,4.945],[19.807,5.089],[19.501,5.127],[19.323,5.071],[19.069,4.891],[18.832,4.523],[18.567,4.258],[18.634,3.954],[18.597,3.679],[18.61,3.478],[18.622,3.304],[18.491,2.924],[18.212,2.415],[18.072,2.013],[18.058,1.535],[17.902,1.118],[17.886,0.857],[17.925,0.537],[17.888,0.234],[17.773,-0.052],[17.724,-0.278],[17.753,-0.549],[17.543,-0.775],[17.279,-1],[17.108,-1.064],[16.88,-1.226],[16.78,-1.376],[16.541,-1.84],[16.215,-2.178],[16.192,-2.279],[16.217,-3.03],[16.147,-3.464],[15.872,-3.934],[15.6,-4.031],[15.395,-4.245],[15.106,-4.461],[14.912,-4.706],[14.708,-4.882],[14.411,-4.831],[14.365,-4.586],[14.45,-4.45],[14.358,-4.299],[13.941,-4.485],[13.717,-4.454],[13.685,-4.689],[13.415,-4.837],[13.073,-4.635],[12.83,-4.737],[12.574,-4.997],[12.522,-5.149],[12.504,-5.696],[12.214,-5.759],[12.412,-5.986],[12.681,-5.961],[12.792,-5.878],[13.068,-5.865],[13.979,-5.857],[14.399,-5.893],[15.727,-5.864],[16.315,-5.866],[16.537,-5.966],[16.718,-6.241],[16.743,-6.618],[16.919,-6.934],[16.985,-7.257],[17.155,-7.461],[17.536,-8.076],[17.913,-8.068],[18.009,-8.108],[18.192,-8.024],[18.653,-7.936],[18.898,-7.998],[19.341,-7.967],[19.372,-7.655],[19.48,-7.472],[19.528,-7.144],[19.66,-7.037],[19.875,-6.986],[20.482,-6.916],[20.599,-6.935],[20.537,-7.122],[20.608,-7.278],[21.751,-7.305],[21.842,-7.421],[21.78,-7.865],[21.801,-8.112],[21.896,-8.341],[21.905,-8.693],[21.829,-9.168],[21.813,-9.469],[21.949,-9.726],[22.089,-9.863],[22.198,-10.041],[22.302,-10.397],[22.28,-10.784],[22.178,-10.892],[22.279,-11.194],[22.561,-11.056],[22.815,-11.08],[23.157,-11.075],[23.4,-10.976],[23.834,-11.014],[23.967,-10.872],[24.078,-10.892],[24.137,-11.026],[24.32,-11.072],[24.396,-11.255],[24.335,-11.371],[24.519,-11.438],[24.668,-11.353],[25.185,-11.243],[25.319,-11.237],[25.283,-11.405],[25.349,-11.623],[25.512,-11.753],[25.619,-11.744],[26.026,-11.89],[26.596,-11.972],[26.89,-11.944],[26.95,-11.899],[27.046,-11.616],[27.196,-11.605],[27.238,-11.783],[27.424,-11.945],[27.533,-12.195],[27.644,-12.267],[27.857,-12.285],[28.358,-12.482],[28.474,-12.623],[28.551,-12.836],[28.673,-12.861],[28.773,-12.982],[29.014,-13.369],[29.202,-13.398],[29.554,-13.249],[29.652,-13.414],[29.796,-13.37],[29.795,-12.155],[29.56,-12.202],[29.428,-12.431],[29.064,-12.349],[28.85,-12.121],[28.483,-11.812],[28.357,-11.483],[28.544,-10.802],[28.639,-10.669],[28.607,-10.397],[28.63,-9.831],[28.541,-9.51],[28.401,-9.225],[28.617,-9.072],[28.794,-8.891],[28.918,-8.701],[28.972,-8.465],[30.751,-8.194]]]},"properties":{"code":"COD","name":"DR Congo"}},
{"type":"Feature","geometry":{"type":"Polygon","coordinates":[[[11.13,-3.916],[11.364,-4.131],[11.394,-4.2],[11.668,-4.434],[11.778,-4.566],[11.781,-4.677],[12.018,-5.004],[12.204,-4.779],[12.308,-4.766],[12.385,-4.619],[12.642,-4.531],[12.798,-4.431],[12.881,-4.445],[13.073,-4.635],[13.415,-4.837],[13.685,-4.689],[13.717,-4.454],[13.941,-4.485],[14.358,-4.299],[14.45,-4.45],[14.365,-4.586],[14.411,-4.831],[14.708,-4.882],[14.912,-4.706],[15.106,-4.461],[15.395,-4.245],[15.6,-4.031],[15.872,-3.934],[16.147,-3.464],[16.217,-3.03],[16.192,-2.279],[16.215,-2.178],[16.541,-1.84],[16.78,-1.376],[16.88,-1.226],[17.108,-1.064],[17.279,-1],[17.543,-0.775],[17.753,-0.549],[17.724,-0.278],[17.773,-0.052],[17.888,0.234],[17.925,0.537],[17.886,0.857],[17.902,1.118],[18.058,1.535],[18.072,2.013],[18.212,2.415],[18.491,2.924],[18.622,3.304],[18.61,3.478],[18.474,3.623],[18.161,3.5],[18.111,3.551],[17.88,3.554],[17.438,3.685],[17.298,3.617],[17.003,3.557],[16.673,3.535],[16.57,3.463],[16.496,3.209],[16.469,2.832],[16.183,2.27],[16.08,2.107],[16.136,1.724],[16.059,1.676],[15.742,1.915],[15.6,1.95],[15.339,1.945],[15.204,2.024],[14.902,2.012],[14.579,2.199],[14.484,2.155],[13.294,2.162],[13.209,1.92],[13.163,1.648],[13.274,1.241],[13.851,1.419],[14.181,1.37],[14.386,1.004],[14.434,0.811],[14.324,0.624],[14.088,0.537],[13.95,0.354],[13.885,0.191],[13.86,-0.203],[14.069,-0.27],[14.207,-0.427],[14.364,-0.469],[14.481,-0.618],[14.411,-0.972],[14.456,-1.413],[14.403,-1.593],[14.384,-1.89],[14.251,-2.001],[14.163,-2.218],[14.2,-2.354],[14.087,-2.467],[13.887,-2.465],[13.784,-2.164],[13.465,-2.395],[13.357,-2.405],[12.992,-2.313],[12.794,-1.932],[12.59,-1.827],[12.432,-1.929],[12.479,-2.112],[12.446,-2.33],[12.064,-2.413],[11.95,-2.345],[11.575,-2.397],[11.603,-2.595],[11.538,-2.837],[11.639,-2.855],[11.76,-2.983],[11.715,-3.177],[11.934,-3.319],[11.833,-3.531],[11.849,-3.697],[11.686,-3.682],[11.504,-3.52],[11.288,-3.641],[11.13,-3.916]]]},"properties":{"code":"COG","name":"Republic of the Congo"}},
{"type":"Feature","geometry":{"type":"Polygon","coordinates":[[[43.466,-11.901],[43.379,-11.614],[43.393,-11.409],[43.256,-11.432],[43.227,-11.752],[43.303,-11.844],[43.466,-11.901]]]},"properties":{"code":"COM","name":"Comoros"}},
{"type":"Feature","geometry":{"type":"Polygon","coordinates":[[[-71.32,11.862],[-71.137,12.046],[-71.262,12.335],[-71.494,12.432],[-71.715,12.42],[-72.136,12.189],[-72.275,11.889],[-72.722,11.712],[-73.313,11.296],[-73.796,11.276],[-74.059,11.341],[-74.2,11.266],[-74.219,11.105],[-74.35,10.814],[-74.516,10.863],[-74.454,10.989],[-74.845,11.11],[-75.281,10.727],[-75.446,10.611],[-75.554,10.328],[-75.671,10.196],[-75.593,9.993],[-75.68,9.73],[-75.604,9.538],[-75.639,9.45],[-75.905,9.431],[-76.135,9.266],[-76.277,8.989],[-76.689,8.695],[-76.888,8.62],[-76.772,8.311],[-76.742,8.002],[-76.852,8.09],[-77.13,8.401],[-77.262,8.494],[-77.374,8.658],[-77.479,8.498],[-77.407,8.427],[-77.212,8.034],[-77.216,7.933],[-77.346,7.837],[-77.351,7.706],[-77.587,7.543],[-77.744,7.537],[-77.828,7.443],[-77.901,7.229],[-77.804,7.137],[-77.526,6.693],[-77.439,6.69],[-77.36,6.504],[-77.398,6.275],[-77.469,6.177],[-77.345,5.995],[-77.249,5.78],[-77.325,5.676],[-77.534,5.537],[-77.402,5.416],[-77.359,5.215],[-77.339,4.839],[-77.286,4.722],[-77.427,4.06],[-77.358,3.945],[-77.167,3.862],[-77.243,3.585],[-77.417,3.342],[-77.559,3.076],[-77.694,3.04],[-77.67,2.879],[-77.875,2.726],[-77.932,2.629],[-78.12,2.488],[-78.296,2.51],[-78.535,2.424],[-78.617,2.307],[-78.629,2.056],[-78.55,1.924],[-78.577,1.774],[-78.793,1.849],[-78.958,1.752],[-79.025,1.624],[-78.86,1.455],[-78.682,1.283],[-78.312,1.046],[-78.037,0.899],[-77.83,0.825],[-77.703,0.838],[-77.649,0.724],[-77.468,0.637],[-77.423,0.425],[-77.293,0.36],[-77.114,0.355],[-76.92,0.269],[-76.495,0.235],[-76.311,0.448],[-76.068,0.346],[-75.88,0.151],[-75.617,0.063],[-75.284,-0.107],[-75.138,-0.05],[-74.945,-0.188],[-74.802,-0.2],[-74.755,-0.299],[-74.616,-0.37],[-74.418,-0.581],[-74.334,-0.851],[-74.246,-0.971],[-74.054,-1.029],[-73.863,-1.197],[-73.664,-1.249],[-73.494,-1.537],[-73.496,-1.693],[-73.197,-1.83],[-73.127,-2.081],[-73.154,-2.278],[-72.887,-2.408],[-72.625,-2.352],[-72.396,-2.429],[-71.984,-2.327],[-71.753,-2.153],[-71.559,-2.224],[-71.397,-2.334],[-71.196,-2.313],[-71.113,-2.245],[-70.915,-2.219],[-70.576,-2.418],[-70.096,-2.658],[-70.074,-2.75],[-70.735,-3.782],[-70.53,-3.866],[-70.34,-3.814],[-70.24,-3.883],[-70.168,-4.05],[-69.966,-4.236],[-69.948,-4.201],[-69.4,-1.195],[-69.449,-0.999],[-69.544,-0.917],[-69.621,-0.721],[-69.592,-0.639],[-69.667,-0.482],[-69.923,-0.317],[-70.071,-0.139],[-70.054,0.579],[-69.807,0.607],[-69.472,0.73],[-69.283,0.627],[-69.174,0.635],[-69.163,0.864],[-69.259,1.015],[-69.361,1.064],[-69.852,1.06],[-69.849,1.709],[-69.581,1.771],[-69.32,1.721],[-68.177,1.72],[-68.256,1.846],[-68.13,1.956],[-67.99,1.753],[-67.815,1.79],[-67.609,2.035],[-67.5,2.108],[-67.352,2.086],[-67.09,1.616],[-67.094,1.21],[-66.876,1.223],[-66.884,1.358],[-67.114,2.051],[-67.215,2.275],[-67.211,2.39],[-67.597,2.769],[-67.835,2.893],[-67.354,3.323],[-67.311,3.416],[-67.499,3.691],[-67.662,3.864],[-67.783,4.198],[-67.855,4.507],[-67.814,4.931],[-67.825,5.27],[-67.642,5.559],[-67.631,5.709],[-67.439,6.026],[-67.482,6.18],[-67.568,6.242],[-67.859,6.29],[-68.143,6.198],[-68.472,6.157],[-69.09,6.184],[-69.268,6.1],[-69.439,6.135],[-70.095,6.938],[-70.387,6.973],[-70.655,7.083],[-70.811,7.078],[-71.013,6.994],[-71.218,6.985],[-71.621,7.033],[-71.893,6.99],[-72.084,7.097],[-72.208,7.37],[-72.443,7.455],[-72.479,7.613],[-72.446,7.966],[-72.358,8.087],[-72.417,8.382],[-72.665,8.628],[-72.796,9.109],[-72.96,9.135],[-73.058,9.26],[-73.337,9.168],[-73.356,9.227],[-73.064,9.668],[-73.007,9.789],[-72.869,10.491],[-72.69,10.836],[-72.446,11.114],[-72.248,11.196],[-71.958,11.666],[-71.536,11.774],[-71.32,11.862]]]},"properties":{"code":"COL","name":"Colombia"}},
{"type":"Feature","geometry":{"type":"MultiPolygon","coordinates":[[[[121.863,31.492],[121.577,31.637],[121.464,31.756],[121.336,31.644],[121.78,31.464],[121.863,31.492]]],[[[122.296,29.963],[122.284,30.068],[122.111,30.14],[122.024,30.013],[122.296,29.963]]],[[[119.821,25.457],[119.829,25.607],[119.723,25.639],[119.7,25.433],[119.821,25.457]]],[[[107.973,21.508],[108.246,21.558],[108.325,21.694],[108.444,21.607],[108.526,21.671],[108.48,21.905],[108.594,21.901],[108.616,21.77],[108.772,21.63],[109.031,21.627],[109.133,21.544],[109.149,21.426],[109.347,21.454],[109.544,21.538],[109.931,21.481],[109.921,21.376],[109.78,21.337],[109.681,21.132],[109.663,20.917],[109.805,20.711],[109.792,20.622],[109.946,20.474],[109.938,20.295],[110.123,20.264],[110.345,20.295],[110.45,20.355],[110.512,20.518],[110.313,20.672],[110.365,20.838],[110.18,20.859],[110.194,21.038],[110.458,21.231],[110.567,21.214],[110.771,21.387],[111.101,21.485],[111.319,21.486],[111.603,21.559],[111.776,21.719],[111.873,21.717],[111.944,21.85],[112.305,21.742],[112.495,21.818],[112.586,21.777],[112.809,21.945],[112.984,21.938],[113.008,22.119],[113.266,22.089],[113.479,22.196],[113.494,22.242],[113.527,22.246],[113.553,22.594],[113.331,22.912],[113.586,23.02],[113.62,22.861],[113.828,22.607],[114.015,22.512],[114.266,22.541],[114.341,22.593],[114.496,22.527],[114.652,22.755],[114.75,22.626],[114.854,22.617],[115.196,22.817],[115.383,22.719],[115.498,22.719],[115.64,22.853],[115.852,22.802],[116.157,22.887],[116.252,22.981],[116.471,22.946],[116.538,23.18],[116.669,23.228],[116.682,23.327],[116.861,23.453],[116.911,23.647],[117.083,23.579],[117.331,23.709],[117.466,23.841],[117.628,23.837],[117.742,24.015],[117.839,24.012],[118.056,24.246],[118.006,24.482],[118.087,24.627],[118.295,24.573],[118.56,24.58],[118.719,24.746],[118.637,24.836],[118.909,24.929],[118.914,25.127],[119.025,25.223],[119.236,25.206],[119.18,25.45],[119.619,25.437],[119.539,25.591],[119.648,25.919],[119.619,26.004],[119.463,26.055],[119.693,26.236],[119.881,26.334],[119.785,26.547],[119.638,26.621],[119.815,26.798],[119.882,26.61],[120.087,26.672],[120.139,26.886],[120.279,27.097],[120.54,27.318],[120.629,27.482],[120.588,27.581],[120.685,27.745],[120.959,28.037],[121.098,28.291],[121.217,28.346],[121.355,28.23],[121.602,28.367],[121.475,28.641],[121.63,28.768],[121.665,29.011],[121.521,29.118],[121.534,29.237],[121.717,29.256],[121.918,29.135],[121.968,29.491],[121.941,29.606],[121.677,29.584],[121.906,29.78],[121.944,29.894],[121.678,29.979],[121.433,30.227],[121.159,30.302],[120.904,30.161],[120.633,30.133],[120.45,30.388],[120.821,30.355],[120.998,30.558],[121.31,30.7],[121.528,30.841],[121.878,30.917],[121.786,31.163],[121.661,31.32],[121.351,31.485],[121.055,31.719],[120.788,31.82],[120.716,31.984],[120.497,32.02],[120.192,31.906],[120.184,31.966],[120.52,32.106],[120.792,32.032],[120.974,31.869],[121.352,31.859],[121.681,31.712],[121.866,31.704],[121.832,31.9],[121.674,32.051],[121.404,32.206],[121.401,32.372],[121.293,32.457],[120.99,32.567],[120.853,32.661],[120.897,32.843],[120.871,33.017],[120.616,33.491],[120.505,33.638],[120.323,34.169],[120.201,34.326],[119.964,34.448],[119.583,34.582],[119.351,34.749],[119.201,34.748],[119.165,34.849],[119.216,35.012],[119.353,35.114],[119.43,35.301],[119.526,35.359],[119.72,35.589],[119.866,35.644],[120.055,35.861],[120.219,35.935],[120.094,36.119],[120.328,36.228],[120.393,36.054],[120.681,36.168],[120.682,36.341],[120.776,36.456],[120.896,36.444],[120.99,36.598],[121.67,36.836],[121.933,36.959],[122.162,36.959],[122.341,36.832],[122.52,36.947],[122.447,37.068],[122.587,37.181],[122.602,37.426],[122.338,37.405],[122.057,37.529],[121.965,37.445],[121.64,37.46],[121.388,37.579],[121.22,37.6],[121.049,37.725],[120.75,37.834],[120.37,37.701],[120.156,37.495],[119.883,37.351],[119.888,37.253],[119.761,37.155],[119.45,37.125],[119.112,37.201],[118.953,37.331],[118.991,37.641],[119.089,37.701],[118.94,38.043],[118.8,38.127],[118.543,38.095],[118.015,38.183],[117.767,38.312],[117.656,38.424],[117.558,38.625],[117.617,38.853],[117.785,39.134],[118.041,39.227],[118.298,39.067],[118.626,39.177],[118.912,39.166],[119.04,39.222],[119.225,39.408],[119.261,39.561],[119.391,39.752],[119.591,39.903],[119.85,39.987],[120.369,40.204],[120.479,40.231],[120.771,40.589],[121.175,40.901],[121.859,40.842],[122.14,40.688],[122.275,40.542],[122.191,40.358],[121.801,39.951],[121.517,39.845],[121.518,39.639],[121.267,39.545],[121.275,39.385],[121.785,39.401],[121.628,39.22],[121.68,39.109],[121.107,38.921],[121.164,38.732],[121.32,38.808],[121.65,38.865],[121.677,39.003],[121.864,38.996],[122.121,39.152],[122.335,39.366],[123.032,39.674],[123.227,39.687],[123.348,39.763],[123.581,39.786],[123.651,39.882],[123.76,39.822],[124.106,39.841],[124.362,40.004],[124.387,40.104],[124.889,40.46],[125.314,40.645],[125.417,40.66],[125.728,40.867],[125.989,40.905],[126.145,41.078],[126.254,41.138],[126.49,41.358],[126.601,41.641],[126.904,41.781],[127.007,41.742],[127.18,41.531],[127.688,41.44],[127.919,41.461],[128.111,41.389],[128.291,41.563],[128.033,41.898],[128.045,41.988],[128.923,42.038],[129.196,42.218],[129.314,42.414],[129.524,42.385],[129.72,42.475],[129.779,42.777],[129.898,42.998],[130.083,42.974],[130.24,42.892],[130.247,42.745],[130.527,42.535],[130.577,42.812],[131.069,42.902],[131.086,43.038],[131.176,43.142],[131.262,43.433],[131.182,43.506],[131.174,43.705],[131.213,44.003],[131.255,44.072],[131.061,44.66],[130.968,44.8],[131.082,44.91],[131.447,44.984],[131.654,45.205],[131.852,45.327],[131.978,45.244],[132.936,45.03],[133.113,45.131],[133.113,45.321],[133.186,45.495],[133.436,45.605],[133.513,45.879],[133.686,46.009],[133.701,46.14],[133.861,46.248],[133.867,46.499],[134.023,46.713],[134.039,46.858],[134.202,47.128],[134.168,47.302],[134.291,47.414],[134.483,47.447],[134.596,47.524],[134.752,47.715],[134.566,48.023],[134.669,48.153],[134.564,48.322],[134.293,48.373],[133.842,48.274],[133.468,48.097],[133.144,48.106],[132.877,47.979],[132.707,47.947],[132.476,47.715],[132.15,47.718],[131.557,47.682],[131.319,47.728],[131.003,47.691],[130.849,47.929],[130.733,48.019],[130.712,48.128],[130.804,48.342],[130.552,48.602],[130.617,48.773],[130.553,48.861],[130.196,48.892],[130.037,48.972],[129.793,49.199],[129.591,49.287],[129.498,49.389],[129.12,49.362],[128.77,49.495],[128.704,49.6],[128.237,49.559],[128,49.569],[127.711,49.672],[127.502,49.873],[127.512,50.072],[127.59,50.209],[127.395,50.299],[127.306,50.454],[127.347,50.55],[127.307,50.708],[126.925,51.1],[126.701,51.703],[126.511,51.926],[126.456,52.126],[126.313,52.4],[126.157,52.547],[126.016,52.61],[126.048,52.739],[125.872,52.872],[125.728,52.891],[125.649,53.042],[125.546,53.048],[125.226,53.166],[124.971,53.197],[124.882,53.13],[124.64,53.211],[124.466,53.23],[124.291,53.341],[123.995,53.406],[123.608,53.547],[123.154,53.545],[122.958,53.498],[122.516,53.457],[122.338,53.485],[122.089,53.451],[121.405,53.317],[120.985,53.285],[120.704,53.172],[120.421,52.968],[120.095,52.787],[120.068,52.633],[120.36,52.627],[120.656,52.567],[120.699,52.494],[120.665,52.3],[120.75,52.097],[120.681,51.973],[120.511,51.849],[120.237,51.723],[120.067,51.601],[119.967,51.422],[119.813,51.267],[119.746,51.108],[119.573,50.947],[119.446,50.703],[119.281,50.561],[119.192,50.38],[119.346,50.279],[119.26,50.066],[118.979,49.979],[118.756,49.963],[118.452,49.844],[117.873,49.513],[117.477,49.609],[117.246,49.625],[116.683,49.824],[116.243,49.17],[115.954,48.689],[115.821,48.577],[115.786,48.248],[115.525,48.131],[115.558,47.945],[115.712,47.799],[115.898,47.687],[116.231,47.858],[116.513,47.84],[116.761,47.87],[117.07,47.806],[117.351,47.652],[117.768,47.988],[118.147,48.029],[118.498,47.984],[118.76,47.758],[119.082,47.654],[119.123,47.558],[119.291,47.473],[119.527,47.256],[119.711,47.15],[119.898,46.858],[119.867,46.672],[119.707,46.606],[119.162,46.639],[118.844,46.76],[118.723,46.692],[118.309,46.717],[117.91,46.619],[117.813,46.538],[117.671,46.522],[117.547,46.588],[117.406,46.571],[117.333,46.362],[116.859,46.388],[116.563,46.29],[116.358,46.097],[116.213,45.887],[116.241,45.796],[116.11,45.687],[115.934,45.626],[115.681,45.458],[115.163,45.39],[114.919,45.378],[114.739,45.42],[114.517,45.365],[114.419,45.203],[114.03,44.943],[113.877,44.896],[113.587,44.746],[113.049,44.81],[112.597,44.918],[112.411,45.058],[111.898,45.064],[111.621,44.827],[111.402,44.367],[111.52,44.192],[111.837,43.935],[111.933,43.711],[111.771,43.665],[111.547,43.496],[111.007,43.341],[110.4,42.774],[109.698,42.554],[109.443,42.456],[108.687,42.416],[108.171,42.447],[106.77,42.289],[105.868,41.994],[105.197,41.738],[104.982,41.596],[104.86,41.644],[104.498,41.659],[104.498,41.877],[103.711,41.751],[103.073,42.006],[102.157,42.158],[101.973,42.216],[101.714,42.466],[101.495,42.539],[101.092,42.551],[99.984,42.677],[99.468,42.568],[97.206,42.79],[96.385,42.72],[96.3,42.929],[95.913,43.206],[95.842,43.384],[95.526,43.954],[95.356,44.006],[95.35,44.278],[95.05,44.259],[94.712,44.351],[94.365,44.519],[94.199,44.645],[93.958,44.675],[93.656,44.901],[93.294,44.983],[92.788,45.036],[92.424,45.009],[92.03,45.069],[91.584,45.077],[91.312,45.118],[91.05,45.217],[90.877,45.196],[90.662,45.525],[90.71,45.731],[90.796,45.854],[91.002,46.036],[90.912,46.271],[91.034,46.529],[90.986,46.749],[90.87,46.954],[90.716,47.004],[90.496,47.285],[90.425,47.504],[90.313,47.676],[90.103,47.745],[90.028,47.878],[89.778,47.827],[89.561,48.004],[89.33,48.025],[89.048,48.003],[88.576,48.22],[88.517,48.384],[88.31,48.472],[87.98,48.555],[88.028,48.736],[87.832,48.792],[87.743,48.882],[87.86,48.966],[87.814,49.162],[87.323,49.086],[86.886,49.091],[86.753,49.009],[86.718,48.697],[86.549,48.529],[86.266,48.455],[85.749,48.385],[85.626,48.204],[85.526,47.916],[85.587,47.494],[85.657,47.255],[85.485,47.064],[85.233,47.036],[85.012,46.909],[84.786,46.831],[84.667,46.972],[84.339,46.996],[84.016,46.971],[83.634,47.043],[83.193,47.187],[83.029,47.186],[83.004,47.033],[82.692,46.387],[82.555,46.159],[82.43,45.812],[82.315,45.595],[82.327,45.52],[82.583,45.443],[82.597,45.216],[82.479,45.124],[82.267,45.219],[81.989,45.162],[81.79,45.226],[81.692,45.349],[81.602,45.311],[80.853,45.129],[80.635,45.127],[80.059,45.006],[79.875,44.861],[79.997,44.797],[80.255,44.808],[80.401,44.677],[80.336,44.438],[80.355,44.097],[80.496,43.892],[80.704,43.427],[80.668,43.31],[80.786,43.162],[80.39,43.043],[80.544,42.912],[80.25,42.797],[80.165,42.666],[80.259,42.235],[80.209,42.19],[80.216,42.032],[79.84,41.996],[79.766,41.899],[79.294,41.783],[78.743,41.56],[78.362,41.372],[78.346,41.281],[78.123,41.076],[77.815,41.056],[77.582,40.993],[76.987,41.039],[76.824,40.982],[76.64,40.742],[76.48,40.45],[76.319,40.352],[76.258,40.431],[75.872,40.303],[75.677,40.306],[75.583,40.605],[75.521,40.628],[75.241,40.48],[75.004,40.45],[74.866,40.494],[74.842,40.345],[74.68,40.311],[74.412,40.137],[73.992,40.043],[73.835,39.8],[73.915,39.606],[73.823,39.489],[73.632,39.449],[73.607,39.229],[73.796,39.002],[73.696,38.854],[73.802,38.607],[74.026,38.54],[74.131,38.661],[74.277,38.66],[74.745,38.51],[74.836,38.404],[74.772,38.275],[74.79,38.104],[74.938,37.773],[74.894,37.601],[75.097,37.451],[75.119,37.386],[74.891,37.232],[74.727,37.291],[74.372,37.158],[74.541,37.022],[74.692,37.036],[74.889,36.952],[75.054,36.987],[75.347,36.913],[75.424,36.738],[75.667,36.742],[75.84,36.65],[75.974,36.382],[75.945,36.018],[76.071,35.983],[76.148,35.829],[76.252,35.811],[76.551,35.887],[76.563,35.773],[76.767,35.662],[77.09,35.552],[77.446,35.476],[77.799,35.496],[78.047,35.449],[78.012,35.251],[78.282,34.654],[78.327,34.606],[78.671,34.518],[78.936,34.352],[78.971,34.228],[78.753,34.088],[78.802,33.5],[79.113,33.226],[79.109,33.023],[79.202,32.946],[79.234,32.703],[79.219,32.501],[79.067,32.388],[78.919,32.358],[78.771,32.468],[78.701,32.597],[78.39,32.52],[78.496,32.216],[78.735,31.958],[78.693,31.74],[78.803,31.618],[78.727,31.472],[78.792,31.294],[79.107,31.403],[79.339,31.106],[79.565,30.949],[79.795,30.968],[80.081,30.782],[80.194,30.759],[80.191,30.568],[80.682,30.415],[80.985,30.237],[81.01,30.165],[81.11,30.037],[81.255,30.093],[81.417,30.338],[81.642,30.388],[82.043,30.327],[82.159,30.115],[82.487,29.942],[82.854,29.683],[83.155,29.613],[83.355,29.439],[83.583,29.184],[83.936,29.279],[84.101,29.22],[84.229,28.912],[84.714,28.596],[84.855,28.554],[85.159,28.592],[85.089,28.372],[85.122,28.316],[85.411,28.276],[85.678,28.277],[85.84,28.135],[85.954,27.928],[86.064,27.935],[86.079,28.084],[86.409,27.929],[86.517,27.964],[86.554,28.085],[87.02,27.929],[87.141,27.838],[87.683,27.821],[87.861,27.886],[88.11,27.871],[88.109,27.933],[88.426,28.012],[88.621,28.092],[88.804,28.007],[88.849,27.869],[88.749,27.522],[88.891,27.316],[88.948,27.464],[89.102,27.593],[89.16,27.711],[89.537,28.107],[89.981,28.311],[90.348,28.244],[90.353,28.08],[90.716,28.072],[91.078,27.974],[91.226,28.071],[91.606,27.952],[91.632,27.76],[91.978,27.73],[92.101,27.808],[92.415,27.825],[92.664,27.949],[92.702,28.147],[92.882,28.228],[93.119,28.402],[93.207,28.591],[93.361,28.654],[93.665,28.69],[93.902,28.803],[94.293,29.145],[94.623,29.312],[94.769,29.176],[94.999,29.149],[95.279,29.05],[95.42,29.054],[95.516,29.206],[96.035,29.447],[96.235,29.246],[96.122,29.082],[96.162,28.91],[96.436,29.051],[96.581,28.764],[96.396,28.607],[96.281,28.412],[96.366,28.367],[96.603,28.46],[96.776,28.367],[97.075,28.369],[97.322,28.218],[97.538,28.51],[97.695,28.469],[97.865,28.364],[98.099,28.142],[98.13,27.968],[98.299,27.55],[98.504,27.648],[98.651,27.572],[98.675,27.191],[98.717,27.045],[98.732,26.583],[98.663,26.139],[98.572,26.114],[98.655,25.918],[98.625,25.827],[98.466,25.789],[98.334,25.587],[98.173,25.595],[98.1,25.416],[97.918,25.236],[97.82,25.252],[97.715,25.034],[97.724,24.842],[97.583,24.775],[97.531,24.492],[97.667,24.38],[97.691,24.131],[97.568,23.988],[97.686,23.898],[98.017,24.065],[98.213,24.111],[98.499,24.116],[98.583,24.07],[98.764,24.116],[98.681,23.842],[98.832,23.624],[98.798,23.52],[98.886,23.307],[98.864,23.191],[99.055,23.131],[99.341,23.096],[99.507,22.959],[99.385,22.825],[99.338,22.498],[99.243,22.37],[99.193,22.126],[99.593,22.089],[99.918,22.028],[99.926,21.821],[100.089,21.558],[100.215,21.463],[100.351,21.501],[100.531,21.458],[100.677,21.505],[100.835,21.655],[101.121,21.746],[101.139,21.567],[101.224,21.224],[101.281,21.184],[101.542,21.234],[101.705,21.15],[101.747,21.606],[101.737,21.827],[101.603,21.99],[101.525,22.254],[101.671,22.462],[101.842,22.388],[102.024,22.439],[102.127,22.379],[102.237,22.466],[102.428,22.733],[102.517,22.741],[102.83,22.587],[103.005,22.453],[103.356,22.755],[103.471,22.597],[103.62,22.782],[103.915,22.538],[104.054,22.752],[104.213,22.809],[104.372,22.704],[104.527,22.804],[104.687,22.822],[104.796,22.911],[104.865,23.136],[105.275,23.345],[105.495,23.181],[105.548,23.073],[105.843,22.923],[106.148,22.97],[106.249,22.869],[106.542,22.908],[106.78,22.779],[106.702,22.638],[106.582,22.573],[106.536,22.395],[106.654,22.241],[106.729,22],[107.006,21.893],[107.179,21.717],[107.351,21.609],[107.802,21.645],[107.973,21.508]]],[[[110.889,19.992],[110.679,20.137],[110.588,19.976],[110.418,20.055],[110.172,20.054],[109.906,19.963],[109.651,19.984],[109.514,19.904],[109.315,19.904],[109.219,19.843],[109.179,19.674],[109.063,19.614],[108.694,19.338],[108.65,19.265],[108.636,18.908],[108.702,18.535],[109.03,18.368],[109.4,18.281],[109.519,18.218],[109.703,18.259],[109.816,18.397],[110.049,18.505],[110.252,18.656],[110.451,18.748],[110.572,19.172],[110.822,19.558],[111.014,19.655],[110.971,19.883],[110.889,19.992]]]]},"properties":{"code":"CHN","name":"People's Republic of China"}},
{"type":"Feature","geometry":{"type":"Polygon","coordinates":[[[113.479,22.196],[113.527,22.246],[113.494,22.242],[113.479,22.196]]]},"properties":{"code":"MAC","name":"Macau"}},
{"type":"Feature","geometry":{"type":"Polygon","coordinates":[[[114.015,22.512],[113.896,22.428],[114.268,22.296],[114.266,22.541],[114.015,22.512]]]},"properties":{"code":"HKG","name":"Hong Kong"}},
{"type":"Feature","geometry":{"type":"MultiPolygon","coordinates":[[[[-70.418,-18.346],[-70.362,-18.398],[-70.335,-18.828],[-70.276,-19.268],[-70.148,-19.805],[-70.147,-20.23],[-70.197,-20.725],[-70.088,-21.253],[-70.088,-21.493],[-70.229,-22.193],[-70.26,-22.556],[-70.332,-22.849],[-70.45,-23.034],[-70.563,-23.057],[-70.588,-23.368],[-70.392,-23.566],[-70.488,-23.782],[-70.507,-24.13],[-70.574,-24.644],[-70.445,-25.173],[-70.49,-25.376],[-70.633,-25.546],[-70.714,-25.784],[-70.635,-25.993],[-70.647,-26.329],[-70.708,-26.597],[-70.803,-26.841],[-70.898,-27.187],[-70.926,-27.589],[-71.053,-27.727],[-71.154,-28.064],[-71.186,-28.378],[-71.307,-28.672],[-71.519,-28.926],[-71.486,-29.198],[-71.353,-29.35],[-71.316,-29.65],[-71.4,-30.143],[-71.669,-30.33],[-71.709,-30.628],[-71.654,-30.987],[-71.662,-31.17],[-71.577,-31.496],[-71.526,-31.806],[-71.513,-32.208],[-71.421,-32.387],[-71.452,-32.66],[-71.592,-32.97],[-71.743,-33.095],[-71.664,-33.653],[-71.831,-33.82],[-72.003,-34.165],[-71.992,-34.288],[-72.056,-34.616],[-72.182,-34.92],[-72.224,-35.096],[-72.387,-35.24],[-72.624,-35.586],[-72.587,-35.76],[-72.778,-35.979],[-72.875,-36.39],[-73.007,-36.643],[-73.118,-36.688],[-73.173,-37.054],[-73.216,-37.167],[-73.375,-37.224],[-73.602,-37.188],[-73.662,-37.341],[-73.603,-37.479],[-73.662,-37.699],[-73.465,-38.04],[-73.533,-38.367],[-73.481,-38.624],[-73.226,-39.224],[-73.25,-39.422],[-73.41,-39.789],[-73.671,-39.963],[-73.669,-40.082],[-73.92,-40.872],[-73.984,-40.974],[-73.966,-41.118],[-73.811,-41.517],[-73.688,-41.639],[-73.735,-41.742],[-73.521,-41.797],[-73.242,-41.781],[-73.015,-41.544],[-72.805,-41.544],[-72.67,-41.659],[-72.824,-41.909],[-72.738,-41.995],[-72.499,-41.981],[-72.412,-42.388],[-72.631,-42.2],[-72.785,-42.301],[-72.632,-42.51],[-72.774,-42.505],[-72.848,-42.669],[-72.845,-42.808],[-72.758,-43.039],[-72.878,-43.048],[-72.94,-43.211],[-73.076,-43.324],[-73.101,-43.455],[-72.997,-43.632],[-73.069,-43.862],[-73.224,-43.898],[-73.265,-44.169],[-72.828,-44.395],[-72.664,-44.436],[-72.739,-44.734],[-73.078,-44.92],[-73.362,-44.978],[-73.445,-45.238],[-73.266,-45.346],[-73.55,-45.484],[-73.731,-45.48],[-73.757,-45.703],[-73.594,-45.777],[-73.662,-46.297],[-73.811,-46.377],[-73.708,-46.07],[-73.695,-45.86],[-73.879,-45.847],[-73.968,-46.154],[-74.061,-45.947],[-73.96,-45.835],[-73.825,-45.447],[-74.038,-45.418],[-74.123,-45.496],[-74.083,-45.645],[-74.158,-45.767],[-74.463,-45.841],[-74.763,-45.824],[-75.067,-45.875],[-75.075,-46.004],[-74.924,-46.16],[-75.657,-46.61],[-75.708,-46.775],[-75.497,-46.94],[-75.386,-46.863],[-75.478,-46.662],[-75.146,-46.6],[-75.006,-46.741],[-74.691,-46.864],[-74.512,-46.885],[-74.454,-46.767],[-74.314,-46.788],[-74.152,-46.974],[-74.158,-47.183],[-74.403,-47.328],[-74.483,-47.43],[-74.609,-47.758],[-74.376,-47.83],[-74.351,-47.944],[-74.227,-47.969],[-73.941,-47.929],[-73.847,-47.867],[-73.716,-47.655],[-73.61,-47.994],[-73.501,-48.107],[-73.528,-48.198],[-73.854,-48.042],[-74.25,-48.045],[-74.585,-47.999],[-74.577,-48.274],[-74.474,-48.464],[-74.343,-48.493],[-74.382,-48.794],[-74.367,-49.4],[-74.221,-49.501],[-74.094,-49.43],[-73.892,-49.523],[-73.892,-49.624],[-74.102,-49.555],[-74.291,-49.604],[-74.324,-49.783],[-74.019,-50.023],[-74.334,-49.975],[-74.63,-50.194],[-74.425,-50.35],[-74.186,-50.485],[-74.197,-50.61],[-73.978,-50.827],[-73.741,-50.697],[-73.847,-50.94],[-74.19,-50.778],[-74.366,-50.488],[-74.644,-50.361],[-74.776,-50.47],[-74.686,-50.662],[-75.095,-50.681],[-75.055,-50.786],[-74.815,-51.063],[-74.332,-51.195],[-74.121,-51.195],[-73.896,-51.331],[-73.93,-51.618],[-74.07,-51.579],[-74.197,-51.681],[-73.973,-51.784],[-73.753,-51.796],[-73.65,-51.856],[-73.518,-52.041],[-73.383,-52.07],[-72.928,-51.86],[-72.6,-51.799],[-72.523,-51.891],[-72.695,-51.985],[-72.843,-51.961],[-73.137,-52.13],[-73.327,-52.166],[-73.532,-52.153],[-73.834,-52.234],[-74.04,-52.159],[-74.296,-52.118],[-74.151,-52.383],[-74.037,-52.403],[-74.014,-52.639],[-73.915,-52.688],[-73.586,-52.686],[-73.382,-52.595],[-73.241,-52.707],[-73.645,-52.837],[-73.508,-52.904],[-73.338,-53.055],[-73.122,-53.074],[-73.023,-53.022],[-73.02,-52.892],[-72.802,-52.712],[-72.777,-52.577],[-72.645,-52.529],[-72.438,-52.626],[-72.226,-52.521],[-71.812,-52.537],[-71.797,-52.683],[-72.118,-52.65],[-72.453,-52.814],[-72.627,-52.818],[-72.676,-52.749],[-72.832,-52.82],[-72.91,-52.937],[-72.916,-53.122],[-73.053,-53.243],[-72.727,-53.42],[-72.549,-53.461],[-72.458,-53.254],[-72.129,-53.064],[-71.898,-53.002],[-71.388,-52.764],[-71.155,-52.846],[-71.18,-52.921],[-71.4,-53.107],[-71.853,-53.286],[-71.942,-53.234],[-72.306,-53.254],[-72.413,-53.35],[-72.377,-53.471],[-72.174,-53.632],[-71.694,-53.803],[-71.298,-53.883],[-70.996,-53.779],[-70.948,-53.57],[-70.985,-53.448],[-70.952,-53.227],[-70.821,-52.963],[-70.795,-52.769],[-70.563,-52.673],[-70.391,-52.661],[-69.907,-52.514],[-69.763,-52.506],[-69.561,-52.422],[-69.447,-52.269],[-69.241,-52.205],[-69.007,-52.263],[-68.443,-52.357],[-68.461,-52.29],[-68.715,-52.255],[-69.206,-52.136],[-69.488,-52.136],[-69.96,-52.008],[-71.919,-51.99],[-71.953,-51.88],[-72.269,-51.691],[-72.408,-51.541],[-72.303,-51.299],[-72.377,-51.095],[-72.276,-50.91],[-72.34,-50.682],[-72.51,-50.608],[-72.804,-50.638],[-73.082,-50.76],[-73.153,-50.738],[-73.387,-50.231],[-73.501,-50.125],[-73.529,-49.911],[-73.47,-49.795],[-73.576,-49.583],[-73.462,-49.314],[-73.135,-49.301],[-73.149,-49.188],[-72.982,-48.977],[-72.728,-48.896],[-72.614,-48.793],[-72.608,-48.519],[-72.355,-48.366],[-72.293,-48.229],[-72.328,-48.11],[-72.509,-47.973],[-72.518,-47.876],[-72.342,-47.572],[-72.346,-47.493],[-72.103,-47.343],[-72.042,-47.241],[-71.905,-47.202],[-71.963,-47.016],[-71.94,-46.831],[-71.733,-46.706],[-71.695,-46.578],[-71.778,-46.28],[-71.876,-46.161],[-71.684,-46.042],[-71.632,-45.954],[-71.751,-45.839],[-71.773,-45.724],[-71.693,-45.535],[-71.508,-45.513],[-71.349,-45.332],[-71.354,-45.23],[-71.596,-44.979],[-72.042,-44.904],[-71.957,-44.792],[-71.455,-44.75],[-71.261,-44.763],[-71.151,-44.494],[-71.213,-44.441],[-71.82,-44.383],[-71.812,-44.106],[-71.68,-43.93],[-71.795,-43.753],[-71.751,-43.59],[-71.905,-43.44],[-71.905,-43.348],[-71.764,-43.295],[-71.781,-43.167],[-72.055,-43.102],[-72.146,-42.99],[-72.114,-42.777],[-72.144,-42.577],[-72.053,-42.473],[-72.125,-42.298],[-72.026,-42.148],[-71.761,-42.101],[-71.77,-41.969],[-71.911,-41.65],[-71.873,-40.893],[-71.932,-40.692],[-71.805,-40.439],[-71.695,-40.335],[-71.818,-40.177],[-71.66,-40.021],[-71.638,-39.887],[-71.72,-39.635],[-71.539,-39.602],[-71.42,-39.287],[-71.426,-38.986],[-71.286,-38.845],[-70.952,-38.738],[-70.848,-38.542],[-70.968,-38.446],[-71.028,-38.041],[-71.168,-37.762],[-71.187,-37.631],[-71.135,-37.445],[-71.2,-37.3],[-71.118,-37.114],[-71.192,-36.844],[-71.066,-36.644],[-71.056,-36.524],[-70.905,-36.42],[-70.749,-36.393],[-70.722,-36.283],[-70.405,-36.062],[-70.38,-35.772],[-70.47,-35.326],[-70.555,-35.247],[-70.393,-35.147],[-70.29,-34.733],[-70.101,-34.432],[-70.052,-34.301],[-69.852,-34.224],[-69.894,-33.731],[-69.798,-33.399],[-69.82,-33.284],[-70.02,-33.271],[-70.085,-33.202],[-70.093,-33.027],[-70.022,-32.885],[-70.116,-32.807],[-70.177,-32.626],[-70.17,-32.472],[-70.32,-32.267],[-70.364,-32.083],[-70.254,-31.958],[-70.45,-31.842],[-70.585,-31.569],[-70.52,-31.148],[-70.388,-31.121],[-70.309,-31.023],[-70.348,-30.902],[-70.161,-30.44],[-69.956,-30.358],[-69.863,-30.12],[-69.96,-30.078],[-69.928,-29.769],[-70.027,-29.324],[-69.828,-29.103],[-69.657,-28.414],[-69.251,-27.974],[-69.174,-27.925],[-68.999,-27.449],[-68.942,-27.405],[-68.846,-27.154],[-68.652,-27.148],[-68.346,-27.028],[-68.319,-26.878],[-68.581,-26.518],[-68.53,-26.277],[-68.415,-26.154],[-68.511,-25.741],[-68.6,-25.486],[-68.541,-25.237],[-68.431,-25.149],[-68.466,-24.925],[-68.562,-24.838],[-68.507,-24.63],[-68.25,-24.392],[-67.356,-24.034],[-67.009,-23.001],[-67.195,-22.822],[-67.58,-22.892],[-67.794,-22.879],[-67.879,-22.823],[-67.882,-22.493],[-67.95,-22.334],[-67.988,-22.057],[-68.077,-21.983],[-68.112,-21.753],[-68.186,-21.619],[-68.197,-21.3],[-68.435,-20.948],[-68.534,-20.924],[-68.563,-20.72],[-68.5,-20.612],[-68.745,-20.459],[-68.689,-20.31],[-68.727,-20.07],[-68.6,-20.045],[-68.578,-19.857],[-68.698,-19.721],[-68.463,-19.433],[-68.858,-19.093],[-68.968,-18.968],[-69.092,-18.282],[-69.145,-18.144],[-69.094,-18.05],[-69.313,-17.943],[-69.358,-17.772],[-69.495,-17.62],[-69.511,-17.506],[-69.685,-17.65],[-69.852,-17.704],[-69.802,-17.9],[-69.84,-18.093],[-69.926,-18.206],[-70.184,-18.325],[-70.418,-18.346]]],[[[-68.63,-52.653],[-68.79,-52.577],[-69.08,-52.674],[-69.167,-52.668],[-69.414,-52.486],[-69.498,-52.491],[-69.764,-52.731],[-69.994,-52.821],[-70.19,-52.724],[-70.38,-52.752],[-70.163,-52.899],[-70.196,-52.99],[-70.391,-53.026],[-70.46,-53.206],[-70.329,-53.378],[-70.09,-53.418],[-69.874,-53.35],[-69.637,-53.334],[-69.394,-53.373],[-69.39,-53.499],[-69.95,-53.672],[-70.149,-53.761],[-70.151,-53.888],[-69.988,-54.109],[-69.044,-54.407],[-69.253,-54.557],[-69.419,-54.407],[-69.742,-54.306],[-69.867,-54.367],[-70.169,-54.379],[-70.38,-54.181],[-70.535,-54.136],[-70.63,-54.006],[-70.38,-53.987],[-70.531,-53.627],[-70.696,-53.727],[-70.644,-53.823],[-70.868,-53.884],[-70.863,-54.11],[-70.76,-54.241],[-70.54,-54.303],[-70.298,-54.486],[-70.701,-54.485],[-70.699,-54.349],[-70.898,-54.338],[-70.966,-54.42],[-71.159,-54.451],[-71.355,-54.395],[-71.606,-54.497],[-71.8,-54.434],[-71.907,-54.495],[-71.832,-54.626],[-71.441,-54.62],[-71.229,-54.694],[-70.925,-54.714],[-70.497,-54.81],[-70.282,-54.752],[-70.031,-54.816],[-69.723,-54.712],[-69.486,-54.859],[-69.082,-54.91],[-68.653,-54.854],[-68.64,-54.324],[-68.63,-52.653]]],[[[-67.08,-55.154],[-67.245,-54.978],[-67.874,-54.93],[-68.107,-54.929],[-68.174,-55.071],[-68.07,-55.221],[-67.768,-55.26],[-67.463,-55.182],[-67.399,-55.272],[-67.257,-55.282],[-67.08,-55.154]]],[[[-73.773,-43.346],[-73.75,-43.159],[-73.541,-43.074],[-73.436,-42.937],[-73.568,-42.762],[-73.789,-42.586],[-73.471,-42.466],[-73.533,-42.314],[-73.439,-42.278],[-73.528,-41.896],[-73.731,-41.877],[-74.037,-41.796],[-74.072,-42.106],[-74.16,-42.216],[-74.199,-42.481],[-74.156,-42.591],[-74.209,-42.879],[-74.355,-43.264],[-74.114,-43.358],[-73.773,-43.346]]],[[[-74.476,-49.148],[-74.567,-48.755],[-74.793,-48.705],[-74.981,-48.819],[-74.949,-48.96],[-75.184,-49.084],[-75.086,-49.27],[-75.327,-49.269],[-75.467,-49.359],[-75.306,-49.494],[-75.337,-49.628],[-75.521,-49.622],[-75.451,-49.77],[-75.3,-49.847],[-75.066,-49.852],[-74.994,-49.752],[-74.96,-49.533],[-74.805,-49.516],[-74.88,-49.726],[-74.763,-50.011],[-74.595,-50.007],[-74.496,-49.859],[-74.459,-49.691],[-74.522,-49.623],[-74.467,-49.295],[-74.476,-49.148]]],[[[-75.51,-48.763],[-75.158,-48.623],[-75.156,-48.425],[-75.391,-48.02],[-75.561,-48.071],[-75.518,-48.329],[-75.651,-48.586],[-75.623,-48.765],[-75.51,-48.763]]],[[[-74.386,-52.922],[-74.27,-53.082],[-73.994,-53.076],[-73.794,-53.121],[-73.583,-53.3],[-73.226,-53.358],[-73.451,-53.144],[-74.066,-52.965],[-74.386,-52.922]]],[[[-74.567,-48.592],[-74.729,-48.126],[-74.846,-48.021],[-74.827,-47.85],[-75.198,-47.975],[-75.213,-48.142],[-74.923,-48.626],[-74.567,-48.592]]],[[[-72.923,-53.482],[-73.099,-53.512],[-73.366,-53.47],[-73.447,-53.41],[-73.687,-53.427],[-73.642,-53.57],[-73.471,-53.736],[-73.314,-53.729],[-73.305,-53.944],[-73.12,-54.009],[-73.039,-53.833],[-72.764,-53.865],[-72.871,-54.127],[-72.563,-54.074],[-72.369,-53.981],[-72.205,-53.807],[-72.482,-53.588],[-72.685,-53.558],[-72.882,-53.578],[-72.923,-53.482]]],[[[-74.823,-51.63],[-75.105,-51.789],[-75.017,-52.038],[-74.852,-52.271],[-74.694,-52.279],[-74.666,-52.16],[-74.532,-51.992],[-74.647,-51.866],[-74.78,-51.825],[-74.823,-51.63]]],[[[-69.703,-54.919],[-69.884,-54.882],[-69.98,-55.147],[-69.824,-55.237],[-69.68,-55.219],[-69.61,-55.34],[-69.412,-55.444],[-69.297,-55.166],[-69.008,-55.256],[-68.867,-55.45],[-68.594,-55.45],[-68.293,-55.521],[-68.23,-55.602],[-68.048,-55.643],[-68.058,-55.518],[-68.305,-55.357],[-68.283,-55.255],[-68.598,-55.128],[-68.4,-55.042],[-68.458,-54.96],[-68.654,-54.958],[-68.901,-55.018],[-69.703,-54.919]]],[[[-71.39,-54.033],[-71.554,-53.956],[-71.996,-53.885],[-72.146,-53.939],[-72.21,-54.048],[-71.972,-54.207],[-71.949,-54.301],[-71.761,-54.23],[-71.473,-54.231],[-71.143,-54.374],[-71.005,-54.247],[-71.022,-54.112],[-71.169,-54.113],[-71.39,-54.033]]],[[[-73.735,-44.395],[-73.703,-44.274],[-73.9,-44.135],[-74.083,-44.186],[-74.097,-44.389],[-74.301,-44.396],[-74.502,-44.474],[-74.481,-44.585],[-74.618,-44.648],[-74.35,-44.911],[-74.195,-45.145],[-74.089,-45.196],[-74.099,-45.325],[-73.849,-45.341],[-73.752,-45.267],[-73.727,-45.119],[-73.983,-44.495],[-73.735,-44.395]]],[[[-72.986,-44.78],[-72.764,-44.549],[-72.842,-44.458],[-73.208,-44.335],[-73.315,-44.531],[-73.445,-44.641],[-73.35,-44.833],[-73.228,-44.86],[-72.986,-44.78]]],[[[-75.302,-50.68],[-75.156,-50.497],[-75.428,-50.481],[-75.477,-50.654],[-75.411,-50.764],[-75.302,-50.68]]],[[[-75.107,-48.837],[-75.119,-48.773],[-75.619,-48.886],[-75.488,-49.082],[-75.506,-49.231],[-75.263,-49.069],[-75.115,-48.916],[-75.107,-48.837]]],[[[-73.632,-44.821],[-73.641,-44.611],[-73.779,-44.559],[-73.8,-44.684],[-73.632,-44.821]]],[[[-74.559,-51.277],[-74.737,-51.208],[-75.04,-51.318],[-75.154,-51.279],[-75.3,-51.556],[-75.146,-51.524],[-75.047,-51.398],[-74.853,-51.434],[-74.731,-51.367],[-74.62,-51.396],[-74.559,-51.277]]],[[[-75.055,-50.296],[-74.839,-50.197],[-74.876,-50.11],[-75.327,-50.012],[-75.449,-50.343],[-75.25,-50.376],[-75.055,-50.296]]],[[[-74.142,-51.931],[-74.133,-51.871],[-74.451,-51.725],[-74.424,-51.845],[-74.142,-51.931]]],[[[-74.313,-45.692],[-74.24,-45.575],[-74.315,-45.464],[-74.311,-45.173],[-74.502,-45.285],[-74.495,-45.426],[-74.69,-45.663],[-74.678,-45.739],[-74.466,-45.757],[-74.313,-45.692]]],[[[-70.992,-54.868],[-71.411,-54.839],[-71.389,-54.934],[-71.203,-54.893],[-70.991,-54.99],[-70.94,-55.062],[-70.543,-55.161],[-70.404,-55.166],[-70.283,-55.066],[-70.418,-54.909],[-70.805,-54.968],[-70.992,-54.868]]],[[[-67.289,-55.777],[-67.351,-55.612],[-67.56,-55.725],[-67.289,-55.777]]]]},"properties":{"code":"CHL","name":"Chile"}},
{"type":"Feature","geometry":{"type":"Polygon","coordinates":[[[23.98,19.497],[15.984,23.445],[14.979,22.996],[15.172,21.922],[15.182,21.523],[15.294,21.412],[15.607,20.954],[15.54,20.875],[15.587,20.733],[15.929,20.4],[15.949,20.303],[15.735,19.904],[15.596,18.337],[15.474,16.908],[14.368,15.75],[13.807,14.966],[13.642,14.631],[13.448,14.381],[13.606,13.705],[14.064,13.079],[14.245,13.077],[14.516,12.98],[14.545,12.82],[14.761,12.656],[14.847,12.502],[14.881,12.269],[15.081,11.846],[15.122,11.541],[15.055,11.369],[15.03,11.114],[15.069,10.851],[15.201,10.485],[15.276,10.357],[15.532,10.088],[15.541,9.96],[15.193,9.981],[14.836,9.942],[14.243,9.98],[13.977,9.692],[14.005,9.589],[14.332,9.204],[14.733,8.866],[14.861,8.799],[15.116,8.557],[15.252,8.322],[15.443,7.852],[15.55,7.788],[15.48,7.524],[15.845,7.475],[16.031,7.572],[16.379,7.684],[16.523,7.86],[16.589,7.743],[16.785,7.551],[16.89,7.634],[17.118,7.702],[17.247,7.813],[17.649,7.984],[17.761,7.974],[18.455,8.032],[18.592,8.061],[18.634,8.168],[18.906,8.405],[19.109,8.656],[18.886,8.836],[18.888,8.89],[19.146,9.016],[19.668,9.021],[19.954,9.075],[20.073,9.133],[20.342,9.127],[20.773,9.406],[20.984,9.636],[21.009,9.713],[21.264,9.975],[21.396,10.001],[21.528,10.208],[21.633,10.238],[21.726,10.367],[21.707,10.575],[21.965,10.737],[22.043,10.823],[22.494,10.996],[22.86,10.92],[22.938,11.192],[22.923,11.345],[22.641,11.516],[22.556,11.67],[22.581,11.99],[22.49,12.045],[22.352,12.66],[22.233,12.709],[22.001,12.672],[21.825,12.791],[21.99,13.113],[22.158,13.215],[22.228,13.33],[22.202,13.538],[22.108,13.73],[22.173,13.911],[22.51,14.127],[22.382,14.55],[22.671,14.722],[22.763,14.999],[22.932,15.162],[22.97,15.311],[22.934,15.533],[23.105,15.703],[23.708,15.745],[23.946,15.704],[23.983,15.78],[23.98,19.497]]]},"properties":{"code":"TCD","name":"Chad"}},
{"type":"Feature","geometry":{"type":"Polygon","coordinates":[[[24.147,8.666],[23.679,8.732],[23.537,8.816],[23.552,8.943],[23.468,9.115],[23.623,9.341],[23.646,9.823],[23.545,10.03],[23.312,10.388],[22.964,10.752],[22.86,10.92],[22.494,10.996],[22.043,10.823],[21.965,10.737],[21.707,10.575],[21.726,10.367],[21.633,10.238],[21.528,10.208],[21.396,10.001],[21.264,9.975],[21.009,9.713],[20.984,9.636],[20.773,9.406],[20.342,9.127],[20.073,9.133],[19.954,9.075],[19.668,9.021],[19.146,9.016],[18.888,8.89],[18.886,8.836],[19.109,8.656],[18.906,8.405],[18.634,8.168],[18.592,8.061],[18.455,8.032],[17.761,7.974],[17.649,7.984],[17.247,7.813],[17.118,7.702],[16.89,7.634],[16.785,7.551],[16.589,7.743],[16.523,7.86],[16.379,7.684],[16.031,7.572],[15.845,7.475],[15.48,7.524],[15.379,7.358],[15.246,7.264],[15.035,6.784],[14.862,6.556],[14.739,6.28],[14.512,6.162],[14.431,6.039],[14.503,5.917],[14.617,5.865],[14.617,5.496],[14.563,5.28],[14.641,5.179],[14.709,4.666],[14.77,4.558],[15.023,4.359],[15.137,4.069],[15.035,4.016],[15.129,3.827],[15.775,3.127],[15.905,3.096],[16.063,2.909],[16.107,2.473],[16.183,2.27],[16.469,2.832],[16.496,3.209],[16.57,3.463],[16.673,3.535],[17.003,3.557],[17.298,3.617],[17.438,3.685],[17.88,3.554],[18.111,3.551],[18.161,3.5],[18.474,3.623],[18.61,3.478],[18.597,3.679],[18.634,3.954],[18.567,4.258],[18.832,4.523],[19.069,4.891],[19.323,5.071],[19.501,5.127],[19.807,5.089],[20.002,4.945],[20.226,4.83],[20.394,4.686],[20.558,4.463],[20.956,4.413],[21.23,4.302],[21.35,4.311],[21.538,4.245],[21.687,4.281],[21.908,4.254],[22.422,4.135],[22.506,4.208],[22.617,4.446],[22.756,4.647],[22.865,4.724],[23.116,4.737],[23.417,4.663],[24.32,4.994],[24.437,5.01],[24.766,4.93],[25.249,5.025],[25.4,5.256],[25.525,5.312],[26.174,5.171],[26.822,5.062],[27.115,5.198],[27.403,5.109],[27.257,5.29],[27.213,5.619],[27.083,5.777],[26.726,5.998],[26.514,6.069],[26.309,6.455],[26.362,6.635],[26.169,6.782],[26.037,6.955],[25.889,7.065],[25.381,7.333],[25.19,7.519],[25.247,7.725],[24.853,8.138],[24.737,8.192],[24.291,8.291],[24.18,8.461],[24.221,8.608],[24.147,8.666]]]},"properties":{"code":"CAF","name":"Central African Republic"}},
{"type":"Feature","geometry":{"type":"MultiPolygon","coordinates":[[[[-25.17,16.946],[-24.98,17.095],[-25.113,17.194],[-25.337,17.091],[-25.308,16.936],[-25.17,16.946]]],[[[-23.444,15.008],[-23.535,15.139],[-23.701,15.272],[-23.785,15.077],[-23.705,14.961],[-23.505,14.916],[-23.444,15.008]]],[[[-22.918,16.237],[-22.959,16.045],[-22.821,15.986],[-22.71,16.043],[-22.749,16.222],[-22.918,16.237]]],[[[-24.308,14.856],[-24.329,15.019],[-24.497,14.98],[-24.492,14.874],[-24.308,14.856]]]]},"properties":{"code":"CPV","name":"Cape Verde"}},
{"type":"Feature","geometry":{"type":"MultiPolygon","coordinates":[[[[-132.656,54.127],[-133.064,54.144],[-133.098,53.92],[-133.052,53.778],[-132.845,53.508],[-132.67,53.459],[-132.748,53.31],[-132.52,53.194],[-132.347,53.189],[-132.011,53.265],[-131.928,53.379],[-131.922,53.588],[-131.821,53.842],[-131.703,53.986],[-131.668,54.141],[-131.941,54.042],[-132.134,54.034],[-132.111,53.9],[-132.187,53.685],[-132.535,53.652],[-132.215,53.815],[-132.166,53.955],[-132.344,54.106],[-132.564,54.069],[-132.656,54.127]]],[[[-131.754,53.196],[-131.893,53.231],[-132.036,53.179],[-132.345,53.136],[-132.144,52.999],[-132.26,52.907],[-131.81,52.542],[-131.562,52.4],[-131.422,52.238],[-131.222,52.154],[-131.143,52.291],[-131.327,52.318],[-131.383,52.416],[-131.591,52.578],[-131.455,52.702],[-131.727,52.756],[-131.904,52.867],[-131.635,52.922],[-131.652,53.103],[-131.754,53.196]]],[[[-127.197,50.64],[-127.713,50.821],[-127.918,50.861],[-128.242,50.828],[-128.346,50.744],[-128.267,50.609],[-128.058,50.498],[-127.865,50.499],[-127.751,50.607],[-127.641,50.479],[-127.906,50.445],[-127.77,50.121],[-127.467,50.163],[-127.208,49.992],[-127.114,49.88],[-126.903,49.944],[-126.683,49.876],[-126.593,49.764],[-126.348,49.661],[-126.542,49.59],[-126.549,49.419],[-126.419,49.449],[-126.1,49.421],[-125.952,49.248],[-125.835,49.277],[-125.66,49.029],[-125.46,48.941],[-125.363,48.998],[-124.927,49.014],[-125.136,48.822],[-125.121,48.761],[-124.689,48.597],[-123.917,48.387],[-123.595,48.334],[-123.446,48.427],[-123.284,48.455],[-123.415,48.698],[-123.497,48.582],[-123.627,48.824],[-123.82,49.083],[-123.996,49.224],[-124.186,49.301],[-124.643,49.429],[-124.831,49.53],[-124.935,49.732],[-125.233,50.012],[-125.482,50.317],[-126.204,50.454],[-126.701,50.516],[-127.197,50.64]]],[[[-130.025,55.888],[-130.093,55.632],[-129.985,55.359],[-129.838,55.319],[-129.812,55.533],[-129.667,55.437],[-130.219,54.73],[-130.37,54.62],[-130.397,54.352],[-130.043,54.134],[-130.086,53.976],[-130.233,53.867],[-130.335,53.724],[-130.074,53.576],[-129.912,53.551],[-129.822,53.413],[-129.564,53.251],[-129.462,53.347],[-129.284,53.393],[-129.208,53.642],[-128.959,53.841],[-128.705,53.919],[-128.768,53.71],[-128.676,53.555],[-128.833,53.549],[-128.936,53.715],[-129.114,53.641],[-129.172,53.534],[-129.081,53.367],[-128.869,53.328],[-128.652,53.244],[-128.525,53.141],[-128.452,52.877],[-128.365,52.826],[-128.109,52.858],[-128.275,52.435],[-128.06,52.428],[-128.037,52.318],[-128.358,52.159],[-128.194,51.998],[-128.102,51.788],[-127.902,52.151],[-127.792,52.289],[-127.519,52.359],[-127.187,52.538],[-127.161,52.395],[-127.438,52.356],[-127.795,52.191],[-127.859,51.99],[-127.869,51.775],[-127.819,51.604],[-127.645,51.478],[-127.708,51.151],[-127.441,50.989],[-127.058,50.868],[-126.632,50.915],[-126.397,50.807],[-126.517,50.724],[-126.404,50.53],[-125.965,50.487],[-125.772,50.508],[-125.21,50.476],[-125.057,50.419],[-124.784,50.073],[-124.782,50.02],[-124.483,49.808],[-124.142,49.793],[-123.972,49.892],[-123.874,49.737],[-124.029,49.603],[-123.859,49.483],[-123.531,49.397],[-123.336,49.459],[-123.174,49.348],[-123.196,49.148],[-123.063,48.978],[-122.924,49.075],[-122.789,48.993],[-95.398,48.993],[-95.162,48.992],[-95.155,49.37],[-94.854,49.305],[-94.803,49.003],[-94.621,48.743],[-94.055,48.659],[-93.708,48.525],[-93.464,48.561],[-93.378,48.617],[-92.996,48.612],[-92.501,48.435],[-92.415,48.277],[-92.172,48.338],[-92.005,48.302],[-91.858,48.198],[-91.518,48.058],[-91.221,48.105],[-91.043,48.194],[-90.84,48.201],[-90.744,48.105],[-90.092,48.118],[-89.994,48.015],[-89.456,47.996],[-89.186,48.047],[-88.612,48.264],[-88.378,48.303],[-88.161,48.225],[-86.429,47.54],[-84.876,46.9],[-84.779,46.637],[-84.562,46.457],[-84.192,46.55],[-84.088,46.227],[-83.978,46.085],[-83.616,46.117],[-83.469,45.995],[-83.593,45.817],[-82.551,45.347],[-82.138,43.571],[-82.408,43.073],[-82.488,42.74],[-82.545,42.625],[-82.868,42.385],[-83.073,42.3],[-83.15,42.142],[-83.142,41.976],[-83.03,41.833],[-82.69,41.675],[-82.439,41.675],[-81.278,42.209],[-80.248,42.366],[-79.174,42.749],[-78.939,42.864],[-78.946,42.961],[-79.066,43.106],[-79.059,43.278],[-79.172,43.467],[-78.72,43.625],[-78.458,43.631],[-76.82,43.629],[-76.465,44.058],[-76.151,44.304],[-75.876,44.417],[-75.401,44.772],[-75.179,44.899],[-74.857,45.004],[-74.709,45.004],[-74.358,45.206],[-73.974,45.345],[-74.038,45.502],[-73.712,45.711],[-73.477,45.738],[-73.284,45.9],[-72.981,46.21],[-72.68,46.287],[-72.257,46.485],[-72.205,46.559],[-71.88,46.687],[-71.757,46.674],[-71.268,46.796],[-71.116,46.925],[-70.706,47.14],[-70.448,47.423],[-70.3,47.503],[-69.906,47.832],[-69.775,48.098],[-69.375,48.386],[-69.231,48.574],[-68.929,48.829],[-68.669,48.94],[-68.628,49.007],[-68.282,49.197],[-68.056,49.257],[-67.372,49.348],[-67.262,49.451],[-67.234,49.602],[-66.941,49.994],[-66.741,50.066],[-66.496,50.212],[-66.126,50.201],[-65.955,50.294],[-65.762,50.259],[-65.269,50.32],[-64.868,50.275],[-64.509,50.309],[-64.17,50.269],[-64.016,50.304],[-63.734,50.305],[-63.587,50.258],[-63.239,50.243],[-63.136,50.294],[-62.715,50.302],[-61.92,50.233],[-61.725,50.104],[-61.29,50.202],[-60.956,50.205],[-60.807,50.25],[-60.608,50.221],[-60.08,50.255],[-59.886,50.316],[-59.815,50.418],[-59.612,50.492],[-59.378,50.675],[-59.165,50.78],[-58.638,51.172],[-58.51,51.295],[-58.023,51.322],[-57.77,51.426],[-57.299,51.478],[-56.976,51.458],[-56.549,51.681],[-56.017,51.929],[-55.695,52.138],[-55.746,52.475],[-56.053,52.537],[-55.848,52.623],[-55.83,52.878],[-55.892,53],[-55.798,53.212],[-55.859,53.344],[-56.11,53.588],[-56.354,53.624],[-56.465,53.765],[-56.841,53.739],[-57.012,53.673],[-57.332,53.469],[-57.489,53.633],[-57.157,53.757],[-57.199,53.924],[-57.416,54.163],[-58.192,54.228],[-58.31,54.202],[-58.327,54.052],[-58.652,53.978],[-58.92,53.875],[-59.322,53.644],[-59.621,53.537],[-59.829,53.505],[-60.148,53.307],[-60.29,53.391],[-60.16,53.53],[-60.014,53.762],[-59.823,53.834],[-59.497,53.834],[-59.039,53.964],[-58.841,54.044],[-58.633,54.05],[-58.435,54.228],[-58.151,54.35],[-57.699,54.387],[-57.404,54.57],[-57.483,54.64],[-57.725,54.674],[-57.929,54.773],[-57.962,54.876],[-58.195,54.866],[-58.398,54.774],[-58.78,54.838],[-58.997,55.149],[-59.26,55.2],[-59.429,55.056],[-59.518,55.197],[-59.689,55.196],[-59.759,55.31],[-59.93,55.259],[-60.45,55.2],[-60.361,55.366],[-60.192,55.481],[-60.408,55.65],[-60.341,55.785],[-60.593,55.815],[-60.832,55.958],[-60.996,55.862],[-61.188,55.955],[-61.351,55.974],[-61.365,56.216],[-61.559,56.208],[-61.515,56.39],[-61.94,56.424],[-62.062,56.699],[-61.532,56.655],[-61.372,56.681],[-61.39,56.853],[-61.334,57.011],[-61.629,57.183],[-61.861,57.198],[-61.977,57.248],[-61.851,57.381],[-62.254,57.529],[-61.968,57.612],[-61.995,57.769],[-61.899,57.861],[-62.117,57.964],[-62.306,57.972],[-62.486,58.154],[-62.981,58.093],[-62.674,58.319],[-62.608,58.496],[-62.837,58.479],[-63.076,58.415],[-63.102,58.546],[-62.874,58.672],[-63.05,58.878],[-63.185,58.858],[-63.326,59.082],[-63.54,59.333],[-63.945,59.38],[-63.75,59.513],[-63.929,59.645],[-64.056,59.823],[-64.151,59.794],[-64.183,59.973],[-64.499,60.268],[-64.706,60.336],[-64.931,60.252],[-65.172,59.908],[-65.159,59.83],[-65.433,59.777],[-65.489,59.448],[-65.607,59.213],[-65.526,59.036],[-65.841,58.977],[-66.043,58.821],[-65.928,58.611],[-66.03,58.567],[-66.168,58.727],[-66.299,58.795],[-66.48,58.731],[-66.608,58.549],[-66.722,58.491],[-67.019,58.433],[-67.57,58.213],[-67.681,58.107],[-67.737,58.385],[-67.856,58.273],[-67.981,58.461],[-68.253,58.557],[-68.475,58.823],[-68.698,58.905],[-69.173,58.897],[-69.382,58.851],[-69.651,58.728],[-69.879,58.697],[-70.16,58.789],[-69.868,58.856],[-69.753,58.94],[-69.677,58.831],[-69.532,58.869],[-69.414,59.087],[-69.45,59.18],[-69.4,59.338],[-69.682,59.342],[-69.692,59.488],[-69.579,59.675],[-69.63,59.822],[-69.806,59.945],[-70.467,59.971],[-70.509,60.015],[-69.796,60.03],[-69.674,60.076],[-69.633,60.22],[-69.756,60.389],[-69.721,60.567],[-69.64,60.69],[-69.433,60.814],[-69.472,61.011],[-69.624,61.05],[-69.708,60.915],[-69.909,60.86],[-70.095,60.88],[-70.187,61.041],[-70.279,61.069],[-70.723,61.055],[-71.175,61.147],[-71.423,61.159],[-71.743,61.337],[-71.841,61.466],[-71.638,61.617],[-71.866,61.689],[-72.023,61.612],[-72.081,61.728],[-72.226,61.832],[-72.506,61.923],[-72.727,61.839],[-72.632,62.027],[-72.671,62.114],[-72.882,62.125],[-73.195,62.279],[-73.63,62.454],[-73.764,62.469],[-74.205,62.321],[-74.646,62.211],[-74.633,62.116],[-75.023,62.264],[-75.341,62.312],[-75.676,62.25],[-75.817,62.316],[-76.879,62.525],[-77.372,62.573],[-77.604,62.531],[-78.068,62.355],[-78.133,62.282],[-78.137,62.107],[-78.077,61.923],[-77.948,61.762],[-77.514,61.556],[-77.736,61.437],[-77.727,61.231],[-77.83,61.084],[-78.16,60.852],[-77.872,60.786],[-77.661,60.79],[-77.791,60.64],[-77.681,60.427],[-77.453,60.146],[-77.312,60.042],[-77.373,59.925],[-77.332,59.797],[-77.485,59.685],[-77.726,59.676],[-77.733,59.581],[-77.859,59.476],[-77.761,59.38],[-77.988,59.246],[-78.431,58.902],[-78.515,58.682],[-78.014,58.399],[-77.684,58.291],[-77.157,58.019],[-76.891,57.758],[-76.655,57.381],[-76.573,57.181],[-76.52,56.707],[-76.546,56.359],[-76.65,56.107],[-76.762,55.996],[-77.325,55.556],[-77.891,55.236],[-78.304,55.069],[-78.909,54.881],[-79.666,54.697],[-79.431,54.337],[-79.179,54.117],[-78.996,54.002],[-79.003,53.837],[-79.113,53.717],[-78.992,53.41],[-78.898,53.043],[-78.74,52.899],[-78.724,52.628],[-78.557,52.492],[-78.492,52.252],[-78.702,52.033],[-78.828,51.963],[-78.978,51.734],[-78.776,51.566],[-78.898,51.272],[-79.041,51.464],[-79.264,51.552],[-79.339,51.628],[-79.498,51.57],[-79.689,51.347],[-79.737,51.186],[-79.836,51.173],[-80.104,51.283],[-80.368,51.33],[-80.706,51.798],[-80.969,51.972],[-81.285,52.089],[-81.661,52.294],[-81.599,52.433],[-82.02,52.812],[-82.26,52.961],[-82.26,53.16],[-82.159,53.264],[-82.191,53.611],[-82.141,53.818],[-82.24,54.045],[-82.394,54.18],[-82.418,54.356],[-82.219,54.813],[-82.308,54.998],[-82.577,55.149],[-82.868,55.161],[-82.986,55.231],[-83.214,55.215],[-83.668,55.265],[-83.911,55.315],[-84.706,55.259],[-85.061,55.286],[-85.407,55.431],[-85.677,55.601],[-85.984,55.696],[-86.377,55.773],[-86.919,55.915],[-87.287,55.975],[-87.561,56.056],[-87.878,56.342],[-88.075,56.467],[-88.447,56.609],[-88.826,56.814],[-88.948,56.851],[-89.791,56.981],[-90.075,57.052],[-90.592,57.224],[-90.897,57.257],[-91.111,57.241],[-92.249,57.009],[-92.303,57.046],[-92.614,57.039],[-92.44,57.275],[-92.49,57.469],[-92.702,57.778],[-92.842,58.076],[-93.1,58.49],[-93.155,58.695],[-93.278,58.756],[-93.78,58.773],[-94.056,58.76],[-94.209,58.626],[-94.54,58.848],[-94.713,58.903],[-94.87,59.088],[-94.788,59.268],[-94.786,59.953],[-94.647,60.416],[-94.309,60.871],[-94.068,61.139],[-94.061,61.318],[-93.889,61.364],[-93.913,61.481],[-93.71,61.603],[-93.421,61.706],[-93.43,61.812],[-93.35,62.03],[-93.167,62.034],[-93.066,62.15],[-92.906,62.215],[-92.866,62.306],[-92.595,62.47],[-92.551,62.547],[-92.207,62.585],[-92.008,62.541],[-91.956,62.645],[-92.243,62.684],[-92.361,62.819],[-92.034,62.863],[-91.449,62.804],[-91.115,62.922],[-90.871,62.946],[-90.728,63.017],[-90.691,63.111],[-90.747,63.352],[-90.97,63.443],[-91.33,63.507],[-91.686,63.66],[-91.842,63.698],[-92.077,63.64],[-92.196,63.708],[-92.529,63.761],[-93.379,63.948],[-93.416,63.838],[-93.664,63.941],[-93.597,64.041],[-93.43,64.029],[-92.97,63.938],[-92.55,63.83],[-92.195,63.776],[-92.038,63.813],[-91.926,63.757],[-91.539,63.726],[-90.946,63.588],[-90.707,63.597],[-90.596,63.661],[-90.245,63.642],[-90.013,63.804],[-90.142,63.982],[-89.922,63.944],[-90.042,64.141],[-89.811,64.181],[-89.616,64.031],[-89.404,64.04],[-89.215,63.984],[-89.06,64.034],[-88.818,63.992],[-88.653,64.009],[-88.106,64.183],[-87.998,64.244],[-87.885,64.4],[-87.281,64.826],[-87.029,65.064],[-87.028,65.198],[-87.392,65.261],[-88.198,65.28],[-88.974,65.348],[-89.242,65.446],[-89.788,65.737],[-90.048,65.806],[-89.749,65.936],[-89.42,65.861],[-89.088,65.739],[-88.744,65.679],[-88.672,65.612],[-87.97,65.349],[-87.678,65.335],[-87.291,65.355],[-87.081,65.441],[-86.702,65.671],[-86.043,66.023],[-86.001,66.187],[-86.585,66.322],[-86.747,66.417],[-86.633,66.531],[-86.063,66.52],[-85.604,66.568],[-85.442,66.537],[-85.096,66.325],[-84.478,66.179],[-84.293,66.292],[-83.905,66.212],[-83.826,66.29],[-84.094,66.526],[-84.223,66.682],[-84.738,66.934],[-84.538,66.973],[-84.31,66.863],[-84.208,66.736],[-84.05,66.74],[-83.92,66.679],[-83.523,66.369],[-83.298,66.392],[-82.949,66.551],[-82.642,66.588],[-82.198,66.765],[-81.874,66.988],[-81.63,67.002],[-81.468,67.07],[-81.27,67.46],[-81.412,67.595],[-81.709,67.722],[-82.063,67.928],[-82.092,68.051],[-82.393,68.285],[-82.499,68.479],[-82.21,68.506],[-81.915,68.459],[-81.527,68.556],[-81.282,68.657],[-81.264,68.781],[-81.381,68.85],[-81.952,68.909],[-81.611,69.003],[-81.329,69.12],[-81.412,69.198],[-81.952,69.276],[-82.151,69.249],[-82.31,69.41],[-82.642,69.458],[-82.39,69.601],[-82.618,69.691],[-83.665,69.7],[-84.242,69.835],[-84.645,69.85],[-85.02,69.805],[-85.305,69.836],[-85.446,69.778],[-85.502,69.652],[-85.416,69.548],[-85.432,69.354],[-85.387,69.232],[-84.862,69.074],[-84.916,68.962],[-85.083,68.908],[-85.275,68.741],[-85.518,68.77],[-85.734,68.63],[-85.731,68.445],[-85.953,68.072],[-86.37,67.825],[-86.476,67.713],[-86.536,67.516],[-87.266,67.184],[-87.418,67.214],[-87.499,67.355],[-87.997,67.626],[-88.196,67.766],[-88.314,67.95],[-88.347,68.288],[-88.235,68.339],[-88.111,68.251],[-87.853,68.267],[-87.81,68.404],[-88.041,68.812],[-88.316,68.954],[-88.638,69.059],[-89.057,69.266],[-89.352,69.227],[-89.667,69.015],[-89.783,68.736],[-89.884,68.626],[-89.879,68.522],[-90.205,68.257],[-90.574,68.475],[-90.51,68.689],[-90.587,68.947],[-90.745,69.106],[-91.237,69.286],[-91.058,69.318],[-90.822,69.29],[-90.667,69.516],[-91.288,69.543],[-91.384,69.649],[-91.724,69.546],[-91.912,69.531],[-92.209,69.603],[-92.312,69.673],[-92.751,69.714],[-92.285,69.892],[-91.977,70.039],[-92.127,70.085],[-92.446,70.083],[-92.29,70.24],[-91.995,70.143],[-91.616,70.148],[-91.716,70.299],[-91.82,70.342],[-91.984,70.286],[-92.049,70.39],[-92.388,70.65],[-92.961,70.838],[-92.883,71.069],[-92.949,71.262],[-93.256,71.461],[-93.763,71.638],[-93.81,71.766],[-94.308,71.765],[-94.479,71.849],[-94.557,71.979],[-94.735,71.983],[-95.201,71.904],[-95.512,71.777],[-95.616,71.685],[-95.838,71.598],[-95.83,71.526],[-95.445,71.505],[-95.564,71.337],[-95.725,71.328],[-95.924,71.393],[-96.14,71.396],[-96.406,71.274],[-96.551,70.89],[-96.549,70.809],[-96.359,70.679],[-96.186,70.638],[-96.226,70.542],[-96.546,70.327],[-96.492,70.125],[-96.05,69.831],[-95.707,69.778],[-95.292,69.667],[-94.823,69.578],[-94.634,69.65],[-94.271,69.455],[-94.015,69.447],[-93.65,69.519],[-93.619,69.417],[-94.255,69.314],[-94.255,69.151],[-94.084,69.123],[-94.563,68.912],[-94.587,68.776],[-94.478,68.743],[-94.217,68.761],[-93.992,68.821],[-93.896,68.982],[-93.716,68.931],[-93.663,68.838],[-93.652,68.543],[-93.928,68.474],[-94.384,68.227],[-94.861,68.042],[-95.126,68.083],[-95.461,68.021],[-95.65,67.737],[-95.463,67.61],[-95.259,67.263],[-95.354,66.981],[-95.625,66.916],[-95.972,66.952],[-96.016,66.87],[-96.36,66.989],[-96.02,67.019],[-95.769,66.967],[-95.419,67.013],[-95.416,67.156],[-95.529,67.209],[-95.778,67.185],[-95.72,67.317],[-96.141,67.272],[-96.185,67.376],[-96.371,67.554],[-96.199,67.718],[-96.036,68.158],[-96.076,68.237],[-96.439,68.151],[-96.48,68.243],[-96.977,68.255],[-97.266,68.453],[-97.41,68.497],[-97.64,68.482],[-97.829,68.533],[-97.794,68.388],[-98.219,68.317],[-98.469,68.382],[-98.633,68.331],[-98.449,68.201],[-98.438,68.065],[-98.11,67.903],[-97.739,67.978],[-97.547,67.961],[-97.207,67.855],[-97.155,67.726],[-97.455,67.617],[-97.931,67.711],[-98.415,67.988],[-98.632,68.073],[-98.704,67.966],[-98.468,67.856],[-98.697,67.78],[-99.032,67.719],[-99.773,67.815],[-100.456,67.839],[-100.856,67.799],[-101.555,67.693],[-101.884,67.745],[-102.21,67.733],[-102.692,67.812],[-103.474,68.115],[-103.657,68.069],[-104.194,68.031],[-104.487,68.063],[-104.661,68.149],[-104.653,68.23],[-104.912,68.25],[-105.195,68.33],[-105.429,68.458],[-105.54,68.719],[-105.798,68.865],[-106.164,68.92],[-106.831,68.809],[-107.436,68.689],[-108.313,68.611],[-108.641,68.379],[-108.687,68.277],[-108.261,68.15],[-107.734,68.174],[-107.742,68.286],[-107.619,68.331],[-107.146,68.304],[-106.946,68.374],[-106.608,68.357],[-106.458,68.516],[-105.932,68.637],[-105.781,68.527],[-106.039,68.407],[-106.271,68.383],[-106.404,68.319],[-106.424,68.201],[-106.668,68.216],[-106.836,68.129],[-107.351,68.061],[-107.761,68.032],[-107.763,67.907],[-107.958,67.819],[-107.972,67.732],[-107.65,67.511],[-107.644,67.385],[-107.482,67.199],[-107.283,67.103],[-107.254,66.976],[-107.499,66.936],[-107.626,67.003],[-107.746,66.961],[-107.71,66.74],[-107.761,66.684],[-108.455,67.063],[-108.221,67.051],[-107.991,67.095],[-107.989,67.256],[-108.347,67.403],[-108.593,67.591],[-108.715,67.583],[-108.815,67.438],[-108.95,67.494],[-109.081,67.711],[-109.63,67.733],[-109.831,67.866],[-110.102,67.992],[-110.372,67.954],[-110.805,67.832],[-111.087,67.788],[-111.192,67.823],[-111.576,67.757],[-112.237,67.731],[-112.435,67.685],[-112.879,67.68],[-113.215,67.702],[-113.893,67.707],[-114.429,67.751],[-114.663,67.795],[-115.133,67.819],[-115.427,67.924],[-115.202,67.998],[-115.127,68.132],[-114.852,68.195],[-114.765,68.27],[-114.275,68.248],[-114.096,68.267],[-114.092,68.435],[-114.218,68.552],[-114.62,68.746],[-114.994,68.85],[-115.631,68.973],[-116.167,68.975],[-116.065,68.855],[-116.55,68.879],[-117.311,68.935],[-118.095,69.043],[-118.869,69.257],[-119.853,69.342],[-120.293,69.421],[-120.815,69.617],[-121.336,69.742],[-121.742,69.798],[-122.07,69.816],[-123.026,69.81],[-123.214,69.542],[-123.609,69.377],[-124.426,69.379],[-124.398,69.494],[-124.138,69.653],[-124.407,69.767],[-124.472,69.919],[-124.444,70.111],[-124.555,70.151],[-124.745,70.08],[-124.794,69.969],[-125.08,69.818],[-125.357,69.626],[-125.167,69.48],[-125.387,69.349],[-125.728,69.38],[-126.064,69.467],[-126.612,69.73],[-126.759,69.853],[-126.927,70.062],[-127.138,70.239],[-127.377,70.369],[-127.753,70.517],[-127.991,70.574],[-128.127,70.524],[-128.17,70.418],[-127.989,70.363],[-127.974,70.293],[-127.765,70.222],[-128.279,70.108],[-128.387,69.96],[-128.971,69.712],[-129.136,69.75],[-129.265,69.855],[-129.572,69.827],[-130.118,69.72],[-130.354,69.656],[-130.661,69.481],[-130.971,69.209],[-131.013,69.429],[-131.113,69.459],[-131.294,69.364],[-131.343,69.435],[-131.563,69.461],[-131.788,69.432],[-131.92,69.291],[-132.719,69.079],[-132.77,69.012],[-132.706,68.815],[-133.304,68.847],[-133.089,69.029],[-132.687,69.26],[-132.331,69.308],[-132.129,69.402],[-131.989,69.518],[-131.863,69.549],[-130.96,69.632],[-130.709,69.686],[-130.459,69.78],[-129.648,69.998],[-129.538,70.105],[-129.73,70.192],[-129.945,70.091],[-130.175,70.086],[-130.498,70.143],[-130.926,70.052],[-131.136,69.907],[-131.441,69.918],[-131.934,69.753],[-132.163,69.705],[-132.334,69.752],[-132.452,69.647],[-132.84,69.651],[-133.163,69.434],[-133.476,69.405],[-133.948,69.301],[-133.9,69.528],[-134.077,69.558],[-134.242,69.669],[-134.409,69.682],[-134.494,69.468],[-134.853,69.486],[-135.141,69.468],[-135.293,69.308],[-135.5,69.337],[-135.691,69.311],[-135.91,69.111],[-135.876,68.917],[-135.407,68.829],[-135.362,68.696],[-135.867,68.833],[-136.122,68.882],[-136.717,68.889],[-137.26,68.964],[-138.128,69.152],[-138.291,69.219],[-138.69,69.317],[-139.182,69.516],[-139.977,69.622],[-140.405,69.602],[-141.002,69.651],[-141.002,60.3],[-140.525,60.218],[-140.453,60.3],[-139.973,60.183],[-139.676,60.328],[-139.079,60.344],[-139.185,60.084],[-139.043,59.993],[-138.705,59.901],[-138.632,59.778],[-137.593,59.226],[-137.439,58.903],[-137.278,58.988],[-136.813,59.15],[-136.579,59.152],[-136.467,59.28],[-136.466,59.459],[-136.348,59.456],[-136.322,59.605],[-135.935,59.663],[-135.476,59.793],[-135.051,59.579],[-135.071,59.441],[-134.944,59.288],[-134.441,59.085],[-134.219,58.85],[-133.821,58.705],[-133.401,58.411],[-133.423,58.337],[-133.275,58.223],[-132.55,57.5],[-132.232,57.199],[-132.338,57.079],[-132.032,57.027],[-132.104,56.857],[-131.866,56.793],[-131.824,56.59],[-131.575,56.599],[-131.083,56.405],[-130.742,56.341],[-130.649,56.264],[-130.477,56.231],[-130.413,56.123],[-130.215,56.083],[-130.098,56.109],[-130.025,55.888]]],[[[-109.816,78.65],[-110.408,78.757],[-110.618,78.758],[-111.071,78.708],[-111.709,78.575],[-112.214,78.548],[-112.641,78.5],[-113.15,78.408],[-113.173,78.284],[-112.558,78.342],[-112.131,78.366],[-111.76,78.283],[-111.435,78.287],[-111.169,78.386],[-110.755,78.311],[-110.418,78.295],[-110.022,78.323],[-109.709,78.304],[-109.391,78.337],[-109.362,78.493],[-109.504,78.582],[-109.816,78.65]]],[[[-110.458,78.103],[-110.873,78.081],[-111.207,78.088],[-112.305,78.007],[-112.805,77.942],[-113.187,77.912],[-113.271,77.778],[-113.121,77.633],[-113.164,77.53],[-112.644,77.444],[-112.373,77.364],[-111.952,77.344],[-111.226,77.429],[-110.894,77.426],[-110.198,77.525],[-110.117,77.625],[-110.153,77.763],[-110.292,77.786],[-110.719,77.781],[-110.751,77.857],[-109.772,77.957],[-109.657,78.079],[-110.458,78.103]]],[[[-115.551,77.363],[-116.363,77.543],[-116.835,77.529],[-117.279,77.313],[-118.005,77.381],[-118.82,77.333],[-119.09,77.305],[-119.831,77.074],[-120.358,76.887],[-120.485,76.793],[-120.998,76.691],[-121.614,76.441],[-122.365,76.401],[-122.774,76.228],[-122.546,76.081],[-122.533,75.951],[-122.4,75.944],[-121.908,76.035],[-121.428,75.981],[-121.019,76.02],[-120.9,76.163],[-120.772,76.166],[-120.563,76.008],[-120.409,75.826],[-119.913,75.859],[-119.735,75.915],[-119.55,76.052],[-119.649,76.28],[-119.524,76.34],[-119.168,76.127],[-118.994,76.145],[-118.851,76.258],[-118.643,76.335],[-118.644,76.418],[-118.791,76.513],[-118.468,76.547],[-118.301,76.737],[-117.881,76.805],[-117.808,76.734],[-117.965,76.574],[-118.02,76.447],[-117.841,76.345],[-117.492,76.273],[-117.154,76.298],[-117.044,76.373],[-116.999,76.532],[-116.22,76.611],[-115.985,76.687],[-116.11,76.918],[-115.913,76.908],[-115.857,76.969],[-116.286,77.102],[-116.214,77.178],[-115.624,77.266],[-115.551,77.363]]],[[[-108.292,76.057],[-108.382,76.116],[-108.123,76.233],[-108.194,76.33],[-108.512,76.439],[-108.612,76.63],[-108.554,76.758],[-108.832,76.821],[-109.098,76.812],[-109.339,76.76],[-109.865,76.522],[-110.27,76.417],[-110.201,76.289],[-109.908,76.223],[-109.71,76.212],[-109.487,76.145],[-109.455,76.021],[-109.871,75.929],[-109.796,75.863],[-108.945,75.699],[-108.947,75.542],[-109.086,75.506],[-110.459,75.555],[-111.053,75.549],[-111.276,75.613],[-111.549,75.822],[-112.057,75.834],[-111.865,75.939],[-112.334,76.072],[-112.698,76.202],[-113.171,76.258],[-113.823,76.207],[-114.059,76.301],[-114.194,76.451],[-114.535,76.502],[-114.998,76.497],[-115.581,76.438],[-115.779,76.365],[-115.797,76.253],[-115.025,76.211],[-114.939,76.166],[-116.21,76.194],[-116.591,76.096],[-116.654,75.929],[-116.338,75.881],[-116.39,75.808],[-116.973,75.746],[-117.025,75.602],[-116.426,75.585],[-116.034,75.607],[-115.122,75.706],[-115.335,75.618],[-116.077,75.493],[-117.154,75.473],[-117.388,75.421],[-117.576,75.314],[-117.502,75.204],[-117.005,75.156],[-116.476,75.172],[-116.143,75.042],[-115.729,74.968],[-115.413,75.115],[-115.28,75.102],[-115.02,74.976],[-114.452,75.088],[-114.168,75.24],[-114.017,75.434],[-113.811,75.296],[-113.845,75.112],[-113.712,75.069],[-112.951,75.108],[-112.597,75.212],[-112.256,75.134],[-111.621,75.168],[-111.181,75.26],[-111.258,75.128],[-111.671,75.019],[-112.193,75.01],[-112.836,74.976],[-113.324,74.875],[-114.132,74.766],[-114.377,74.671],[-114.175,74.574],[-113.672,74.453],[-113.017,74.402],[-112.519,74.417],[-111.729,74.502],[-110.941,74.639],[-110.625,74.753],[-110.176,74.84],[-109.503,74.883],[-108.831,75.065],[-108.666,75.04],[-108.594,74.96],[-108.354,74.943],[-107.82,75],[-107.153,74.927],[-106.961,74.94],[-106.588,75.015],[-106.093,75.089],[-105.863,75.192],[-105.678,75.501],[-105.519,75.632],[-105.481,75.746],[-105.604,75.93],[-105.905,76.009],[-106.397,76.06],[-106.677,76.024],[-106.862,75.93],[-106.693,75.81],[-106.971,75.773],[-107.136,75.879],[-107.418,75.907],[-107.703,75.878],[-107.852,76.058],[-108.292,76.057]]],[[[-114.522,72.593],[-114.109,72.861],[-114.052,73.071],[-114.127,73.231],[-114.302,73.331],[-114.638,73.373],[-115.552,73.213],[-116.573,73.055],[-117.256,72.914],[-117.552,72.831],[-118.133,72.633],[-118.375,72.534],[-118.481,72.428],[-118.246,72.311],[-118.369,72.205],[-118.59,72.167],[-118.945,71.986],[-118.988,71.764],[-118.868,71.687],[-118.372,71.64],[-117.888,71.661],[-117.878,71.561],[-118.148,71.526],[-118.188,71.436],[-117.723,71.391],[-117.337,71.435],[-116.78,71.444],[-115.587,71.546],[-115.734,71.485],[-115.98,71.469],[-116.042,71.362],[-116.228,71.359],[-117.314,71.212],[-117.814,71.158],[-118.269,71.035],[-118.264,70.888],[-117.587,70.63],[-116.993,70.604],[-116.327,70.624],[-115.991,70.586],[-114.841,70.621],[-114.331,70.675],[-113.757,70.691],[-113.146,70.616],[-112.114,70.447],[-111.726,70.352],[-111.784,70.273],[-112.19,70.276],[-112.638,70.225],[-113.211,70.264],[-113.666,70.27],[-114.167,70.307],[-114.592,70.312],[-115.529,70.257],[-116.554,70.175],[-117.135,70.1],[-117.195,70.054],[-117.104,69.804],[-116.712,69.576],[-116.513,69.425],[-116.102,69.337],[-115.618,69.283],[-115.159,69.265],[-114.323,69.269],[-113.694,69.195],[-113.593,68.96],[-113.617,68.838],[-113.338,68.599],[-113.128,68.494],[-112.864,68.477],[-112.305,68.516],[-111.311,68.542],[-111.128,68.588],[-110.848,68.578],[-109.959,68.63],[-109.472,68.677],[-108.946,68.76],[-108.553,68.897],[-108.365,68.935],[-107.863,68.954],[-107.44,69.002],[-107.033,69.181],[-106.856,69.347],[-106.659,69.44],[-106.361,69.381],[-106.341,69.224],[-106.141,69.162],[-105.533,69.134],[-105.02,69.081],[-105.106,68.92],[-104.571,68.872],[-104.353,68.928],[-104.067,68.866],[-103.468,68.809],[-102.895,68.824],[-102.488,68.889],[-101.857,69.024],[-101.823,69.217],[-102.064,69.281],[-102.046,69.465],[-102.447,69.476],[-102.884,69.341],[-103.04,69.368],[-103.063,69.485],[-103.418,69.611],[-103.303,69.674],[-102.92,69.565],[-102.621,69.552],[-102.596,69.718],[-102.182,69.846],[-101.86,69.738],[-101.648,69.699],[-101.508,69.833],[-101.216,69.68],[-100.935,69.715],[-100.909,69.869],[-100.973,70.029],[-101.149,70.148],[-101.562,70.135],[-101.732,70.286],[-101.99,70.285],[-102.75,70.522],[-103.05,70.655],[-103.105,70.51],[-103.585,70.631],[-103.953,70.763],[-104.167,70.927],[-104.515,71.064],[-104.563,71.132],[-104.385,71.338],[-104.386,71.577],[-104.767,71.868],[-105.234,72.415],[-105.415,72.788],[-105.813,73.011],[-106.482,73.196],[-106.951,73.276],[-107.113,73.192],[-107.72,73.329],[-108.029,73.349],[-108.238,73.106],[-107.91,72.491],[-107.824,72.443],[-107.696,72.149],[-107.306,71.895],[-107.347,71.819],[-107.687,71.716],[-107.813,71.626],[-108.145,71.705],[-108.47,72.139],[-108.698,72.499],[-108.798,72.568],[-108.994,72.596],[-109.122,72.726],[-109.469,72.808],[-109.61,72.876],[-110.008,72.984],[-110.661,73.008],[-110.554,72.861],[-110.197,72.759],[-110.205,72.661],[-110.439,72.633],[-110.782,72.534],[-111.14,72.365],[-111.311,72.455],[-111.675,72.3],[-111.611,72.436],[-111.356,72.572],[-111.27,72.714],[-112.048,72.888],[-112.754,72.986],[-113.208,72.981],[-113.45,72.863],[-113.5,72.694],[-113.958,72.651],[-114.342,72.591],[-114.522,72.593]]],[[[-119.736,74.113],[-119.563,74.233],[-119.944,74.254],[-120.554,74.353],[-121.315,74.53],[-121.748,74.541],[-122.623,74.464],[-123.468,74.436],[-124.696,74.348],[-124.261,73.953],[-124.088,73.857],[-123.873,73.828],[-123.797,73.768],[-124.03,73.644],[-124.114,73.527],[-124.424,73.419],[-124.594,73.243],[-124.804,73.126],[-124.583,72.926],[-124.931,72.863],[-125,72.813],[-124.987,72.588],[-125.383,72.424],[-125.584,72.183],[-125.763,72.138],[-125.767,71.961],[-125.297,71.973],[-124.76,71.835],[-124.008,71.677],[-123.595,71.423],[-123.393,71.219],[-123.211,71.123],[-122.937,71.088],[-122.55,71.194],[-122.157,71.266],[-121.749,71.445],[-121.472,71.389],[-120.93,71.446],[-120.619,71.506],[-120.443,71.631],[-120.366,71.888],[-120.194,72.127],[-120.18,72.213],[-119.767,72.244],[-119.408,72.36],[-119.132,72.609],[-118.962,72.684],[-117.983,72.902],[-117.464,73.038],[-117.065,73.107],[-116.483,73.253],[-115.992,73.323],[-115.447,73.439],[-115.408,73.542],[-115.634,73.666],[-115.958,73.748],[-116.722,74.027],[-117.199,74.171],[-117.515,74.232],[-117.966,74.266],[-118.544,74.245],[-118.744,74.192],[-119.026,74.045],[-119.132,74.028],[-119.206,74.198],[-119.471,74.201],[-119.736,74.113]]],[[[-69.489,83.017],[-69.97,83.116],[-70.871,83.098],[-71.424,83.021],[-71.983,83.101],[-72.812,83.081],[-73.331,82.999],[-73.442,82.905],[-73.272,82.772],[-73.703,82.852],[-74.198,82.989],[-74.414,83.013],[-75.745,83.047],[-77.125,83.009],[-76.908,82.919],[-76.41,82.816],[-76.087,82.724],[-75.643,82.644],[-75.744,82.572],[-76.146,82.55],[-76.421,82.671],[-77.48,82.883],[-77.969,82.906],[-78.525,82.891],[-79.181,82.933],[-79.886,82.939],[-79.834,82.817],[-79.207,82.733],[-79.035,82.675],[-80.076,82.706],[-80.657,82.769],[-81.01,82.779],[-81.147,82.716],[-80.862,82.572],[-81.58,82.643],[-81.785,82.649],[-82.123,82.602],[-81.718,82.506],[-82.269,82.465],[-82.448,82.395],[-81.998,82.278],[-81.468,82.192],[-80.13,82.028],[-79.629,81.932],[-79.686,81.886],[-80.153,81.978],[-80.55,82.005],[-81.584,82.121],[-82.277,82.218],[-82.638,82.246],[-82.634,82.077],[-83.01,82.142],[-83.591,82.326],[-84.368,82.374],[-84.897,82.449],[-85.276,82.405],[-85.794,82.292],[-86.581,82.187],[-85.311,82.044],[-85.538,81.955],[-85.875,81.976],[-86.158,82.026],[-86.627,82.051],[-86.834,82.033],[-87.018,81.959],[-87.404,82.054],[-87.639,82.085],[-88.063,82.096],[-88.567,82.061],[-88.875,82.018],[-89.381,81.917],[-89.633,81.895],[-90.49,81.877],[-91.219,81.788],[-91.648,81.684],[-91.403,81.578],[-91.103,81.592],[-90.626,81.656],[-89.845,81.612],[-90.554,81.464],[-90.304,81.401],[-88.978,81.542],[-88.892,81.474],[-89.427,81.387],[-89.636,81.302],[-89.563,81.226],[-89.947,81.173],[-89.623,81.032],[-89.398,81.025],[-88.887,81.058],[-87.275,81.081],[-86.623,81.123],[-85.875,81.241],[-85.206,81.295],[-85.083,81.247],[-85.81,81.124],[-86.477,81.036],[-86.929,81],[-87.389,80.988],[-88.413,81],[-89.167,80.941],[-89.145,80.854],[-88.921,80.806],[-88.232,80.704],[-87.712,80.656],[-87.33,80.67],[-86.233,80.95],[-85.781,81.035],[-84.635,81.098],[-83.289,81.148],[-83.349,81.103],[-84.68,81.042],[-85.246,80.988],[-85.639,80.925],[-86.252,80.79],[-86.603,80.664],[-86.532,80.605],[-86.25,80.566],[-85.726,80.581],[-85.307,80.526],[-84.418,80.527],[-84.076,80.556],[-83.647,80.674],[-83.401,80.714],[-82.78,80.736],[-82.768,80.631],[-82.613,80.559],[-82.368,80.561],[-81.007,80.655],[-80.134,80.764],[-79.607,80.882],[-79.309,81.089],[-78.734,81.151],[-78.352,81.259],[-77.972,81.331],[-77.536,81.321],[-78.287,81.168],[-78.629,81.043],[-78.551,80.921],[-78.004,80.905],[-77.389,80.905],[-77.507,80.835],[-78.386,80.784],[-79.629,80.648],[-80.051,80.529],[-80.98,80.445],[-82.536,80.376],[-82.961,80.278],[-82.332,80.066],[-81.86,79.957],[-81.359,79.788],[-81.01,79.693],[-81.038,79.614],[-81.688,79.686],[-82.049,79.783],[-82.377,79.908],[-83.724,80.229],[-84.057,80.262],[-84.675,80.279],[-85.16,80.272],[-86.307,80.319],[-86.499,80.258],[-86.615,80.124],[-86.494,80.018],[-86.421,79.845],[-86.031,79.722],[-85.457,79.69],[-85.09,79.612],[-84.522,79.377],[-83.825,79.059],[-84.257,79.122],[-84.53,79.101],[-84.412,78.997],[-84.146,78.96],[-83.059,78.94],[-82.439,78.904],[-82.442,78.84],[-82.99,78.844],[-83.271,78.77],[-83.908,78.839],[-85.23,78.902],[-85.691,78.844],[-86.242,78.824],[-86.808,78.774],[-86.953,78.664],[-87.491,78.417],[-87.552,78.177],[-87.339,78.133],[-86.913,78.127],[-86.427,78.197],[-86.071,78.285],[-86.063,78.187],[-86.218,78.081],[-85.586,78.11],[-85.419,78.142],[-85.024,78.312],[-84.91,78.24],[-84.615,78.196],[-85.031,78.062],[-85.548,77.928],[-85.292,77.764],[-85.289,77.559],[-84.861,77.5],[-84.486,77.562],[-84.168,77.523],[-83.779,77.533],[-83.428,77.621],[-82.704,77.962],[-82.71,77.85],[-82.903,77.733],[-83.25,77.585],[-83.721,77.414],[-83.974,77.391],[-84.739,77.361],[-84.951,77.375],[-85.588,77.461],[-85.731,77.509],[-86.173,77.746],[-86.385,77.809],[-87.018,77.892],[-87.236,77.892],[-87.757,77.836],[-88.017,77.785],[-88.095,77.719],[-87.78,77.493],[-87.43,77.348],[-87.101,77.308],[-86.874,77.2],[-87.362,77.136],[-87.828,77.136],[-88.398,77.104],[-88.771,76.993],[-89.5,76.827],[-89.57,76.492],[-88.804,76.457],[-88.396,76.405],[-88.104,76.413],[-87.498,76.386],[-87.354,76.448],[-86.68,76.377],[-86.454,76.585],[-86.116,76.435],[-85.681,76.349],[-85.141,76.305],[-84.275,76.357],[-84.224,76.675],[-83.886,76.453],[-83.389,76.439],[-82.233,76.466],[-82.311,76.655],[-82.034,76.629],[-81.823,76.521],[-81.592,76.484],[-81.171,76.513],[-80.832,76.409],[-80.963,76.184],[-80.69,76.176],[-79.511,76.31],[-78.934,76.451],[-78.284,76.571],[-77.983,76.755],[-77.999,76.852],[-78.289,76.978],[-78.456,76.967],[-78.792,76.884],[-79.221,76.936],[-79.319,76.98],[-79.341,77.158],[-79.497,77.196],[-79.924,77.194],[-80.219,77.147],[-80.673,77.244],[-81.117,77.27],[-81.756,77.204],[-81.767,77.296],[-81.301,77.344],[-81.377,77.482],[-80.875,77.359],[-80.573,77.315],[-79.906,77.3],[-78.87,77.333],[-78.284,77.413],[-78.076,77.519],[-78.047,77.615],[-78.084,77.846],[-78.013,77.946],[-77.456,77.947],[-76.974,77.927],[-76.708,77.938],[-76.356,77.991],[-75.866,78.01],[-75.551,78.221],[-75.237,78.356],[-75.488,78.404],[-76.373,78.521],[-75.397,78.523],[-74.879,78.545],[-74.547,78.62],[-74.618,78.758],[-75.099,78.858],[-75.795,78.89],[-75.953,78.959],[-76.256,79.007],[-76.825,79.018],[-77.51,78.978],[-77.883,78.942],[-78.222,79.015],[-78.258,79.082],[-77.398,79.057],[-75.912,79.118],[-75.233,79.036],[-74.641,79.036],[-74.532,79.053],[-74.481,79.229],[-74.727,79.235],[-75.094,79.204],[-75.603,79.24],[-76.116,79.326],[-76.067,79.473],[-75.774,79.431],[-75.259,79.421],[-74.798,79.459],[-74.406,79.454],[-73.866,79.501],[-73.466,79.495],[-73.294,79.522],[-73.229,79.644],[-73.472,79.756],[-74.051,79.778],[-74.144,79.88],[-73.448,79.827],[-72.437,79.694],[-71.965,79.701],[-71.388,79.762],[-71.356,79.911],[-70.758,79.998],[-70.877,80.122],[-71.616,80.071],[-71.47,80.146],[-71.1,80.187],[-70.265,80.234],[-70.213,80.278],[-70.639,80.528],[-70.144,80.398],[-69.734,80.367],[-69.4,80.423],[-68.959,80.587],[-68.63,80.679],[-67.774,80.859],[-66.727,81.041],[-66.313,81.146],[-65.484,81.285],[-64.833,81.439],[-65.24,81.51],[-65.736,81.494],[-68.318,81.261],[-68.543,81.248],[-68.689,81.293],[-66.914,81.485],[-66.626,81.616],[-66.005,81.629],[-65.495,81.668],[-65.226,81.744],[-64.574,81.734],[-63.592,81.846],[-62.496,82.007],[-62.177,82.043],[-61.274,82.28],[-61.207,82.341],[-61.477,82.467],[-61.697,82.489],[-62.475,82.52],[-63.247,82.45],[-63.085,82.565],[-63.593,82.694],[-63.641,82.813],[-64.134,82.823],[-64.504,82.778],[-64.905,82.901],[-65.113,82.889],[-65.299,82.8],[-65.727,82.842],[-66.612,82.742],[-67.397,82.668],[-68.173,82.646],[-68.358,82.677],[-66.836,82.818],[-66.592,82.944],[-68.107,82.961],[-68.409,83.005],[-68.673,82.999],[-69.489,83.017]]],[[[-95.484,77.792],[-96.143,77.714],[-96.264,77.595],[-95.987,77.484],[-94.409,77.474],[-93.836,77.452],[-93.52,77.474],[-93.339,77.63],[-93.301,77.74],[-93.583,77.771],[-94.015,77.76],[-94.667,77.776],[-95.233,77.754],[-95.484,77.792]]],[[[-93.543,75.028],[-93.498,75.137],[-93.751,75.349],[-93.909,75.423],[-94.427,75.593],[-94.649,75.623],[-95.05,75.622],[-95.671,75.529],[-95.955,75.444],[-96.125,75.358],[-96.18,75.24],[-96.383,75.211],[-96.566,75.099],[-96.56,74.99],[-96.386,74.999],[-96.27,74.92],[-96.094,74.933],[-95.865,74.83],[-95.286,74.794],[-94.697,74.642],[-93.985,74.644],[-93.547,74.691],[-93.463,74.856],[-93.543,75.028]]],[[[-100.002,73.946],[-100.138,73.929],[-100.182,73.801],[-100.484,73.844],[-100.915,73.805],[-100.898,73.658],[-100.607,73.575],[-100.522,73.449],[-100.976,73.6],[-101.463,73.534],[-101.451,73.431],[-100.889,73.275],[-100.439,73.255],[-100.531,73.138],[-100.283,73.12],[-100.097,72.963],[-100.228,72.899],[-100.396,72.977],[-100.485,72.773],[-101.088,72.713],[-101.351,72.746],[-101.544,72.883],[-101.755,72.943],[-101.922,73.057],[-102.204,73.077],[-102.504,73.006],[-102.714,72.783],[-102.402,72.595],[-101.974,72.486],[-101.724,72.315],[-101.498,72.278],[-101.209,72.317],[-100.984,72.21],[-100.594,72.152],[-100.326,72.004],[-99.735,71.757],[-99.404,71.557],[-99.167,71.367],[-98.986,71.369],[-98.663,71.302],[-98.412,71.349],[-98.199,71.441],[-98.181,71.662],[-97.582,71.63],[-97.222,71.673],[-96.946,71.792],[-96.613,71.834],[-96.624,71.968],[-96.766,72.046],[-96.618,72.146],[-96.669,72.271],[-96.52,72.393],[-96.446,72.552],[-96.542,72.699],[-96.671,72.713],[-97.128,72.628],[-97.083,72.763],[-97.329,72.938],[-97.725,73.037],[-97.939,73.036],[-98.367,72.934],[-98.376,73.045],[-97.796,73.285],[-97.273,73.387],[-97.395,73.564],[-97.156,73.592],[-97.002,73.667],[-97.225,73.844],[-97.582,73.888],[-97.832,73.879],[-98.152,73.818],[-99.158,73.732],[-100.002,73.946]]],[[[-84.92,65.261],[-85.056,65.437],[-85.24,65.51],[-85.105,65.623],[-85.241,65.796],[-85.555,65.919],[-85.814,65.832],[-85.962,65.704],[-86.114,65.417],[-86.188,65.01],[-86.374,64.566],[-86.354,64.377],[-86.252,64.137],[-86.422,64.052],[-86.886,63.924],[-87.189,63.672],[-87.177,63.595],[-86.847,63.575],[-86.576,63.662],[-86.302,63.657],[-85.805,63.707],[-85.714,63.658],[-85.496,63.139],[-85.393,63.12],[-84.962,63.197],[-84.633,63.309],[-84.308,63.586],[-84.022,63.66],[-83.728,63.813],[-83.617,64.013],[-83.494,64.099],[-83.065,64.159],[-83.034,64.023],[-82.467,63.927],[-82.378,63.707],[-81.963,63.664],[-81.046,63.462],[-80.302,63.762],[-80.579,63.909],[-80.608,63.972],[-80.829,64.09],[-81.005,64.033],[-81.336,64.076],[-81.716,64.022],[-81.676,64.213],[-81.787,64.426],[-82.05,64.644],[-82.272,64.721],[-82.668,64.78],[-83.222,64.968],[-83.407,65.104],[-84.085,65.218],[-84.266,65.367],[-84.501,65.458],[-84.612,65.447],[-84.842,65.256],[-84.92,65.261]]],[[[-97.701,76.467],[-97.808,76.519],[-98.236,76.575],[-98.711,76.694],[-99.024,76.615],[-98.89,76.466],[-99.17,76.454],[-99.669,76.624],[-100.069,76.635],[-100.388,76.614],[-100.83,76.524],[-100.82,76.437],[-100.651,76.396],[-100.175,76.359],[-100.183,76.197],[-99.978,76.029],[-100.02,75.94],[-101.056,76.246],[-101.139,76.345],[-101.34,76.41],[-101.677,76.451],[-101.858,76.439],[-102.105,76.331],[-101.91,76.234],[-101.557,76.236],[-101.861,76.101],[-101.717,76.008],[-101.431,75.992],[-101.6,75.833],[-101.943,75.884],[-102.145,75.875],[-102.411,75.713],[-102.728,75.639],[-102.7,75.544],[-102.541,75.514],[-101.461,75.608],[-101.207,75.59],[-100.902,75.62],[-99.915,75.681],[-99.965,75.569],[-100.28,75.461],[-100.712,75.406],[-100.731,75.347],[-100.364,75.29],[-100.483,75.188],[-100.234,75.008],[-99.627,74.984],[-99.421,75.044],[-99.156,75.016],[-98.704,75.006],[-97.992,75.046],[-97.971,75.153],[-97.799,75.117],[-97.878,75.416],[-97.653,75.508],[-97.336,75.42],[-97.44,75.685],[-97.863,75.738],[-97.602,75.851],[-97.652,75.94],[-97.531,76.182],[-97.739,76.335],[-97.701,76.467]]],[[[-103.426,79.316],[-103.706,79.352],[-104.847,79.311],[-105.388,79.324],[-105.571,79.164],[-105.536,79.033],[-104.901,79.051],[-104.893,78.89],[-104.736,78.826],[-104.395,78.956],[-104.152,78.99],[-103.887,78.919],[-104.009,78.764],[-103.518,78.769],[-103.571,78.54],[-103.764,78.52],[-104.727,78.579],[-104.91,78.553],[-104.985,78.468],[-104.764,78.352],[-104.324,78.269],[-103.947,78.26],[-103.677,78.32],[-102.731,78.371],[-102.607,78.249],[-102.057,78.28],[-101.298,78.199],[-101.074,78.194],[-100.826,78.088],[-100.778,77.996],[-100.586,77.892],[-99.956,77.794],[-99.166,77.857],[-99,77.997],[-99.132,78.118],[-99.562,78.279],[-99.751,78.303],[-99.818,78.455],[-99.782,78.62],[-100.015,78.729],[-100.435,78.82],[-100.917,78.783],[-101.128,78.802],[-101.037,78.939],[-101.704,79.079],[-101.873,79.088],[-102.393,79.01],[-102.576,78.879],[-102.683,78.991],[-102.652,79.095],[-102.914,79.231],[-103.192,79.295],[-103.426,79.316]]],[[[-91.886,81.133],[-91.998,81.185],[-92.413,81.278],[-93.333,81.364],[-94.06,81.349],[-94.194,81.241],[-93.894,81.213],[-93.407,81.209],[-93.345,81.085],[-93.826,81.106],[-94.519,81.031],[-94.981,81.05],[-95.27,81.001],[-95.509,80.863],[-94.788,80.751],[-94.485,80.558],[-94.893,80.571],[-95.026,80.646],[-95.226,80.686],[-95.714,80.725],[-96.133,80.691],[-96.152,80.553],[-95.901,80.471],[-96.012,80.383],[-96.334,80.353],[-96.215,80.246],[-95.904,80.214],[-95.646,80.231],[-95.405,80.135],[-95.192,80.134],[-94.59,80.202],[-94.646,80.049],[-95.782,80.066],[-96.773,80.136],[-96.589,79.917],[-96.463,79.848],[-96,79.705],[-95.739,79.66],[-95.297,79.653],[-94.581,79.726],[-94.52,79.667],[-95.663,79.527],[-95.657,79.39],[-95.317,79.355],[-95.103,79.29],[-94.284,79.4],[-93.96,79.396],[-93.933,79.291],[-92.822,79.45],[-92.485,79.439],[-92.248,79.373],[-91.868,79.317],[-92.547,79.283],[-92.684,79.186],[-92.842,79.156],[-93.294,79.14],[-93.95,79.037],[-94.115,78.929],[-93.902,78.872],[-93.336,78.808],[-93.634,78.751],[-93.267,78.608],[-92.716,78.605],[-91.935,78.562],[-92.726,78.487],[-92.808,78.43],[-92.351,78.313],[-91.899,78.237],[-91.41,78.188],[-90.614,78.15],[-90.387,78.163],[-90.297,78.328],[-90.025,78.291],[-89.526,78.16],[-89.507,78.203],[-90.076,78.549],[-89.926,78.573],[-89.655,78.439],[-89.096,78.209],[-88.791,78.192],[-88.606,78.392],[-88.714,78.546],[-88.581,78.602],[-88.148,78.477],[-88.003,78.616],[-88.228,78.653],[-88.19,78.867],[-88.104,78.973],[-87.961,78.893],[-87.861,78.707],[-87.617,78.676],[-87.016,78.899],[-86.957,78.975],[-86.721,78.975],[-86.092,79.1],[-85.29,79.208],[-85.064,79.328],[-85.648,79.611],[-86.007,79.479],[-86.18,79.605],[-86.649,79.646],[-86.861,79.598],[-87.243,79.571],[-86.977,79.894],[-87.202,80.043],[-87.861,80.088],[-87.625,80.187],[-87.675,80.372],[-88.125,80.429],[-88.424,80.428],[-88.644,80.387],[-88.538,80.131],[-89.019,80.198],[-89.198,80.263],[-89.167,80.48],[-89.329,80.532],[-89.674,80.531],[-89.862,80.498],[-90.643,80.594],[-90.683,80.688],[-91.272,80.85],[-91.755,81.049],[-91.886,81.133]]],[[[-94.295,76.912],[-95.126,77.017],[-95.638,77.064],[-96.061,77.05],[-96.758,76.972],[-96.814,76.913],[-96.451,76.774],[-96.64,76.703],[-95.971,76.57],[-95.959,76.446],[-95.447,76.363],[-95.274,76.264],[-94.997,76.258],[-94.737,76.293],[-93.665,76.273],[-93.309,76.36],[-93.092,76.354],[-92.883,76.214],[-92.185,75.847],[-92.069,75.658],[-92.331,75.479],[-92.427,75.346],[-92.347,75.23],[-92.076,75.124],[-92.174,75.051],[-91.962,74.793],[-91.871,74.744],[-91.508,74.651],[-91.168,74.646],[-91.13,74.736],[-90.784,74.696],[-90.553,74.613],[-90.362,74.61],[-89.844,74.549],[-89.559,74.555],[-89.262,74.609],[-89.115,74.738],[-88.94,74.79],[-88.851,74.69],[-88.682,74.802],[-88.535,74.832],[-88.34,74.785],[-88.538,74.609],[-88.423,74.494],[-87.593,74.47],[-87.364,74.502],[-86.995,74.48],[-86.666,74.489],[-86.655,74.555],[-86.341,74.513],[-86.11,74.54],[-85.956,74.499],[-85.544,74.535],[-85.442,74.601],[-85.339,74.543],[-85.087,74.528],[-85.061,74.607],[-84.818,74.542],[-84.426,74.508],[-83.532,74.586],[-83.341,74.765],[-83.407,74.885],[-83.103,74.817],[-83.117,74.693],[-82.931,74.566],[-82.736,74.53],[-82.415,74.535],[-82.069,74.482],[-81.809,74.477],[-81.226,74.567],[-80.278,74.582],[-80.19,74.828],[-79.508,74.88],[-79.525,74.99],[-79.733,75.021],[-80.036,74.991],[-79.977,75.119],[-79.634,75.199],[-79.508,75.295],[-79.66,75.45],[-80.1,75.467],[-80.158,75.581],[-80.322,75.629],[-81.001,75.643],[-81.151,75.736],[-81.647,75.795],[-82.154,75.831],[-82.553,75.818],[-83.237,75.751],[-83.932,75.819],[-84.605,75.653],[-84.987,75.645],[-85.372,75.573],[-85.581,75.58],[-85.973,75.529],[-85.951,75.395],[-86.236,75.406],[-86.814,75.491],[-87.257,75.618],[-87.539,75.485],[-87.73,75.576],[-88.201,75.512],[-88.569,75.645],[-88.852,75.625],[-88.804,75.502],[-88.917,75.454],[-89.28,75.564],[-89.278,75.795],[-89.511,75.857],[-89.695,75.854],[-89.913,75.966],[-90.251,76.053],[-90.712,76.076],[-91.02,76.142],[-91.279,76.16],[-91.26,76.23],[-90.827,76.186],[-90.312,76.158],[-89.407,76.189],[-89.285,76.302],[-90.855,76.437],[-90.622,76.465],[-90.605,76.543],[-91.124,76.662],[-91.305,76.681],[-91.789,76.676],[-92.297,76.616],[-92.716,76.603],[-92.995,76.62],[-93.422,76.474],[-93.201,76.669],[-93.212,76.755],[-93.811,76.914],[-94.295,76.912]]],[[[-96.204,78.531],[-96.265,78.595],[-96.587,78.687],[-97.382,78.783],[-98.212,78.805],[-98.29,78.692],[-98.06,78.558],[-98.316,78.517],[-98.255,78.429],[-97.819,78.231],[-97.323,78.203],[-97.041,78.117],[-97.658,78.091],[-97.427,77.982],[-97.093,77.933],[-96.99,77.806],[-96.477,77.872],[-96.012,77.887],[-95.371,77.971],[-95.087,77.993],[-94.988,78.136],[-95.268,78.263],[-94.887,78.345],[-95.031,78.43],[-95.561,78.517],[-95.968,78.505],[-96.204,78.531]]],[[[-93.171,74.161],[-93.41,74.179],[-93.785,74.118],[-93.939,74.132],[-94.483,74.113],[-94.974,74.041],[-95.121,73.985],[-95.059,73.805],[-94.817,73.663],[-95.386,73.755],[-95.633,73.695],[-95.644,73.557],[-95.589,73.174],[-95.613,72.942],[-95.548,72.782],[-95.251,72.502],[-95.167,72.18],[-95.193,72.027],[-95.008,72.013],[-94.497,72.044],[-94.144,72.001],[-94.038,72.029],[-93.871,72.253],[-93.555,72.421],[-93.572,72.559],[-93.771,72.668],[-94.211,72.757],[-93.579,72.801],[-93.341,72.802],[-92.392,72.718],[-92.118,72.754],[-91.905,72.849],[-91.46,73.145],[-91.554,73.236],[-91.298,73.285],[-90.934,73.528],[-90.566,73.686],[-90.355,73.869],[-90.627,73.952],[-91.088,74.009],[-91.63,74.028],[-92.223,73.972],[-92.493,74.062],[-93.171,74.161]]],[[[-97.439,69.643],[-97.411,69.738],[-97.791,69.862],[-98.081,69.833],[-98.268,69.754],[-98.289,69.629],[-98.476,69.579],[-98.559,69.461],[-98.504,69.308],[-98.912,69.168],[-99.456,69.131],[-99.564,69.034],[-99.441,68.918],[-99.091,68.863],[-98.904,68.932],[-98.83,68.839],[-98.54,68.798],[-98.321,68.843],[-98.235,68.739],[-97.885,68.672],[-97.472,68.544],[-97.008,68.539],[-96.599,68.461],[-96.402,68.471],[-96.024,68.607],[-95.895,68.627],[-95.686,68.736],[-95.585,68.835],[-95.951,69.024],[-96.3,69.344],[-96.875,69.51],[-97.236,69.673],[-97.439,69.643]]],[[[-61.105,45.945],[-60.577,46.172],[-60.495,46.27],[-60.482,46.414],[-60.332,46.768],[-60.425,46.923],[-60.617,46.976],[-60.87,46.797],[-61.241,46.303],[-61.409,46.17],[-61.495,45.941],[-61.45,45.716],[-61.284,45.574],[-60.872,45.611],[-60.673,45.591],[-60.386,45.655],[-60.016,45.88],[-59.865,46.16],[-60.226,46.196],[-60.298,46.311],[-60.505,46.204],[-60.573,46.061],[-60.472,45.947],[-60.699,45.773],[-60.93,45.748],[-61.105,45.945]]],[[[-67.125,45.169],[-66.919,45.146],[-66.872,45.067],[-66.511,45.143],[-66.44,45.096],[-66.107,45.257],[-65.884,45.223],[-65.545,45.337],[-65.282,45.473],[-64.898,45.626],[-64.779,45.638],[-64.594,45.814],[-64.315,45.836],[-64.56,45.625],[-64.827,45.476],[-64.747,45.324],[-64.6,45.41],[-64.336,45.39],[-64.087,45.411],[-63.748,45.311],[-64.093,45.217],[-64.235,45.114],[-64.354,45.138],[-64.449,45.256],[-64.903,45.121],[-65.657,44.76],[-65.682,44.651],[-65.868,44.569],[-66.1,44.367],[-66.193,44.144],[-66.126,43.814],[-66.038,43.742],[-65.887,43.795],[-65.738,43.561],[-65.482,43.518],[-65.344,43.55],[-65.33,43.668],[-65.087,43.727],[-64.862,43.868],[-64.378,44.304],[-64.286,44.55],[-64,44.645],[-63.761,44.486],[-63.61,44.48],[-63.544,44.655],[-63.306,44.643],[-62.514,44.844],[-61.569,45.154],[-61.165,45.256],[-61.107,45.349],[-61.282,45.441],[-61.35,45.574],[-61.492,45.687],[-61.657,45.642],[-61.877,45.714],[-61.956,45.868],[-62.483,45.622],[-62.701,45.741],[-63.108,45.782],[-63.293,45.752],[-63.509,45.875],[-63.703,45.858],[-64.056,46.021],[-63.916,46.166],[-64.212,46.22],[-64.542,46.24],[-64.648,46.356],[-64.726,46.671],[-64.817,46.699],[-64.906,46.888],[-64.831,47.061],[-65.042,47.089],[-65.192,47.05],[-65.319,47.101],[-64.912,47.369],[-64.852,47.57],[-64.703,47.725],[-65.002,47.847],[-65.228,47.811],[-65.483,47.687],[-65.666,47.696],[-65.756,47.86],[-65.849,47.911],[-66.21,47.989],[-65.927,48.189],[-65.476,48.031],[-65.259,48.021],[-64.765,48.228],[-64.633,48.36],[-64.349,48.423],[-64.254,48.55],[-64.209,48.806],[-64.262,48.922],[-64.568,49.105],[-64.836,49.192],[-65.396,49.262],[-66.178,49.213],[-66.598,49.126],[-67.117,48.964],[-67.561,48.856],[-67.889,48.731],[-68.238,48.626],[-68.552,48.457],[-68.987,48.275],[-69.306,48.047],[-69.471,47.967],[-69.581,47.824],[-69.802,47.623],[-70.017,47.471],[-70.519,47.033],[-71.261,46.756],[-71.671,46.654],[-71.901,46.632],[-72.187,46.512],[-72.24,46.442],[-72.496,46.353],[-72.733,46.182],[-72.99,46.104],[-73.16,46.01],[-73.253,45.864],[-73.465,45.632],[-73.558,45.425],[-73.765,45.395],[-74.05,45.241],[-74.269,45.188],[-74.566,45.042],[-74.709,45.004],[-71.518,45.008],[-71.327,45.29],[-71.135,45.263],[-71,45.337],[-70.898,45.262],[-70.702,45.551],[-70.421,45.738],[-70.296,45.906],[-70.304,46.057],[-70.248,46.251],[-70.067,46.441],[-70.008,46.709],[-69.243,47.463],[-69.05,47.427],[-69.049,47.274],[-68.829,47.203],[-68.48,47.286],[-68.311,47.354],[-68.097,47.275],[-67.807,47.083],[-67.785,45.702],[-67.596,45.621],[-67.433,45.603],[-67.494,45.474],[-67.473,45.276],[-67.367,45.174],[-67.125,45.169]]],[[[-55.459,51.537],[-55.666,51.579],[-55.69,51.471],[-56.026,51.568],[-56.518,51.399],[-56.75,51.275],[-56.805,51.144],[-56.976,51.028],[-57.053,50.857],[-57.298,50.699],[-57.466,50.464],[-57.712,50.025],[-57.926,49.701],[-57.856,49.474],[-58.016,49.542],[-58.213,49.387],[-58.191,49.259],[-58.049,49.18],[-58.099,49.077],[-58.404,49.084],[-58.494,49.003],[-58.716,48.598],[-58.906,48.65],[-59.167,48.522],[-58.723,48.541],[-58.492,48.513],[-58.711,48.325],[-58.961,48.159],[-59.272,47.996],[-59.362,47.866],[-59.26,47.634],[-59.117,47.571],[-58.613,47.626],[-58.333,47.677],[-57.926,47.675],[-57.66,47.625],[-57.473,47.631],[-56.952,47.574],[-56.46,47.617],[-56.221,47.671],[-56.151,47.775],[-55.844,47.788],[-55.862,47.53],[-55.576,47.465],[-55.435,47.501],[-55.366,47.661],[-55.075,47.658],[-54.87,47.571],[-55.191,47.449],[-55.492,47.161],[-55.838,47.072],[-55.95,46.928],[-55.789,46.867],[-55.531,46.914],[-55.316,46.906],[-55.14,47.046],[-55.09,47.174],[-54.857,47.385],[-54.542,47.425],[-54.405,47.556],[-54.192,47.86],[-53.989,47.756],[-53.869,47.387],[-54.093,47.086],[-54.174,46.88],[-54.076,46.82],[-53.86,46.939],[-53.695,47.093],[-53.581,46.957],[-53.616,46.68],[-53.536,46.633],[-53.291,46.717],[-53.167,46.646],[-53.07,46.681],[-52.889,46.974],[-52.912,47.103],[-52.684,47.426],[-52.654,47.549],[-52.711,47.745],[-52.782,47.769],[-52.945,47.553],[-53.122,47.455],[-53.176,47.653],[-53.111,47.812],[-52.955,48.029],[-52.921,48.147],[-53.283,47.998],[-53.604,47.662],[-53.765,47.65],[-53.862,47.799],[-53.695,47.921],[-53.569,48.088],[-53.531,48.232],[-53.334,48.356],[-53.136,48.402],[-53.021,48.572],[-53.057,48.659],[-53.22,48.578],[-53.411,48.562],[-53.552,48.482],[-53.795,48.526],[-53.698,48.68],[-53.966,48.707],[-53.951,48.807],[-53.758,49.035],[-53.573,49.141],[-53.619,49.322],[-53.958,49.442],[-54.271,49.419],[-54.448,49.329],[-54.502,49.527],[-54.718,49.389],[-54.983,49.268],[-55.026,49.305],[-55.245,49.2],[-55.2,49.408],[-55.355,49.381],[-55.376,49.49],[-55.678,49.435],[-55.892,49.58],[-55.902,49.681],[-55.718,49.829],[-55.765,49.96],[-55.927,50.018],[-56.075,49.983],[-56.179,50.115],[-56.376,49.934],[-56.501,49.87],[-56.757,49.652],[-56.849,49.765],[-56.754,49.883],[-56.694,50.06],[-56.382,50.417],[-56.136,50.651],[-56.078,50.781],[-55.871,50.907],[-55.8,51.033],[-55.841,51.205],[-56,51.199],[-56.031,51.328],[-55.583,51.389],[-55.459,51.537]]],[[[-86.589,71.011],[-85.945,71.163],[-85.405,71.227],[-85.138,71.303],[-85.079,71.398],[-85.537,71.555],[-86.036,71.771],[-86.218,71.899],[-86.341,72.123],[-86.323,72.461],[-86.595,72.661],[-86.668,72.763],[-86.629,72.871],[-86.086,73.26],[-85.682,73.461],[-85.204,73.604],[-84.975,73.695],[-85.11,73.808],[-85.951,73.85],[-86.406,73.855],[-86.769,73.834],[-87.72,73.723],[-88.17,73.595],[-88.705,73.403],[-88.761,73.312],[-88.977,73.252],[-89.263,73.069],[-89.358,72.804],[-89.702,72.568],[-89.862,72.412],[-89.823,72.208],[-90.025,71.949],[-89.846,71.492],[-89.693,71.423],[-89.079,71.288],[-88.59,71.24],[-87.872,71.209],[-87.182,70.988],[-87.845,70.944],[-88.309,70.984],[-88.517,71.031],[-89.366,71.067],[-89.372,70.996],[-89.208,70.76],[-88.848,70.523],[-88.402,70.442],[-87.901,70.252],[-87.502,70.326],[-87.238,70.31],[-87.122,70.412],[-86.624,70.401],[-86.322,70.145],[-85.78,70.037],[-85.432,70.111],[-84.909,70.078],[-84.522,70.005],[-83.859,69.963],[-83.531,69.965],[-83.15,70.009],[-82.488,69.866],[-82.139,69.841],[-81.565,69.943],[-80.922,69.731],[-80.925,69.851],[-81.197,69.983],[-81.529,70.048],[-81.56,70.111],[-81.098,70.091],[-80.162,69.996],[-79.616,69.895],[-79.303,69.895],[-78.89,69.977],[-78.778,70.048],[-78.81,70.179],[-79.018,70.325],[-79.347,70.372],[-79.347,70.482],[-79.066,70.604],[-78.621,70.353],[-78.283,70.229],[-77.843,70.247],[-77.722,70.171],[-77.592,69.846],[-77.232,69.855],[-76.962,69.825],[-76.869,69.745],[-77.09,69.635],[-76.742,69.573],[-76.513,69.684],[-76.52,69.517],[-76.408,69.441],[-76.046,69.386],[-75.787,69.319],[-75.648,69.213],[-75.763,69.103],[-75.954,69.031],[-76.381,69.052],[-76.557,69.009],[-76.585,68.699],[-76.403,68.692],[-75.623,68.888],[-75.523,68.953],[-75.213,68.909],[-74.917,68.983],[-74.752,68.892],[-74.648,68.708],[-74.422,68.58],[-74.27,68.541],[-73.989,68.549],[-74.073,68.715],[-73.852,68.701],[-73.783,68.578],[-73.879,68.429],[-73.644,68.295],[-73.307,68.368],[-73.328,68.267],[-73.063,68.107],[-72.576,67.659],[-72.353,67.342],[-72.22,67.254],[-72.365,67.133],[-72.789,67.031],[-72.947,66.883],[-73.033,66.728],[-73.281,66.675],[-73.584,66.507],[-73.934,66.358],[-74.375,66.208],[-74.434,66.139],[-74.033,65.877],[-73.746,65.767],[-73.561,65.543],[-73.675,65.484],[-73.878,65.519],[-74.237,65.484],[-74.391,65.398],[-74.665,65.367],[-75.048,65.364],[-75.166,65.284],[-75.317,65.275],[-75.709,65.316],[-75.773,65.257],[-75.505,65.135],[-75.357,65.009],[-75.452,64.842],[-75.589,64.905],[-75.502,65.013],[-75.648,65.141],[-75.828,65.227],[-76.482,65.37],[-76.779,65.414],[-77.327,65.453],[-77.461,65.328],[-77.447,65.162],[-77.876,65.073],[-78.096,64.939],[-78.19,64.752],[-78.175,64.618],[-78.045,64.499],[-77.791,64.367],[-77.628,64.363],[-77.283,64.28],[-76.724,64.242],[-76.118,64.376],[-75.767,64.392],[-75.715,64.524],[-75.488,64.541],[-75.067,64.457],[-74.695,64.497],[-74.73,64.647],[-74.919,64.766],[-74.681,64.831],[-74.512,64.67],[-74.13,64.608],[-74.099,64.444],[-73.95,64.466],[-73.91,64.578],[-73.627,64.603],[-73.278,64.56],[-73.444,64.423],[-72.913,64.117],[-72.639,63.989],[-72.45,63.818],[-72.223,63.709],[-71.725,63.706],[-71.456,63.512],[-71.697,63.43],[-71.973,63.43],[-71.617,63.187],[-71.254,63.043],[-71.096,63.02],[-70.801,62.91],[-70.571,62.869],[-70.236,62.763],[-69.8,62.79],[-69.545,62.745],[-69.366,62.572],[-69.082,62.405],[-68.536,62.256],[-67.44,62.151],[-67.181,62.073],[-66.803,62.013],[-66.551,61.926],[-66.257,61.868],[-66.059,61.914],[-66.133,62.102],[-65.98,62.209],[-66.281,62.303],[-66.645,62.602],[-66.98,62.701],[-67.213,62.844],[-67.468,62.948],[-67.737,63.01],[-67.915,63.114],[-68.141,63.172],[-68.374,63.352],[-68.671,63.514],[-68.911,63.703],[-68.859,63.752],[-68.494,63.725],[-68.244,63.637],[-67.759,63.42],[-67.709,63.634],[-67.495,63.481],[-67.18,63.305],[-67.018,63.317],[-66.773,63.162],[-66.697,63.07],[-66.6,63.219],[-66.414,63.027],[-66.201,63.006],[-66.224,63.107],[-65.834,62.909],[-65.572,62.869],[-65.108,62.626],[-65.047,62.701],[-65.133,62.952],[-64.869,62.88],[-64.684,62.902],[-64.82,63.06],[-65.049,63.235],[-65.005,63.333],[-65.089,63.606],[-64.99,63.643],[-64.886,63.549],[-64.696,63.269],[-64.514,63.264],[-64.499,63.463],[-64.562,63.68],[-64.411,63.706],[-64.678,64.028],[-65.011,64.009],[-65.348,64.232],[-65.075,64.437],[-65.275,64.632],[-65.432,64.726],[-65.513,64.706],[-65.768,64.854],[-65.939,64.886],[-66.152,64.735],[-66.224,64.854],[-66.635,65],[-66.733,64.86],[-66.861,65.092],[-66.97,65.085],[-67.067,65.244],[-67.326,65.357],[-67.303,65.483],[-67.4,65.588],[-67.57,65.644],[-67.906,65.563],[-67.866,65.774],[-68.115,65.828],[-68.257,65.939],[-68.217,66.079],[-68.467,66.173],[-68.46,66.249],[-68.147,66.13],[-67.828,65.965],[-67.551,65.922],[-67.273,65.956],[-67.183,66.034],[-67.704,66.269],[-67.868,66.49],[-67.311,66.304],[-67.192,66.433],[-67.318,66.52],[-66.787,66.556],[-66.477,66.28],[-65.857,66.086],[-65.826,65.997],[-65.305,66.008],[-65.004,66.078],[-65.402,65.764],[-65.176,65.568],[-65.108,65.464],[-64.555,65.117],[-64.47,65.253],[-64.152,65.066],[-64.061,65.122],[-63.896,65.109],[-63.607,64.928],[-63.402,65.118],[-63.363,65.23],[-63.364,65.543],[-63.459,65.853],[-63.169,65.657],[-62.969,65.622],[-62.659,65.64],[-62.41,65.906],[-62.244,66.006],[-62.024,66.068],[-62.534,66.227],[-62.277,66.392],[-62.158,66.338],[-61.863,66.313],[-61.571,66.373],[-61.653,66.503],[-62.089,66.626],[-61.904,66.678],[-61.528,66.558],[-61.3,66.649],[-61.969,67.019],[-62.124,67.047],[-62.38,66.905],[-62.71,66.954],[-62.962,66.949],[-63.469,66.862],[-63.258,67.025],[-63.162,67.174],[-63.316,67.336],[-63.592,67.378],[-63.836,67.264],[-64.356,67.256],[-64.303,67.353],[-64.008,67.347],[-64.077,67.496],[-63.85,67.566],[-64.019,67.655],[-64.156,67.623],[-64.528,67.813],[-64.638,67.84],[-64.83,67.784],[-65.021,67.788],[-64.977,68.043],[-65.3,67.94],[-65.491,67.936],[-65.702,67.987],[-65.864,67.923],[-65.986,68.069],[-66.225,67.959],[-66.275,68.041],[-66.212,68.28],[-66.531,68.25],[-66.729,68.129],[-67.033,68.326],[-67.111,68.461],[-67.456,68.498],[-67.656,68.551],[-67.875,68.523],[-68.038,68.551],[-68.152,68.681],[-68.333,68.733],[-68.871,68.76],[-68.543,68.843],[-68.324,68.844],[-67.883,68.784],[-67.751,68.934],[-67.752,69.039],[-68.304,69.166],[-67.938,69.248],[-67.484,69.167],[-67.332,69.185],[-66.803,69.153],[-66.676,69.258],[-66.771,69.337],[-67.053,69.421],[-67.361,69.473],[-68.058,69.476],[-68.513,69.577],[-69.075,69.518],[-69.125,69.575],[-68.67,69.644],[-68.372,69.644],[-68.114,69.754],[-67.806,69.777],[-67.337,69.721],[-67.193,69.757],[-67.196,69.861],[-67.364,70.034],[-67.855,70.282],[-68.121,70.315],[-68.283,70.228],[-68.305,70.087],[-68.489,70.065],[-68.744,69.941],[-69.008,69.979],[-68.723,70.146],[-68.919,70.207],[-69.483,70.16],[-69.299,70.277],[-68.794,70.324],[-68.483,70.415],[-68.364,70.481],[-68.496,70.61],[-69.169,70.764],[-69.696,70.786],[-69.95,70.845],[-70.561,70.738],[-70.98,70.581],[-71.313,70.209],[-71.276,70.5],[-71.586,70.566],[-71.022,70.674],[-70.655,70.871],[-70.636,71.007],[-70.792,71.103],[-71.045,71.05],[-71.186,70.978],[-71.371,70.975],[-71.743,71.047],[-72.009,71.013],[-72.313,70.833],[-72.449,70.884],[-72.024,71.065],[-71.856,71.105],[-71.495,71.105],[-71.219,71.239],[-71.256,71.362],[-71.46,71.464],[-71.875,71.561],[-72.365,71.611],[-72.581,71.607],[-72.902,71.678],[-73.278,71.538],[-73.398,71.373],[-73.482,71.479],[-73.713,71.588],[-73.714,71.72],[-73.814,71.771],[-74.139,71.682],[-74.404,71.673],[-74.6,71.585],[-74.759,71.338],[-74.868,71.505],[-74.701,71.676],[-74.893,71.726],[-74.316,71.843],[-74.266,72.038],[-74.52,72.086],[-74.903,72.1],[-75.394,72.04],[-75.053,72.226],[-75.186,72.434],[-75.704,72.572],[-76.189,72.572],[-76.698,72.695],[-76.894,72.721],[-77.567,72.737],[-78.001,72.688],[-78.35,72.6],[-78.453,72.435],[-78.287,72.36],[-77.694,72.238],[-77.726,72.18],[-78.116,72.28],[-78.429,72.28],[-78.699,72.351],[-78.82,72.265],[-78.863,72.101],[-79.008,72.043],[-79,72.272],[-79.323,72.391],[-79.427,72.337],[-79.654,72.332],[-79.778,72.439],[-80.042,72.394],[-80.116,72.214],[-80.386,72.149],[-80.802,71.929],[-80.925,71.908],[-80.919,72.191],[-80.702,72.338],[-80.611,72.451],[-80.675,72.559],[-80.323,72.717],[-80.592,72.928],[-80.603,73.121],[-81.152,73.314],[-81.238,73.48],[-81.406,73.635],[-81.605,73.696],[-81.946,73.73],[-82.66,73.73],[-83.41,73.632],[-83.904,73.528],[-84.089,73.459],[-84.416,73.456],[-84.616,73.39],[-85.018,73.335],[-85.455,73.105],[-85.384,73.045],[-85.094,73.003],[-84.274,72.836],[-84.257,72.797],[-85.262,72.954],[-85.455,72.925],[-85.619,72.819],[-85.638,72.633],[-85.341,72.422],[-85.156,72.383],[-84.849,72.406],[-84.778,72.259],[-85.019,72.218],[-85.322,72.233],[-85.546,72.102],[-85.862,72.022],[-85.397,71.727],[-85.25,71.675],[-84.84,71.659],[-84.66,71.586],[-84.674,71.439],[-84.79,71.093],[-84.87,71.002],[-85.048,71.059],[-85.095,71.152],[-85.644,71.152],[-86.127,71.049],[-86.55,70.989],[-86.589,71.011]]],[[[-61.801,49.094],[-61.696,49.139],[-61.817,49.284],[-62.633,49.624],[-62.859,49.705],[-63.292,49.817],[-63.76,49.875],[-64.131,49.942],[-64.373,49.926],[-64.44,49.828],[-63.885,49.658],[-63.676,49.534],[-63.566,49.399],[-63.042,49.225],[-62.22,49.079],[-61.801,49.094]]],[[[-63.811,46.469],[-63.903,46.639],[-64.088,46.775],[-63.981,46.913],[-63.994,47.062],[-64.355,46.769],[-64.388,46.641],[-64.107,46.562],[-64.111,46.425],[-63.861,46.408],[-63.641,46.23],[-63.277,46.153],[-63.117,46.253],[-62.895,46.124],[-62.878,46.001],[-62.531,45.977],[-62.526,46.203],[-62.024,46.422],[-62.164,46.487],[-63.129,46.422],[-63.369,46.508],[-63.681,46.562],[-63.811,46.469]]],[[[-82,62.954],[-82.235,62.977],[-82.46,62.936],[-82.706,62.945],[-82.966,62.874],[-83.376,62.905],[-83.739,62.569],[-83.899,62.476],[-83.699,62.16],[-83.377,62.238],[-83.016,62.21],[-82.568,62.403],[-82.114,62.652],[-81.949,62.884],[-82,62.954]]],[[[-79.545,62.412],[-79.868,62.404],[-80.022,62.343],[-80.235,62.153],[-80.276,61.859],[-79.896,61.63],[-79.669,61.644],[-79.324,62.026],[-79.286,62.248],[-79.545,62.412]]],[[[-75.676,68.323],[-75.867,68.337],[-76.364,68.319],[-76.74,68.231],[-76.945,68.091],[-77.229,67.85],[-77.306,67.706],[-77.157,67.408],[-77.005,67.267],[-76.694,67.236],[-75.78,67.284],[-75.4,67.367],[-75.127,67.537],[-75.086,67.751],[-75.127,67.965],[-75.063,68.141],[-75.154,68.234],[-75.676,68.323]]],[[[-79.537,73.654],[-80.12,73.707],[-80.412,73.765],[-80.763,73.758],[-80.849,73.721],[-80.824,73.381],[-80.618,73.271],[-80.183,73.225],[-80.052,72.977],[-79.937,72.864],[-79.501,72.756],[-79.134,72.772],[-78.314,72.882],[-77.836,72.897],[-77.014,72.844],[-76.401,72.821],[-76.09,72.881],[-76.31,72.998],[-76.29,73.081],[-76.57,73.159],[-76.759,73.31],[-77.005,73.356],[-77.207,73.5],[-78.063,73.648],[-78.287,73.666],[-79.367,73.641],[-79.537,73.654]]],[[[-80.732,52.747],[-80.765,52.923],[-81.136,53.206],[-81.335,53.224],[-81.847,53.186],[-82.039,53.05],[-81.839,52.958],[-81.01,52.761],[-80.732,52.747]]],[[[-78.827,56.145],[-78.673,56.26],[-78.669,56.439],[-78.799,56.383],[-78.827,56.145]]],[[[-78.936,56.266],[-78.963,56.422],[-79.272,56.6],[-79.393,56.276],[-79.536,56.18],[-79.596,56.244],[-80.001,55.932],[-79.905,55.871],[-79.565,56.121],[-79.497,56.093],[-79.606,55.876],[-79.407,55.935],[-79.222,56.176],[-79.142,56.136],[-79.274,55.922],[-79.175,55.885],[-78.936,56.266]]],[[[-79.978,56.207],[-79.688,56.327],[-79.681,56.404],[-80.005,56.318],[-79.978,56.207]]],[[[-89.833,77.268],[-89.712,77.31],[-89.719,77.442],[-90.172,77.595],[-90.843,77.655],[-91.149,77.608],[-91.147,77.387],[-90.993,77.329],[-90.228,77.212],[-89.833,77.268]]],[[[-104.558,77.142],[-104.454,77.249],[-104.542,77.338],[-104.77,77.413],[-104.955,77.419],[-105.007,77.507],[-105.29,77.642],[-105.588,77.736],[-106.036,77.74],[-105.556,77.353],[-105.215,77.182],[-104.711,77.124],[-104.558,77.142]]],[[[-98.792,79.981],[-98.895,80.082],[-99.153,80.124],[-99.731,80.144],[-100.053,80.093],[-100.092,79.919],[-100,79.884],[-99.516,79.887],[-99.302,79.784],[-98.945,79.724],[-98.769,79.851],[-98.792,79.981]]],[[[-105.289,72.92],[-105.075,72.997],[-104.791,73.168],[-104.583,73.354],[-104.555,73.541],[-104.649,73.614],[-105.114,73.744],[-105.512,73.766],[-106.614,73.696],[-106.831,73.599],[-106.922,73.48],[-106.526,73.413],[-106.18,73.304],[-106.071,73.196],[-105.434,72.938],[-105.289,72.92]]],[[[-102.227,76.015],[-102.49,76.095],[-102.584,76.282],[-103.098,76.311],[-104.351,76.182],[-104.242,76.047],[-103.801,76.037],[-103.77,75.892],[-103.202,75.958],[-103.042,75.919],[-103.315,75.764],[-102.58,75.78],[-102.423,75.869],[-102.047,75.928],[-102.227,76.015]]],[[[-104.023,76.583],[-104.205,76.666],[-104.5,76.63],[-104.577,76.54],[-104.408,76.365],[-104.271,76.326],[-103.472,76.329],[-103.083,76.405],[-103.051,76.45],[-103.585,76.539],[-103.723,76.601],[-104.023,76.583]]],[[[-118.328,75.58],[-118.227,75.611],[-117.626,75.966],[-117.499,76.077],[-117.752,76.112],[-118.137,75.994],[-118.626,75.906],[-119.32,75.663],[-119.306,75.585],[-118.817,75.522],[-118.614,75.515],[-118.328,75.58]]],[[[-113.832,77.755],[-113.768,77.904],[-114.28,78.004],[-114.33,78.078],[-114.607,78.04],[-114.98,77.915],[-114.608,77.769],[-114.287,77.721],[-113.832,77.755]]],[[[-130.236,53.959],[-130.397,54.086],[-130.696,53.951],[-130.384,53.844],[-130.236,53.959]]],[[[-129.849,53.168],[-129.755,53.245],[-129.945,53.436],[-130.452,53.631],[-130.518,53.544],[-130.151,53.346],[-129.934,53.177],[-129.849,53.168]]],[[[-130.575,54.77],[-130.349,54.815],[-130.204,54.947],[-130.214,55.026],[-130.575,54.77]]],[[[-128.552,52.94],[-128.633,53.113],[-129.033,53.28],[-129.178,53.018],[-129.085,52.822],[-128.766,52.598],[-128.731,52.357],[-128.624,52.34],[-128.51,52.519],[-128.552,52.94]]],[[[-126.641,49.606],[-126.65,49.746],[-126.738,49.844],[-126.926,49.838],[-126.939,49.718],[-126.641,49.606]]],[[[-125.184,50.097],[-125.074,50.221],[-125.196,50.39],[-125.358,50.312],[-125.26,50.13],[-125.184,50.097]]],[[[-128.937,52.51],[-128.994,52.662],[-129.186,52.791],[-129.25,52.722],[-128.969,52.464],[-128.937,52.51]]],[[[-127.925,51.474],[-127.916,51.585],[-128.032,51.708],[-128.149,51.627],[-128.092,51.511],[-127.925,51.474]]],[[[-128.369,52.401],[-128.248,52.741],[-128.365,52.782],[-128.44,52.696],[-128.369,52.401]]],[[[-73.567,45.469],[-73.522,45.701],[-73.775,45.468],[-73.567,45.469]]],[[[-64.824,62.559],[-64.901,62.421],[-64.657,62.384],[-64.478,62.418],[-64.515,62.552],[-64.824,62.559]]],[[[-68.234,60.241],[-67.844,60.392],[-67.914,60.54],[-68.088,60.588],[-68.338,60.361],[-68.234,60.241]]],[[[-70.337,62.549],[-70.292,62.616],[-70.443,62.734],[-70.674,62.807],[-71.135,62.878],[-70.851,62.704],[-70.766,62.597],[-70.337,62.549]]],[[[-64.833,61.366],[-64.696,61.471],[-64.67,61.593],[-64.79,61.662],[-65.13,61.686],[-65.432,61.65],[-65.394,61.563],[-64.833,61.366]]],[[[-64.407,60.367],[-64.646,60.515],[-64.809,60.41],[-64.442,60.298],[-64.407,60.367]]],[[[-79.063,75.926],[-79.009,76.146],[-79.551,75.958],[-79.545,75.826],[-79.124,75.87],[-79.063,75.926]]],[[[-73.622,67.784],[-73.407,67.793],[-73.435,67.97],[-73.584,68.015],[-73.881,68.022],[-74.379,68.093],[-74.707,68.067],[-74.746,67.985],[-74.573,67.829],[-74.374,67.79],[-73.622,67.784]]],[[[-77.877,63.471],[-78.235,63.49],[-78.507,63.451],[-78.469,63.358],[-78.256,63.24],[-77.942,63.114],[-77.594,63.188],[-77.538,63.287],[-77.704,63.431],[-77.877,63.471]]],[[[-94.527,75.749],[-94.33,75.766],[-94.471,75.971],[-94.538,75.996],[-94.881,75.946],[-94.751,75.77],[-94.527,75.749]]],[[[-96.782,72.937],[-96.671,72.961],[-96.646,73.102],[-96.862,73.189],[-97.069,73.13],[-97.093,72.997],[-96.944,72.927],[-96.782,72.937]]],[[[-98.27,73.869],[-97.861,73.968],[-97.698,74.109],[-98.061,74.105],[-98.904,74.007],[-99.005,73.965],[-99.346,73.926],[-98.974,73.812],[-98.691,73.856],[-98.27,73.869]]],[[[-90.2,69.419],[-90.455,69.39],[-90.33,69.252],[-90.2,69.419]]],[[[-74.881,68.349],[-74.798,68.458],[-74.984,68.648],[-75.287,68.688],[-75.4,68.525],[-75.31,68.474],[-74.881,68.349]]],[[[-78.983,68.193],[-78.953,68.353],[-79.153,68.335],[-79.174,68.235],[-78.983,68.193]]],[[[-76.678,63.394],[-76.652,63.504],[-76.764,63.574],[-77.134,63.682],[-77.365,63.588],[-77.057,63.45],[-76.783,63.384],[-76.678,63.394]]],[[[-79.431,69.788],[-79.594,69.81],[-79.971,69.739],[-80.214,69.802],[-80.424,69.798],[-80.448,69.65],[-80.161,69.536],[-79.978,69.51],[-79.882,69.609],[-79.553,69.631],[-79.402,69.685],[-79.431,69.788]]],[[[-78.029,69.715],[-78.145,69.739],[-78.296,69.667],[-78.579,69.639],[-78.789,69.523],[-78.47,69.503],[-78.04,69.608],[-78.029,69.715]]],[[[-79.211,68.845],[-78.853,68.916],[-78.533,69.146],[-78.229,69.304],[-78.333,69.386],[-78.597,69.371],[-78.662,69.262],[-78.804,69.235],[-78.9,69.135],[-79.243,69.049],[-79.406,68.923],[-79.211,68.845]]],[[[-76.995,69.144],[-76.687,69.328],[-76.746,69.404],[-77.188,69.44],[-77.319,69.416],[-77.379,69.274],[-77.215,69.138],[-76.995,69.144]]],[[[-86.913,70.113],[-87.107,70.147],[-87.264,70.044],[-86.734,69.976],[-86.613,70.106],[-86.913,70.113]]],[[[-83.726,65.797],[-83.701,65.92],[-83.95,66.027],[-84.407,66.131],[-84.451,66.064],[-84.143,65.916],[-84.118,65.772],[-83.726,65.797]]],[[[-86.596,67.736],[-86.447,67.817],[-86.382,67.927],[-86.421,68.183],[-86.57,68.288],[-86.702,68.306],[-86.96,68.1],[-86.847,68.01],[-86.861,67.81],[-86.596,67.736]]],[[[-84.675,65.575],[-84.603,65.657],[-84.692,65.793],[-84.939,66.009],[-85.15,66.015],[-85.136,65.821],[-84.783,65.57],[-84.675,65.575]]],[[[-101.226,76.579],[-100.747,76.649],[-100.962,76.734],[-101.226,76.579]]],[[[-101.694,77.697],[-101.398,77.729],[-101.128,77.813],[-101.639,77.892],[-102.448,77.881],[-102.378,77.728],[-102.08,77.692],[-101.694,77.697]]],[[[-89.726,76.507],[-89.822,76.631],[-89.775,76.782],[-89.949,76.836],[-90.136,76.837],[-90.525,76.788],[-90.556,76.735],[-90.294,76.579],[-90.054,76.495],[-89.726,76.507]]],[[[-96.079,75.51],[-96.04,75.586],[-96.368,75.655],[-96.523,75.584],[-96.983,75.51],[-96.97,75.413],[-96.723,75.381],[-96.462,75.494],[-96.237,75.475],[-96.079,75.51]]],[[[-95.307,74.505],[-95.51,74.637],[-95.746,74.616],[-95.777,74.551],[-95.307,74.505]]],[[[-121.076,75.745],[-120.897,75.845],[-120.993,75.927],[-121.076,75.745]]],[[[-113.561,76.743],[-113.517,76.825],[-113.892,76.895],[-114.647,76.851],[-114.751,76.759],[-113.712,76.711],[-113.561,76.743]]],[[[-104.12,75.036],[-103.814,75.08],[-103.642,75.163],[-103.804,75.346],[-104.075,75.425],[-104.346,75.43],[-104.649,75.35],[-104.887,75.148],[-104.634,75.061],[-104.12,75.036]]],[[[-100.217,68.807],[-100.178,68.904],[-100.414,69.028],[-100.612,68.99],[-100.616,68.783],[-100.397,68.724],[-100.217,68.807]]],[[[-99.995,69.014],[-100.153,69.129],[-100.196,68.991],[-99.995,69.014]]],[[[-100.308,70.496],[-100.434,70.649],[-100.635,70.67],[-100.621,70.547],[-100.308,70.496]]],[[[-95.514,69.574],[-95.798,69.626],[-95.936,69.567],[-95.986,69.392],[-95.893,69.352],[-95.764,69.56],[-95.666,69.439],[-95.496,69.35],[-95.381,69.507],[-95.514,69.574]]],[[[-101.172,69.397],[-101.098,69.541],[-101.313,69.576],[-101.254,69.388],[-101.172,69.397]]],[[[-101.846,68.586],[-101.722,68.724],[-101.828,68.799],[-102.013,68.825],[-102.266,68.664],[-101.846,68.586]]],[[[-104.541,68.406],[-104.602,68.562],[-104.907,68.582],[-104.965,68.492],[-104.541,68.406]]],[[[-107.9,67.402],[-107.991,67.622],[-108.128,67.629],[-108.152,67.429],[-108.004,67.366],[-107.9,67.402]]],[[[-108.093,67.005],[-107.895,66.872],[-107.806,66.999],[-108.093,67.005]]]]},"properties":{"code":"CAN","name":"Canada"}},
{"type":"Feature","geometry":{"type":"Polygon","coordinates":[[[8.556,4.755],[8.533,4.606],[8.656,4.516],[8.762,4.58],[8.918,4.554],[8.903,4.435],[9,4.092],[9.425,3.922],[9.6,4.027],[9.628,3.87],[9.556,3.798],[9.672,3.538],[9.876,3.31],[9.948,3.079],[9.885,2.917],[9.801,2.304],[9.98,2.168],[11.329,2.167],[11.348,2.3],[11.94,2.285],[12.361,2.296],[12.867,2.247],[13.22,2.256],[13.294,2.162],[14.484,2.155],[14.579,2.199],[14.902,2.012],[15.204,2.024],[15.339,1.945],[15.6,1.95],[15.742,1.915],[16.059,1.676],[16.136,1.724],[16.08,2.107],[16.183,2.27],[16.107,2.473],[16.063,2.909],[15.905,3.096],[15.775,3.127],[15.129,3.827],[15.035,4.016],[15.137,4.069],[15.023,4.359],[14.77,4.558],[14.709,4.666],[14.641,5.179],[14.563,5.28],[14.617,5.496],[14.617,5.865],[14.503,5.917],[14.431,6.039],[14.512,6.162],[14.739,6.28],[14.862,6.556],[15.035,6.784],[15.246,7.264],[15.379,7.358],[15.48,7.524],[15.55,7.788],[15.443,7.852],[15.252,8.322],[15.116,8.557],[14.861,8.799],[14.733,8.866],[14.332,9.204],[14.005,9.589],[13.977,9.692],[14.243,9.98],[14.836,9.942],[15.193,9.981],[15.541,9.96],[15.532,10.088],[15.276,10.357],[15.201,10.485],[15.069,10.851],[15.03,11.114],[15.055,11.369],[15.122,11.541],[15.081,11.846],[14.881,12.269],[14.847,12.502],[14.761,12.656],[14.545,12.82],[14.516,12.98],[14.245,13.077],[14.064,13.079],[14.197,12.384],[14.519,12.298],[14.627,12.109],[14.562,11.729],[14.56,11.492],[14.202,11.268],[14.057,11.245],[13.892,11.14],[13.535,10.605],[13.415,10.171],[13.27,10.036],[13.221,9.645],[13.175,9.54],[12.929,9.426],[12.876,9.304],[12.807,8.887],[12.731,8.746],[12.583,8.624],[12.404,8.596],[12.233,8.282],[12.156,7.942],[12.025,7.728],[12.016,7.59],[11.767,7.272],[11.861,7.116],[11.58,6.889],[11.552,6.697],[11.325,6.485],[11.153,6.438],[11.08,6.506],[11.033,6.698],[10.738,6.988],[10.606,7.063],[10.482,6.891],[10.205,6.892],[10.144,6.996],[9.78,6.76],[9.66,6.532],[9.373,6.32],[9.06,6.009],[8.935,5.781],[8.801,5.197],[8.556,4.755]]]},"properties":{"code":"CMR","name":"Cameroon"}},
{"type":"Feature","geometry":{"type":"Polygon","coordinates":[[[107.519,14.705],[107.415,14.563],[107.293,14.592],[107.109,14.417],[106.82,14.315],[106.501,14.578],[106.355,14.455],[106.225,14.476],[106.165,14.372],[105.979,14.343],[106.125,14.049],[106.067,13.921],[105.904,13.925],[105.74,14.085],[105.532,14.156],[105.35,14.11],[105.183,14.346],[105.074,14.227],[104.97,14.366],[104.779,14.428],[104.412,14.37],[104.228,14.396],[103.818,14.362],[103.6,14.421],[103.199,14.333],[103.031,14.253],[102.909,14.137],[102.729,13.842],[102.545,13.66],[102.547,13.586],[102.32,13.54],[102.331,13.288],[102.462,13.015],[102.5,12.67],[102.756,12.426],[102.706,12.256],[102.737,12.09],[102.934,11.707],[103.125,11.461],[103.091,11.211],[103.153,10.914],[103.354,10.922],[103.532,11.147],[103.654,11.059],[103.722,10.89],[103.681,10.759],[103.532,10.605],[103.662,10.509],[103.937,10.587],[104.262,10.541],[104.426,10.411],[104.564,10.516],[104.851,10.534],[105.061,10.734],[105.022,10.887],[105.315,10.845],[105.387,10.94],[105.755,10.99],[105.853,10.864],[105.938,10.885],[106.099,10.797],[106.168,11.012],[105.856,11.294],[105.851,11.635],[106.006,11.758],[106.34,11.682],[106.411,11.738],[106.414,11.948],[106.7,11.979],[106.765,12.052],[106.931,12.077],[107.159,12.277],[107.506,12.365],[107.555,12.54],[107.475,13.03],[107.605,13.438],[107.331,14.127],[107.364,14.369],[107.448,14.451],[107.519,14.705]]]},"properties":{"code":"KHM","name":"Cambodia"}},
{"type":"Feature","geometry":{"type":"MultiPolygon","coordinates":[[[[100.122,20.317],[100.249,20.73],[100.407,20.823],[100.565,20.825],[100.536,20.992],[100.614,21.059],[100.757,21.313],[100.928,21.366],[101.139,21.567],[101.121,21.746],[100.835,21.655],[100.677,21.505],[100.531,21.458],[100.351,21.501],[100.215,21.463],[100.089,21.558],[99.926,21.821],[99.918,22.028],[99.593,22.089],[99.193,22.126],[99.243,22.37],[99.338,22.498],[99.385,22.825],[99.507,22.959],[99.341,23.096],[99.055,23.131],[98.864,23.191],[98.886,23.307],[98.798,23.52],[98.832,23.624],[98.681,23.842],[98.764,24.116],[98.583,24.07],[98.499,24.116],[98.213,24.111],[98.017,24.065],[97.686,23.898],[97.568,23.988],[97.691,24.131],[97.667,24.38],[97.531,24.492],[97.583,24.775],[97.724,24.842],[97.715,25.034],[97.82,25.252],[97.918,25.236],[98.1,25.416],[98.173,25.595],[98.334,25.587],[98.466,25.789],[98.625,25.827],[98.655,25.918],[98.572,26.114],[98.663,26.139],[98.732,26.583],[98.717,27.045],[98.675,27.191],[98.651,27.572],[98.504,27.648],[98.299,27.55],[98.13,27.968],[98.099,28.142],[97.865,28.364],[97.695,28.469],[97.538,28.51],[97.322,28.218],[97.335,27.938],[97.226,27.89],[96.9,27.644],[96.902,27.44],[97.104,27.163],[97.038,27.102],[96.88,27.178],[96.798,27.296],[96.666,27.339],[96.274,27.278],[96.061,27.217],[95.905,27.047],[95.464,26.756],[95.129,26.597],[95.06,26.474],[95.069,26.191],[95.132,26.041],[95.015,25.913],[94.992,25.77],[94.786,25.519],[94.623,25.41],[94.554,25.243],[94.708,25.049],[94.584,24.767],[94.293,24.322],[94.128,23.876],[93.683,24.007],[93.494,23.973],[93.307,24.022],[93.415,23.682],[93.366,23.133],[93.163,22.908],[93.079,22.718],[93.162,22.36],[92.965,22.004],[92.854,22.01],[92.689,22.131],[92.575,21.978],[92.593,21.467],[92.539,21.32],[92.331,21.44],[92.18,21.293],[92.324,20.792],[92.608,20.47],[92.736,20.563],[92.891,20.34],[92.791,20.211],[93.002,20.075],[93.157,20.041],[93.362,20.058],[93.582,19.91],[93.612,19.776],[93.74,19.697],[93.84,19.534],[93.998,19.441],[93.962,19.329],[93.825,19.238],[93.579,19.401],[93.493,19.369],[93.705,19.027],[93.929,18.9],[94.07,18.893],[94.252,18.609],[94.266,18.507],[94.431,18.202],[94.494,17.825],[94.589,17.569],[94.564,17.309],[94.473,17.135],[94.353,16.64],[94.271,16.517],[94.214,16.127],[94.299,16.008],[94.442,16.094],[94.588,16.289],[94.681,16.133],[94.662,15.904],[94.891,15.979],[94.943,15.818],[95.177,15.826],[95.39,15.723],[95.679,15.977],[95.763,16.169],[96.012,16.254],[96.324,16.444],[96.364,16.521],[96.622,16.564],[96.811,16.778],[96.909,17.031],[96.851,17.203],[96.97,17.317],[97.178,17.062],[97.267,16.743],[97.376,16.523],[97.62,16.537],[97.641,16.254],[97.584,16.02],[97.71,15.876],[97.774,15.431],[97.744,15.307],[97.8,15.185],[97.812,14.859],[97.91,14.653],[97.998,14.335],[98.1,14.162],[98.073,13.986],[98.111,13.713],[98.245,13.733],[98.421,13.484],[98.576,13.162],[98.637,12.848],[98.665,12.54],[98.624,12.441],[98.696,12.225],[98.689,11.957],[98.636,11.738],[98.805,11.779],[98.741,11.592],[98.745,11.24],[98.676,10.987],[98.465,10.676],[98.523,10.353],[98.497,10.183],[98.563,10.035],[98.703,10.19],[98.768,10.431],[98.757,10.661],[99.19,11.105],[99.478,11.613],[99.615,11.781],[99.463,12.19],[99.405,12.548],[99.22,12.74],[99.107,13.104],[99.176,13.233],[99.137,13.717],[98.934,14.05],[98.57,14.36],[98.246,14.815],[98.191,15.204],[98.565,15.404],[98.558,15.769],[98.592,16.051],[98.818,16.181],[98.888,16.352],[98.689,16.305],[98.478,16.732],[98.439,16.976],[98.257,17.148],[97.793,17.681],[97.699,17.834],[97.72,18.037],[97.599,18.303],[97.451,18.36],[97.485,18.494],[97.754,18.621],[97.706,18.932],[97.804,19.13],[97.817,19.46],[98.111,19.762],[98.239,19.691],[98.494,19.701],[98.761,19.771],[98.917,19.773],[98.987,19.861],[99.021,20.042],[99.197,20.115],[99.338,20.079],[99.502,20.188],[99.459,20.363],[99.639,20.32],[99.89,20.424],[100.122,20.317]]],[[[98.554,11.745],[98.376,11.792],[98.435,11.567],[98.528,11.539],[98.554,11.745]]],[[[93.691,18.684],[93.745,18.866],[93.488,18.868],[93.691,18.684]]],[[[93.715,19.558],[93.644,19.495],[93.756,19.326],[93.902,19.332],[93.946,19.429],[93.715,19.558]]]]},"properties":{"code":"MMR","name":"Myanmar"}},
{"type":"Feature","geometry":{"type":"Polygon","coordinates":[[[30.554,-2.4],[30.408,-2.313],[30.142,-2.414],[29.93,-2.34],[29.868,-2.716],[29.698,-2.795],[29.39,-2.809],[29.297,-2.673],[29.063,-2.603],[29.014,-2.72],[29.017,-2.8],[29.224,-3.054],[29.21,-3.363],[29.223,-3.911],[29.331,-4.095],[29.403,-4.449],[29.718,-4.456],[29.947,-4.307],[30.147,-4.085],[30.269,-3.85],[30.379,-3.731],[30.425,-3.589],[30.79,-3.275],[30.78,-2.985],[30.515,-2.918],[30.424,-2.824],[30.424,-2.642],[30.554,-2.4]]]},"properties":{"code":"BDI","name":"Burundi"}},
{"type":"Feature","geometry":{"type":"Polygon","coordinates":[[[0.9,10.993],[1.062,11.058],[1.146,11.252],[1.317,11.295],[1.427,11.447],[1.6,11.401],[1.858,11.443],[1.98,11.418],[2.287,11.691],[2.389,11.897],[2.091,12.278],[2.204,12.413],[2.212,12.538],[2.074,12.714],[1.956,12.707],[1.79,12.613],[1.565,12.635],[1.097,13.001],[0.987,13.042],[0.973,13.17],[1.018,13.468],[0.978,13.552],[0.618,13.703],[0.429,13.972],[0.355,14.139],[0.383,14.246],[0.164,14.497],[0.217,14.911],[-0.236,15.059],[-0.405,15.013],[-0.537,15.078],[-0.76,15.048],[-1.05,14.82],[-1.205,14.762],[-1.768,14.486],[-1.973,14.457],[-2.057,14.195],[-2.113,14.168],[-2.457,14.274],[-2.587,14.228],[-2.874,13.951],[-2.917,13.679],[-3.039,13.639],[-3.198,13.673],[-3.27,13.577],[-3.302,13.281],[-3.576,13.194],[-3.853,13.374],[-4.051,13.382],[-4.329,13.119],[-4.227,12.794],[-4.481,12.672],[-4.422,12.582],[-4.429,12.338],[-4.587,12.155],[-4.798,12.032],[-5.106,11.968],[-5.288,11.828],[-5.229,11.522],[-5.3,11.206],[-5.49,11.042],[-5.457,10.771],[-5.524,10.426],[-5.382,10.314],[-5.262,10.32],[-5.1,10.242],[-4.97,9.93],[-4.626,9.714],[-4.332,9.646],[-4.267,9.743],[-3.878,9.895],[-3.581,9.924],[-3.224,9.895],[-2.988,9.687],[-2.817,9.426],[-2.696,9.481],[-2.766,9.658],[-2.751,9.91],[-2.783,10.083],[-2.787,10.402],[-2.915,10.592],[-2.83,10.998],[-2.752,10.986],[-1.6,10.998],[-0.701,10.989],[-0.649,10.927],[-0.492,11.008],[-0.299,11.167],[-0.069,11.116],[0.484,10.992],[0.9,10.993]]]},"properties":{"code":"BFA","name":"Burkina Faso"}},
{"type":"Feature","geometry":{"type":"Polygon","coordinates":[[[28.014,41.969],[27.983,42.047],[27.708,42.35],[27.485,42.468],[27.754,42.707],[27.889,42.75],[27.929,43.186],[28.134,43.396],[28.32,43.427],[28.465,43.389],[28.562,43.501],[28.585,43.742],[28.423,43.74],[28.05,43.822],[27.884,43.987],[27.425,44.021],[27.087,44.167],[26.489,44.084],[26.216,44.007],[25.933,43.871],[25.819,43.767],[25.497,43.671],[25.16,43.686],[24.431,43.794],[24.227,43.763],[23.535,43.854],[23.225,43.874],[22.919,43.834],[22.868,43.948],[23.029,44.078],[22.705,44.238],[22.597,44.075],[22.421,44.007],[22.365,43.862],[22.395,43.707],[22.555,43.454],[22.768,43.354],[22.977,43.188],[22.942,43.097],[22.706,42.884],[22.467,42.842],[22.436,42.629],[22.524,42.441],[22.344,42.314],[22.583,42.105],[22.837,41.994],[23.006,41.717],[22.951,41.606],[22.916,41.336],[23.156,41.322],[23.24,41.385],[23.635,41.387],[24.056,41.527],[24.387,41.524],[24.518,41.553],[24.596,41.443],[24.774,41.356],[24.847,41.394],[25.133,41.316],[25.251,41.244],[25.785,41.33],[25.923,41.312],[26.135,41.386],[26.107,41.726],[26.321,41.717],[26.36,41.802],[26.511,41.826],[26.615,41.965],[26.885,41.992],[27.012,42.059],[27.295,42.08],[27.535,41.921],[27.879,41.987],[28.014,41.969]]]},"properties":{"code":"BGR","name":"Bulgaria"}},
{"type":"Feature","geometry":{"type":"MultiPolygon","coordinates":[[[[115.14,4.9],[115.027,4.9],[115.027,4.691],[115.107,4.39],[115.247,4.347],[115.267,4.634],[115.14,4.9]]],[[[115.027,4.9],[114.995,5.022],[114.741,4.881],[114.545,4.725],[114.299,4.607],[114.064,4.593],[114.224,4.478],[114.323,4.263],[114.417,4.256],[114.608,4.024],[114.776,4.169],[114.84,4.393],[114.747,4.718],[115.027,4.9]]]]},"properties":{"code":"BRN","name":"Brunei"}},
{"type":"Feature","geometry":{"type":"MultiPolygon","coordinates":[[[[-66.876,1.223],[-67.094,1.21],[-67.09,1.616],[-67.352,2.086],[-67.5,2.108],[-67.609,2.035],[-67.815,1.79],[-67.99,1.753],[-68.13,1.956],[-68.256,1.846],[-68.177,1.72],[-69.32,1.721],[-69.581,1.771],[-69.849,1.709],[-69.852,1.06],[-69.361,1.064],[-69.259,1.015],[-69.163,0.864],[-69.174,0.635],[-69.283,0.627],[-69.472,0.73],[-69.807,0.607],[-70.054,0.579],[-70.071,-0.139],[-69.923,-0.317],[-69.667,-0.482],[-69.592,-0.639],[-69.621,-0.721],[-69.544,-0.917],[-69.449,-0.999],[-69.4,-1.195],[-69.948,-4.201],[-69.966,-4.236],[-70.053,-4.333],[-70.239,-4.301],[-70.405,-4.15],[-70.8,-4.173],[-70.974,-4.35],[-71.521,-4.47],[-71.845,-4.504],[-72.257,-4.749],[-72.699,-5.067],[-72.887,-5.123],[-72.98,-5.635],[-73.236,-6.098],[-73.135,-6.344],[-73.137,-6.466],[-73.5,-6.679],[-73.758,-6.906],[-73.805,-7.08],[-73.723,-7.263],[-73.749,-7.335],[-73.964,-7.379],[-74.002,-7.556],[-73.822,-7.739],[-73.72,-7.783],[-73.776,-7.936],[-73.61,-8.145],[-73.549,-8.346],[-73.36,-8.479],[-73.302,-8.654],[-73.203,-8.719],[-72.974,-8.993],[-72.97,-9.12],[-73.209,-9.411],[-72.814,-9.41],[-72.379,-9.51],[-72.318,-9.557],[-72.26,-9.774],[-72.173,-9.844],[-72.182,-10.004],[-71.608,-10.006],[-71.238,-9.966],[-70.971,-9.766],[-70.637,-9.478],[-70.567,-9.705],[-70.637,-9.824],[-70.642,-11.01],[-70.533,-10.947],[-70.392,-11.059],[-70.22,-11.048],[-69.96,-10.93],[-69.579,-10.952],[-69.229,-10.956],[-68.848,-11.011],[-68.727,-11.122],[-68.398,-11.019],[-68.267,-10.933],[-68.072,-10.703],[-67.722,-10.683],[-67.582,-10.506],[-67.28,-10.317],[-67.112,-10.269],[-66.73,-9.975],[-66.575,-9.9],[-66.264,-9.826],[-65.707,-9.768],[-65.559,-9.797],[-65.396,-9.712],[-65.309,-9.873],[-65.313,-10.253],[-65.437,-10.449],[-65.44,-10.586],[-65.334,-10.893],[-65.324,-11.025],[-65.39,-11.246],[-65.322,-11.439],[-65.09,-11.741],[-64.993,-11.975],[-64.83,-12.03],[-64.513,-12.251],[-64.421,-12.44],[-63.939,-12.53],[-63.788,-12.469],[-63.586,-12.519],[-63.347,-12.68],[-63.067,-12.669],[-63.015,-12.806],[-62.765,-12.997],[-62.687,-12.994],[-62.353,-13.132],[-62.176,-13.134],[-61.945,-13.406],[-61.79,-13.526],[-61.512,-13.541],[-61.077,-13.49],[-60.507,-13.79],[-60.405,-14.019],[-60.475,-14.185],[-60.299,-14.619],[-60.273,-15.089],[-60.53,-15.143],[-60.242,-15.48],[-60.176,-16.269],[-58.538,-16.328],[-58.346,-16.284],[-58.35,-16.491],[-58.471,-16.65],[-58.46,-16.911],[-58.396,-17.234],[-57.991,-17.513],[-57.832,-17.512],[-57.586,-18.122],[-57.574,-18.279],[-57.783,-18.914],[-57.8,-19.081],[-58.131,-19.745],[-57.861,-19.98],[-58.16,-20.165],[-58.125,-20.293],[-58.002,-20.465],[-57.979,-20.657],[-57.83,-20.998],[-57.873,-21.355],[-57.946,-21.494],[-57.916,-21.699],[-57.986,-22.046],[-57.82,-22.142],[-57.721,-22.099],[-57.569,-22.182],[-57.238,-22.195],[-56.937,-22.271],[-56.633,-22.235],[-56.524,-22.103],[-56.19,-22.281],[-55.849,-22.308],[-55.747,-22.513],[-55.618,-22.671],[-55.654,-22.81],[-55.518,-23.416],[-55.538,-23.581],[-55.459,-23.687],[-55.442,-23.865],[-55.366,-23.991],[-55.194,-24.017],[-54.983,-23.975],[-54.625,-23.812],[-54.242,-24.047],[-54.318,-24.128],[-54.281,-24.306],[-54.313,-24.528],[-54.413,-24.867],[-54.473,-25.22],[-54.611,-25.433],[-54.616,-25.576],[-54.444,-25.625],[-54.155,-25.523],[-53.891,-25.669],[-53.823,-25.96],[-53.671,-26.225],[-53.711,-26.352],[-53.753,-26.749],[-53.717,-26.883],[-53.838,-27.121],[-54.04,-27.244],[-54.205,-27.29],[-54.327,-27.424],[-54.555,-27.454],[-54.829,-27.551],[-54.91,-27.709],[-55.102,-27.867],[-55.346,-27.956],[-55.477,-28.089],[-55.725,-28.204],[-55.687,-28.382],[-55.859,-28.354],[-56.103,-28.652],[-56.322,-28.852],[-56.393,-28.997],[-56.571,-29.138],[-56.772,-29.418],[-56.939,-29.595],[-57.225,-29.782],[-57.405,-30.034],[-57.609,-30.188],[-57.552,-30.261],[-57.214,-30.283],[-57.121,-30.144],[-56.833,-30.107],[-56.176,-30.628],[-55.999,-30.837],[-56.005,-31.079],[-55.874,-31.07],[-55.557,-30.876],[-55.366,-31.046],[-55.255,-31.226],[-54.896,-31.391],[-54.588,-31.485],[-54.37,-31.745],[-54.221,-31.855],[-53.921,-31.952],[-53.762,-32.057],[-53.602,-32.403],[-53.363,-32.581],[-53.231,-32.625],[-53.126,-32.737],[-53.531,-33.171],[-53.538,-33.623],[-53.371,-33.742],[-52.921,-33.402],[-52.652,-33.138],[-52.508,-32.875],[-52.342,-32.44],[-52.127,-32.168],[-52.194,-31.886],[-52.12,-31.695],[-52.027,-31.599],[-51.972,-31.384],[-51.717,-31.244],[-51.464,-31.053],[-51.459,-30.913],[-51.376,-30.847],[-51.359,-30.675],[-51.157,-30.364],[-51.04,-30.261],[-50.932,-30.374],[-50.646,-30.237],[-50.547,-30.317],[-50.582,-30.439],[-50.716,-30.426],[-50.689,-30.704],[-50.77,-30.813],[-50.941,-30.904],[-50.98,-31.094],[-51.161,-31.119],[-51.174,-31.34],[-51.272,-31.477],[-51.446,-31.557],[-51.681,-31.775],[-51.893,-31.868],[-52.063,-31.83],[-52.039,-32.115],[-51.798,-31.9],[-51.46,-31.702],[-51.152,-31.48],[-50.921,-31.258],[-50.62,-30.898],[-50.3,-30.426],[-50.033,-29.801],[-49.746,-29.363],[-49.5,-29.075],[-49.271,-28.871],[-48.8,-28.575],[-48.797,-28.443],[-48.693,-28.31],[-48.621,-28.076],[-48.606,-27.825],[-48.643,-27.558],[-48.554,-27.196],[-48.678,-26.703],[-48.652,-26.406],[-48.748,-26.269],[-48.619,-26.179],[-48.545,-25.816],[-48.401,-25.597],[-48.476,-25.443],[-48.402,-25.272],[-48.186,-25.31],[-47.929,-25.168],[-47.877,-24.997],[-47.592,-24.781],[-47.137,-24.493],[-46.867,-24.236],[-45.972,-23.796],[-45.665,-23.765],[-45.464,-23.803],[-45.423,-23.685],[-45.215,-23.576],[-44.952,-23.381],[-44.667,-23.335],[-44.637,-23.055],[-44.368,-23.005],[-44.148,-23.011],[-43.866,-22.911],[-43.533,-23.046],[-43.224,-22.991],[-43.229,-22.748],[-43.086,-22.723],[-43.081,-22.903],[-42.958,-22.967],[-42.581,-22.941],[-42.042,-22.947],[-41.941,-22.788],[-41.98,-22.581],[-41.706,-22.31],[-41.583,-22.244],[-41.123,-22.084],[-40.988,-21.92],[-41.047,-21.506],[-40.955,-21.238],[-40.789,-20.906],[-40.597,-20.784],[-40.396,-20.569],[-40.299,-20.293],[-40.203,-20.206],[-40.142,-19.968],[-40.001,-19.742],[-39.845,-19.649],[-39.731,-19.454],[-39.7,-19.278],[-39.742,-18.846],[-39.74,-18.64],[-39.651,-18.252],[-39.487,-17.99],[-39.278,-17.849],[-39.154,-17.704],[-39.215,-17.316],[-39.125,-16.764],[-38.881,-15.864],[-38.996,-15.254],[-39.013,-14.936],[-39.06,-14.655],[-38.942,-14.031],[-39.035,-13.991],[-39.041,-13.758],[-39.089,-13.588],[-39.031,-13.365],[-38.835,-13.147],[-38.764,-12.907],[-38.788,-12.783],[-38.691,-12.624],[-38.525,-12.762],[-38.499,-12.957],[-38.402,-12.966],[-38.24,-12.844],[-38.019,-12.591],[-37.689,-12.1],[-37.412,-11.497],[-36.938,-10.82],[-36.768,-10.672],[-36.398,-10.484],[-36.224,-10.225],[-36.055,-10.076],[-35.764,-9.703],[-35.597,-9.541],[-35.341,-9.231],[-35.158,-8.931],[-34.967,-8.408],[-34.835,-7.971],[-34.879,-7.747],[-34.805,-7.288],[-34.834,-7.024],[-34.93,-6.785],[-34.988,-6.394],[-35.095,-6.185],[-35.235,-5.567],[-35.393,-5.251],[-35.549,-5.129],[-35.98,-5.054],[-36.162,-5.094],[-36.591,-5.098],[-36.861,-4.967],[-37.175,-4.912],[-37.301,-4.713],[-37.626,-4.592],[-37.796,-4.404],[-38.049,-4.216],[-38.476,-3.717],[-38.686,-3.654],[-39.014,-3.39],[-39.965,-2.862],[-40.475,-2.796],[-40.876,-2.87],[-41.195,-2.886],[-41.318,-2.936],[-41.64,-2.879],[-41.876,-2.747],[-42,-2.806],[-42.25,-2.792],[-42.594,-2.661],[-42.937,-2.465],[-43.38,-2.376],[-43.455,-2.502],[-43.729,-2.518],[-43.933,-2.583],[-44.193,-2.81],[-44.106,-2.493],[-44.308,-2.535],[-44.438,-2.944],[-44.623,-3.138],[-44.721,-3.142],[-44.589,-2.573],[-44.52,-2.405],[-44.382,-2.366],[-44.435,-2.168],[-44.538,-2.053],[-44.651,-1.746],[-44.79,-1.725],[-45.076,-1.466],[-45.182,-1.507],[-45.282,-1.697],[-45.459,-1.356],[-45.645,-1.348],[-45.779,-1.251],[-45.972,-1.187],[-46.219,-1.031],[-46.422,-1.03],[-46.617,-0.971],[-46.811,-0.78],[-47.127,-0.745],[-47.269,-0.645],[-47.398,-0.627],[-47.651,-0.719],[-47.808,-0.663],[-47.961,-0.77],[-48.115,-0.737],[-48.318,-0.961],[-48.306,-1.04],[-48.45,-1.146],[-48.478,-1.324],[-48.446,-1.52],[-48.71,-1.488],[-48.991,-1.83],[-49.211,-1.917],[-49.408,-2.344],[-49.458,-2.505],[-49.553,-2.52],[-49.314,-1.732],[-49.72,-1.926],[-49.999,-1.832],[-50.26,-1.923],[-50.403,-2.016],[-50.69,-1.762],[-50.679,-1.644],[-50.786,-1.49],[-50.845,-1.226],[-50.918,-1.115],[-50.895,-0.938],[-51.297,-1.224],[-51.646,-1.394],[-51.948,-1.587],[-52.197,-1.64],[-52.31,-1.56],[-52.553,-1.514],[-52.229,-1.362],[-52.02,-1.399],[-51.934,-1.32],[-51.922,-1.181],[-51.721,-1.018],[-51.703,-0.762],[-51.404,-0.393],[-51.283,-0.085],[-51.102,-0.031],[-50.967,0.13],[-50.816,0.173],[-50.582,0.421],[-50.463,0.637],[-50.294,0.836],[-49.899,1.163],[-49.882,1.42],[-49.957,1.66],[-50.188,1.786],[-50.459,1.83],[-50.659,2.131],[-50.79,2.478],[-50.827,2.652],[-51.052,3.282],[-51.076,3.672],[-51.22,4.094],[-51.462,4.314],[-51.653,4.061],[-51.991,3.702],[-52.163,3.365],[-52.328,3.182],[-52.357,3.052],[-52.701,2.364],[-52.965,2.184],[-53.23,2.205],[-53.334,2.34],[-53.509,2.253],[-53.768,2.355],[-54.13,2.121],[-54.515,2.245],[-54.616,2.327],[-54.722,2.442],[-54.852,2.44],[-55.006,2.593],[-55.344,2.489],[-55.385,2.441],[-55.731,2.406],[-55.936,2.517],[-56.129,2.3],[-55.915,2.04],[-55.93,1.888],[-56.02,1.842],[-56.483,1.942],[-56.837,1.881],[-57.038,1.936],[-57.119,2.014],[-57.413,1.909],[-57.594,1.704],[-57.796,1.7],[-57.983,1.648],[-58.035,1.52],[-58.341,1.588],[-58.506,1.439],[-58.512,1.285],[-58.685,1.281],[-58.862,1.204],[-58.969,1.305],[-59.231,1.376],[-59.536,1.7],[-59.667,1.746],[-59.756,1.901],[-59.755,2.274],[-59.89,2.363],[-59.994,2.69],[-59.972,2.99],[-59.831,3.349],[-59.854,3.588],[-59.679,3.7],[-59.551,3.934],[-59.739,4.227],[-59.703,4.381],[-59.833,4.476],[-60.111,4.511],[-60.032,4.741],[-59.991,5.083],[-60.142,5.239],[-60.335,5.199],[-60.742,5.202],[-60.604,4.995],[-60.742,4.774],[-60.906,4.687],[-61.003,4.535],[-61.28,4.517],[-61.479,4.402],[-61.554,4.288],[-62.153,4.098],[-62.411,4.157],[-62.712,4.018],[-62.765,3.673],[-62.969,3.594],[-63.295,3.922],[-63.527,3.894],[-63.653,3.941],[-64.021,3.929],[-64.122,4.067],[-64.256,4.14],[-64.576,4.14],[-64.722,4.274],[-64.818,4.232],[-64.568,3.9],[-64.221,3.587],[-64.219,3.205],[-64.038,2.802],[-64.049,2.525],[-63.924,2.452],[-63.389,2.412],[-63.394,2.223],[-63.844,1.977],[-64.035,1.904],[-64.115,1.619],[-64.304,1.455],[-64.486,1.453],[-64.732,1.253],[-64.818,1.257],[-65.104,1.108],[-65.361,0.869],[-65.473,0.691],[-65.566,0.926],[-65.681,0.983],[-66.06,0.785],[-66.302,0.752],[-66.429,0.822],[-66.876,1.223]]],[[[-49.629,-0.229],[-50.248,-0.116],[-50.462,-0.157],[-50.646,-0.273],[-50.72,-0.583],[-50.771,-0.645],[-50.783,-1.01],[-50.71,-1.078],[-50.76,-1.24],[-50.602,-1.698],[-50.508,-1.788],[-50.109,-1.748],[-50.01,-1.708],[-49.805,-1.79],[-49.588,-1.712],[-49.507,-1.512],[-49.234,-1.6],[-49.087,-1.505],[-48.929,-1.482],[-48.804,-1.327],[-48.84,-1.227],[-48.705,-1.107],[-48.54,-0.801],[-48.38,-0.353],[-48.588,-0.232],[-49.117,-0.164],[-49.629,-0.229]]],[[[-45.26,-23.889],[-45.302,-23.728],[-45.451,-23.896],[-45.26,-23.889]]],[[[-49.738,0.268],[-49.879,0.305],[-50.128,0.227],[-50.273,0.232],[-50.339,0.043],[-50.113,0.033],[-50.002,-0.029],[-49.839,0.007],[-49.697,0.216],[-49.738,0.268]]],[[[-50.299,1.939],[-50.342,2.142],[-50.491,2.129],[-50.456,1.91],[-50.299,1.939]]],[[[-50.653,-0.132],[-50.842,-0.05],[-50.995,-0.105],[-51.038,-0.226],[-50.926,-0.327],[-50.653,-0.132]]],[[[-49.444,-0.112],[-49.4,0.057],[-49.503,0.084],[-49.712,0.015],[-49.709,-0.144],[-49.444,-0.112]]],[[[-50.426,0.139],[-50.332,0.259],[-50.351,0.582],[-50.425,0.558],[-50.452,0.327],[-50.61,0.205],[-50.624,0.054],[-50.444,-0.008],[-50.426,0.139]]],[[[-50.153,0.393],[-50.04,0.523],[-50.113,0.605],[-50.251,0.585],[-50.261,0.359],[-50.153,0.393]]],[[[-51.833,-1.434],[-51.638,-1.342],[-51.276,-1.022],[-51.161,-0.667],[-51.254,-0.541],[-51.424,-0.566],[-51.546,-0.65],[-51.678,-0.855],[-51.68,-1.086],[-51.802,-1.203],[-51.833,-1.434]]],[[[-48.486,-27.767],[-48.378,-27.451],[-48.465,-27.436],[-48.542,-27.575],[-48.486,-27.767]]]]},"properties":{"code":"BRA","name":"Brazil"}},
{"type":"Feature","geometry":{"type":"Polygon","coordinates":[[[25.259,-17.794],[24.909,-17.821],[24.792,-17.865],[24.531,-18.053],[24.359,-17.978],[24.129,-18.078],[23.898,-18.229],[23.7,-18.424],[23.581,-18.453],[23.46,-18.231],[23.299,-18.027],[23.1,-18.01],[22.011,-18.199],[21.233,-18.307],[20.974,-18.319],[20.979,-21.962],[20.971,-22],[19.977,-22],[19.98,-24.777],[20.345,-25.03],[20.473,-25.221],[20.793,-25.916],[20.815,-26.165],[20.627,-26.444],[20.641,-26.742],[20.74,-26.849],[20.871,-26.809],[21.071,-26.852],[21.455,-26.833],[21.646,-26.854],[21.833,-26.678],[22.091,-26.58],[22.218,-26.389],[22.549,-26.178],[22.64,-26.071],[22.879,-25.458],[23.022,-25.324],[23.266,-25.267],[23.521,-25.344],[23.894,-25.601],[24.193,-25.633],[24.331,-25.743],[24.748,-25.817],[24.999,-25.754],[25.213,-25.756],[25.444,-25.714],[25.584,-25.606],[25.852,-24.935],[25.912,-24.747],[26.397,-24.614],[26.618,-24.396],[26.835,-24.241],[26.987,-23.705],[27.146,-23.524],[27.593,-23.253],[27.717,-23.22],[27.891,-23.074],[28.028,-22.874],[28.21,-22.694],[28.382,-22.593],[28.84,-22.481],[29.013,-22.278],[29.13,-22.213],[29.365,-22.194],[29.237,-22.079],[29.107,-22.066],[29.016,-21.94],[29.037,-21.811],[28.532,-21.651],[28.046,-21.573],[27.844,-21.262],[27.669,-21.064],[27.704,-20.766],[27.7,-20.531],[27.625,-20.484],[27.281,-20.479],[27.221,-20.146],[27.092,-20.054],[26.678,-19.893],[26.241,-19.569],[26.168,-19.538],[25.951,-19.082],[25.939,-18.939],[25.812,-18.797],[25.761,-18.649],[25.489,-18.351],[25.384,-18.142],[25.224,-17.915],[25.259,-17.794]]]},"properties":{"code":"BWA","name":"Botswana"}},
{"type":"Feature","geometry":{"type":"Polygon","coordinates":[[[19.194,43.533],[19.254,43.584],[19.451,43.562],[19.488,43.704],[19.257,43.943],[19.305,43.993],[19.55,43.987],[19.584,44.043],[19.339,44.226],[19.152,44.303],[19.151,44.527],[19.292,44.697],[19.357,44.859],[19.237,44.914],[19.007,44.869],[18.836,44.883],[18.663,45.077],[18.285,45.134],[17.996,45.142],[17.813,45.078],[17.69,45.158],[17.546,45.123],[17.125,45.172],[16.919,45.277],[16.791,45.197],[16.531,45.217],[16.293,45.009],[16.028,45.19],[15.788,45.179],[15.737,44.766],[16.13,44.474],[16.214,44.215],[16.591,43.913],[16.713,43.779],[17.085,43.517],[17.274,43.446],[17.293,43.306],[17.625,43.043],[17.585,42.938],[17.668,42.897],[17.841,42.845],[18.304,42.599],[18.436,42.56],[18.543,42.674],[18.466,42.777],[18.444,42.968],[18.624,43.028],[18.674,43.231],[18.851,43.346],[19.037,43.357],[18.94,43.497],[19.194,43.533]]]},"properties":{"code":"BIH","name":"Bosnia and Herzegovina"}},
{"type":"Feature","geometry":{"type":"Polygon","coordinates":[[[-69.511,-17.506],[-69.495,-17.62],[-69.358,-17.772],[-69.313,-17.943],[-69.094,-18.05],[-69.145,-18.144],[-69.092,-18.282],[-68.968,-18.968],[-68.858,-19.093],[-68.463,-19.433],[-68.698,-19.721],[-68.578,-19.857],[-68.6,-20.045],[-68.727,-20.07],[-68.689,-20.31],[-68.745,-20.459],[-68.5,-20.612],[-68.563,-20.72],[-68.534,-20.924],[-68.435,-20.948],[-68.197,-21.3],[-68.186,-21.619],[-68.112,-21.753],[-68.077,-21.983],[-67.988,-22.057],[-67.95,-22.334],[-67.882,-22.493],[-67.879,-22.823],[-67.794,-22.879],[-67.58,-22.892],[-67.195,-22.822],[-66.991,-22.51],[-66.8,-22.41],[-66.712,-22.216],[-66.365,-22.114],[-66.248,-21.83],[-66.099,-21.835],[-65.771,-22.1],[-65.058,-22.103],[-64.606,-22.229],[-64.524,-22.372],[-64.374,-22.761],[-64.266,-22.603],[-63.976,-22.073],[-63.819,-22.005],[-62.843,-21.997],[-62.651,-22.234],[-62.277,-21.066],[-62.276,-20.562],[-61.917,-20.055],[-61.757,-19.645],[-61.512,-19.606],[-60.007,-19.298],[-59.091,-19.286],[-58.18,-19.818],[-58.14,-19.999],[-58.16,-20.165],[-57.861,-19.98],[-58.131,-19.745],[-57.8,-19.081],[-57.783,-18.914],[-57.574,-18.279],[-57.586,-18.122],[-57.832,-17.512],[-57.991,-17.513],[-58.396,-17.234],[-58.46,-16.911],[-58.471,-16.65],[-58.35,-16.491],[-58.346,-16.284],[-58.538,-16.328],[-60.176,-16.269],[-60.242,-15.48],[-60.53,-15.143],[-60.273,-15.089],[-60.299,-14.619],[-60.475,-14.185],[-60.405,-14.019],[-60.507,-13.79],[-61.077,-13.49],[-61.512,-13.541],[-61.79,-13.526],[-61.945,-13.406],[-62.176,-13.134],[-62.353,-13.132],[-62.687,-12.994],[-62.765,-12.997],[-63.015,-12.806],[-63.067,-12.669],[-63.347,-12.68],[-63.586,-12.519],[-63.788,-12.469],[-63.939,-12.53],[-64.421,-12.44],[-64.513,-12.251],[-64.83,-12.03],[-64.993,-11.975],[-65.09,-11.741],[-65.322,-11.439],[-65.39,-11.246],[-65.324,-11.025],[-65.334,-10.893],[-65.44,-10.586],[-65.437,-10.449],[-65.313,-10.253],[-65.309,-9.873],[-65.396,-9.712],[-65.559,-9.797],[-65.707,-9.768],[-66.264,-9.826],[-66.575,-9.9],[-66.73,-9.975],[-67.112,-10.269],[-67.28,-10.317],[-67.582,-10.506],[-67.722,-10.683],[-68.072,-10.703],[-68.267,-10.933],[-68.398,-11.019],[-68.727,-11.122],[-68.848,-11.011],[-69.229,-10.956],[-69.579,-10.952],[-68.685,-12.502],[-68.759,-12.687],[-68.979,-12.88],[-68.983,-13.496],[-69.074,-13.683],[-68.88,-14.199],[-69.004,-14.265],[-69.013,-14.377],[-69.235,-14.597],[-69.359,-14.795],[-69.375,-14.963],[-69.172,-15.237],[-69.419,-15.603],[-69.392,-15.737],[-69.218,-16.149],[-69.134,-16.222],[-68.913,-16.262],[-68.858,-16.355],[-69.006,-16.434],[-69.021,-16.642],[-69.2,-16.768],[-69.438,-17.088],[-69.625,-17.2],[-69.522,-17.389],[-69.511,-17.506]]]},"properties":{"code":"BOL","name":"Bolivia"}},
{"type":"Feature","geometry":{"type":"Polygon","coordinates":[[[91.632,27.76],[91.606,27.952],[91.226,28.071],[91.078,27.974],[90.716,28.072],[90.353,28.08],[90.348,28.244],[89.981,28.311],[89.537,28.107],[89.16,27.711],[89.102,27.593],[88.948,27.464],[88.891,27.316],[88.739,27.176],[88.858,26.961],[89.148,26.816],[89.332,26.849],[89.764,26.702],[90.123,26.755],[90.346,26.89],[90.56,26.797],[90.74,26.772],[91.134,26.803],[91.287,26.79],[91.427,26.867],[91.672,26.802],[91.998,26.855],[92.073,26.915],[91.992,27.1],[92.083,27.291],[91.991,27.45],[91.743,27.443],[91.595,27.558],[91.632,27.76]]]},"properties":{"code":"BTN","name":"Bhutan"}},
{"type":"Feature","geometry":{"type":"Polygon","coordinates":[[[1.623,6.217],[2.287,6.328],[2.706,6.369],[2.775,6.712],[2.721,6.98],[2.757,7.068],[2.75,7.395],[2.686,7.874],[2.733,8.783],[2.775,9.049],[3.045,9.084],[3.148,9.321],[3.136,9.452],[3.329,9.667],[3.325,9.778],[3.557,9.907],[3.646,10.16],[3.577,10.268],[3.68,10.428],[3.784,10.436],[3.834,10.607],[3.757,10.769],[3.716,11.08],[3.488,11.395],[3.491,11.499],[3.595,11.696],[3.36,11.88],[3.15,12.118],[2.878,12.368],[2.366,12.222],[2.413,11.999],[2.389,11.897],[2.287,11.691],[1.98,11.418],[1.858,11.443],[1.6,11.401],[1.427,11.447],[1.317,11.295],[1.146,11.252],[1.062,11.058],[0.9,10.993],[0.788,10.71],[0.78,10.36],[1.33,9.997],[1.347,9.568],[1.424,9.285],[1.6,9.05],[1.625,8.271],[1.625,6.997],[1.578,6.687],[1.743,6.426],[1.778,6.295],[1.623,6.217]]]},"properties":{"code":"BEN","name":"Benin"}},
{"type":"Feature","geometry":{"type":"Polygon","coordinates":[[[-89.161,17.815],[-89.237,15.894],[-88.894,15.891],[-88.879,16.017],[-88.695,16.248],[-88.562,16.29],[-88.313,16.633],[-88.262,16.963],[-88.294,17.192],[-88.203,17.517],[-88.272,17.61],[-88.097,18.122],[-88.13,18.351],[-88.349,18.359],[-88.296,18.472],[-88.523,18.446],[-88.586,18.291],[-88.806,17.966],[-88.898,17.915],[-89.05,18],[-89.134,17.971],[-89.161,17.815]]]},"properties":{"code":"BLZ","name":"Belize"}},
{"type":"Feature","geometry":{"type":"Polygon","coordinates":[[[4.226,51.386],[4.173,51.307],[3.902,51.208],[3.58,51.286],[3.472,51.242],[3.35,51.378],[2.96,51.265],[2.525,51.097],[2.597,50.876],[2.84,50.712],[3.107,50.779],[3.235,50.663],[3.273,50.532],[3.627,50.457],[3.748,50.344],[4.044,50.321],[4.175,50.246],[4.176,49.96],[4.545,49.96],[4.707,50.097],[4.868,49.788],[5.007,49.778],[5.279,49.678],[5.507,49.511],[5.79,49.538],[5.88,49.645],[5.725,49.808],[5.744,49.92],[5.976,50.167],[6.117,50.121],[6.175,50.233],[6.364,50.316],[6.341,50.452],[6.236,50.597],[5.994,50.75],[5.694,50.775],[5.827,51.126],[5.477,51.285],[5.311,51.26],[5.1,51.346],[5.031,51.469],[4.848,51.403],[4.756,51.491],[4.634,51.422],[4.503,51.475],[4.226,51.386]]]},"properties":{"code":"BEL","name":"Belgium"}},
{"type":"Feature","geometry":{"type":"Polygon","coordinates":[[[31.763,52.101],[31.577,52.312],[31.586,52.532],[31.526,52.633],[31.535,52.798],[31.259,53.017],[31.418,53.196],[31.668,53.201],[31.85,53.106],[32.142,53.091],[32.426,53.211],[32.469,53.27],[32.704,53.336],[32.686,53.448],[32.47,53.547],[32.45,53.693],[32.2,53.781],[31.754,53.81],[31.838,54.001],[31.792,54.056],[31.404,54.196],[31.185,54.453],[31.075,54.492],[31.121,54.648],[30.799,54.783],[30.83,54.915],[30.978,55.05],[30.814,55.279],[30.901,55.397],[30.907,55.57],[30.626,55.666],[30.456,55.787],[30.234,55.845],[29.937,55.845],[29.482,55.685],[29.353,55.784],[29.375,55.939],[29.087,56.021],[28.795,55.943],[28.564,56.092],[28.284,56.056],[28.148,56.143],[27.896,56.076],[27.642,55.912],[27.577,55.799],[27.053,55.831],[26.822,55.709],[26.594,55.668],[26.458,55.342],[26.681,55.306],[26.601,55.13],[26.292,55.14],[26.175,55.003],[25.859,54.919],[25.722,54.718],[25.725,54.564],[25.547,54.332],[25.703,54.293],[25.749,54.157],[25.573,54.14],[25.461,54.293],[25.179,54.214],[25.046,54.133],[24.87,54.145],[24.768,53.975],[24.621,53.98],[24.318,53.893],[24.191,53.95],[23.734,53.912],[23.485,53.94],[23.599,53.599],[23.789,53.271],[23.887,53.028],[23.915,52.77],[23.845,52.664],[23.48,52.552],[23.204,52.338],[23.197,52.257],[23.458,52.17],[23.652,52.04],[23.626,51.809],[23.545,51.71],[23.605,51.518],[23.707,51.641],[23.951,51.585],[24.127,51.665],[24.362,51.868],[25.267,51.938],[25.925,51.914],[26.453,51.813],[26.953,51.754],[27.142,51.752],[27.27,51.614],[27.601,51.602],[27.741,51.483],[27.859,51.592],[28.011,51.56],[28.184,51.608],[28.599,51.543],[28.731,51.433],[28.793,51.51],[29.136,51.617],[29.346,51.383],[29.553,51.435],[30.161,51.478],[30.333,51.326],[30.545,51.265],[30.633,51.355],[30.533,51.596],[30.667,51.814],[30.981,52.046],[31.218,52.05],[31.346,52.105],[31.763,52.101]]]},"properties":{"code":"BLR","name":"Belarus"}},
{"type":"Feature","geometry":{"type":"Polygon","coordinates":[[[-59.493,13.082],[-59.428,13.153],[-59.592,13.318],[-59.611,13.102],[-59.493,13.082]]]},"properties":{"code":"BRB","name":"Barbados"}},
{"type":"Feature","geometry":{"type":"MultiPolygon","coordinates":[[[[89.051,22.093],[89.094,21.873],[89.234,21.722],[89.354,21.721],[89.452,21.821],[89.569,21.767],[89.812,21.983],[90.088,22.017],[90.071,21.887],[90.231,21.83],[90.356,22.048],[90.589,22.258],[90.596,22.436],[90.487,22.589],[90.435,22.752],[90.466,23.054],[90.595,23.134],[90.591,23.266],[90.408,23.432],[90.616,23.442],[90.656,23.273],[90.634,23.094],[90.827,22.721],[90.946,22.597],[91.151,22.614],[91.41,22.797],[91.482,22.797],[91.693,22.505],[91.85,22.157],[91.913,21.883],[92.008,21.685],[92.056,21.175],[92.324,20.792],[92.18,21.293],[92.331,21.44],[92.539,21.32],[92.593,21.467],[92.575,21.978],[92.491,22.685],[92.362,22.929],[92.334,23.324],[92.246,23.684],[92.152,23.722],[91.93,23.686],[91.938,23.505],[91.754,23.287],[91.774,23.106],[91.62,22.98],[91.511,23.034],[91.436,23.2],[91.315,23.104],[91.16,23.661],[91.232,23.92],[91.367,24.094],[91.526,24.091],[91.669,24.19],[91.877,24.195],[91.952,24.357],[92.064,24.374],[92.198,24.686],[92.251,24.895],[92.443,24.849],[92.468,24.944],[92.205,25.111],[92.05,25.169],[91.48,25.142],[91.293,25.178],[90.439,25.158],[90.25,25.185],[89.814,25.305],[89.823,25.941],[89.71,26.171],[89.619,26.216],[89.55,26.005],[89.289,26.038],[89.108,26.202],[88.683,26.292],[88.681,26.353],[88.418,26.572],[88.346,26.505],[88.44,26.369],[88.151,26.087],[88.085,25.888],[88.253,25.79],[88.452,25.574],[88.593,25.495],[88.769,25.49],[88.82,25.366],[88.944,25.291],[88.89,25.194],[88.748,25.169],[88.456,25.188],[88.313,24.882],[88.15,24.915],[88.023,24.628],[88.146,24.486],[88.287,24.48],[88.397,24.389],[88.642,24.326],[88.734,24.231],[88.7,24.003],[88.567,23.674],[88.741,23.437],[88.724,23.255],[88.928,23.187],[88.851,23.041],[88.921,22.632],[89.05,22.275],[89.051,22.093]]],[[[91.151,22.175],[91.178,22.283],[91.079,22.52],[91.045,22.105],[91.151,22.175]]],[[[90.778,22.089],[90.83,22.16],[90.868,22.485],[90.737,22.639],[90.672,22.813],[90.503,22.835],[90.565,22.618],[90.649,22.541],[90.68,22.327],[90.515,22.065],[90.778,22.089]]]]},"properties":{"code":"BGD","name":"Bangladesh"}},
{"type":"Feature","geometry":{"type":"Polygon","coordinates":[[[50.607,25.883],[50.61,26.124],[50.452,26.191],[50.466,25.966],[50.607,25.883]]]},"properties":{"code":"BHR","name":"Bahrain"}},
{"type":"Feature","geometry":{"type":"MultiPolygon","coordinates":[[[[-77.658,24.249],[-77.701,24.288],[-78,24.22],[-77.852,24.04],[-77.771,23.753],[-77.574,23.739],[-77.519,23.869],[-77.562,24.137],[-77.658,24.249]]],[[[-77.226,25.904],[-77.167,26.24],[-77.038,26.333],[-77.066,26.53],[-77.206,26.489],[-77.247,26.156],[-77.333,25.996],[-77.226,25.904]]],[[[-73.027,21.192],[-73.235,21.154],[-73.523,21.191],[-73.68,21.103],[-73.661,20.937],[-73.165,20.979],[-73.027,21.192]]],[[[-77.744,24.707],[-77.84,24.794],[-78.033,25.143],[-78.211,25.191],[-78.159,25.022],[-78.299,24.754],[-78.243,24.654],[-78.367,24.544],[-78.192,24.466],[-78.045,24.287],[-77.745,24.463],[-77.744,24.707]]],[[[-78.493,26.729],[-78.597,26.798],[-78.671,26.507],[-78.234,26.637],[-77.926,26.663],[-77.944,26.744],[-78.372,26.698],[-78.493,26.729]]]]},"properties":{"code":"BHS","name":"The Bahamas"}},
{"type":"Feature","geometry":{"type":"MultiPolygon","coordinates":[[[[44.817,39.65],[45.141,39.254],[45.48,39.006],[46.114,38.878],[45.952,39.178],[45.977,39.244],[45.766,39.378],[45.75,39.563],[45.457,39.494],[45.149,39.657],[45.032,39.765],[44.768,39.704],[44.817,39.65]]],[[[48.869,38.435],[48.851,38.815],[49.013,39.134],[49.2,39.073],[49.269,39.285],[49.363,39.35],[49.324,39.608],[49.477,40.087],[49.551,40.194],[49.919,40.316],[50.143,40.323],[50.366,40.279],[50.307,40.412],[49.991,40.577],[49.776,40.584],[49.556,40.716],[49.226,41.026],[49.107,41.302],[48.824,41.63],[48.573,41.844],[48.391,41.602],[48.056,41.459],[47.861,41.213],[47.521,41.229],[47.261,41.315],[47.205,41.456],[47.01,41.588],[46.749,41.813],[46.571,41.8],[46.43,41.891],[46.182,41.657],[46.305,41.508],[46.619,41.344],[46.626,41.16],[46.458,41.07],[46.171,41.198],[46.031,41.167],[45.793,41.224],[45.716,41.338],[45.281,41.45],[45.001,41.291],[45.273,41.006],[45.369,41.005],[45.588,40.847],[45.376,40.638],[45.57,40.417],[45.965,40.234],[45.79,39.881],[46.202,39.594],[46.322,39.617],[46.481,39.555],[46.378,39.382],[46.55,39.201],[46.49,39.069],[46.491,38.907],[46.555,38.904],[46.853,39.148],[46.989,39.18],[47.188,39.341],[47.773,39.649],[47.996,39.684],[48.322,39.399],[48.136,39.312],[48.125,39.172],[48.274,39.099],[48.242,38.979],[48.05,38.935],[48.023,38.819],[48.417,38.586],[48.593,38.411],[48.869,38.435]]]]},"properties":{"code":"AZE","name":"Azerbaijan"}},
{"type":"Feature","geometry":{"type":"Polygon","coordinates":[[[9.528,47.271],[9.58,47.057],[9.845,47.007],[9.997,46.885],[10.18,46.862],[10.349,46.985],[10.453,46.865],[10.689,46.846],[10.76,46.793],[11.025,46.797],[11.134,46.936],[11.244,46.976],[11.776,46.986],[12.169,47.082],[12.131,46.985],[12.388,46.703],[12.479,46.673],[13.169,46.573],[13.7,46.52],[14.504,46.417],[14.757,46.499],[15.001,46.626],[15.439,46.63],[15.767,46.711],[15.958,46.678],[15.977,46.801],[16.093,46.863],[16.253,46.972],[16.453,47.007],[16.493,47.123],[16.443,47.4],[16.623,47.448],[16.64,47.609],[16.748,47.686],[17.067,47.708],[17.03,47.837],[17.147,48.006],[16.973,48.198],[16.865,48.387],[16.953,48.599],[16.884,48.704],[16.478,48.8],[16.367,48.739],[16.057,48.755],[15.825,48.864],[15.701,48.86],[15.311,48.974],[15.162,48.946],[14.972,48.984],[14.923,48.771],[14.822,48.774],[14.691,48.599],[14.489,48.626],[14.368,48.576],[14.049,48.602],[13.989,48.692],[13.815,48.767],[13.785,48.587],[13.675,48.523],[13.487,48.582],[13.409,48.394],[13.323,48.331],[13.082,48.275],[12.814,48.161],[12.76,48.076],[12.954,47.891],[12.898,47.722],[13.034,47.699],[13.014,47.478],[12.879,47.506],[12.686,47.669],[12.483,47.637],[12.209,47.718],[12.186,47.62],[11.717,47.583],[11.393,47.487],[11.298,47.425],[10.981,47.398],[10.873,47.52],[10.43,47.541],[10.313,47.313],[10.096,47.38],[10.034,47.474],[9.749,47.576],[9.524,47.524],[9.626,47.467],[9.528,47.271]]]},"properties":{"code":"AUT","name":"Austria"}},
{"type":"Feature","geometry":{"type":"MultiPolygon","coordinates":[[[[143.179,-11.954],[142.988,-11.919],[142.873,-11.821],[142.837,-11.307],[142.723,-11.01],[142.553,-10.874],[142.605,-10.748],[142.456,-10.707],[142.326,-10.884],[142.168,-10.947],[142.139,-11.273],[141.952,-11.896],[141.806,-12.08],[141.689,-12.351],[141.678,-12.491],[141.852,-12.579],[141.93,-12.74],[141.782,-12.779],[141.614,-12.943],[141.645,-13.259],[141.473,-13.798],[141.481,-13.927],[141.594,-14.153],[141.523,-14.47],[141.625,-15.057],[141.452,-15.605],[141.393,-15.905],[141.412,-16.07],[141.219,-16.646],[140.966,-17.015],[140.83,-17.414],[140.511,-17.625],[140.21,-17.704],[140.036,-17.703],[139.69,-17.541],[139.441,-17.381],[139.248,-17.329],[139.11,-17.014],[139.01,-16.899],[138.626,-16.778],[138.506,-16.79],[138.245,-16.718],[137.913,-16.477],[137.704,-16.233],[137.299,-16.066],[137.002,-15.878],[136.785,-15.894],[136.584,-15.707],[136.291,-15.57],[136.205,-15.403],[135.833,-15.16],[135.531,-15],[135.405,-14.758],[135.745,-14.287],[135.883,-14.153],[135.99,-13.81],[135.929,-13.622],[135.927,-13.304],[136.294,-13.138],[136.461,-13.225],[136.594,-13.004],[136.537,-12.784],[136.947,-12.35],[136.897,-12.244],[136.719,-12.226],[136.61,-12.134],[136.54,-11.958],[136.443,-11.951],[136.27,-12.132],[136.329,-12.306],[136.261,-12.434],[136.082,-12.422],[136.008,-12.191],[135.938,-12.152],[135.744,-12.242],[135.703,-12.152],[135.889,-11.993],[135.788,-11.907],[135.549,-12.061],[135.218,-12.222],[135.03,-12.194],[134.73,-11.984],[134.538,-12.061],[134.237,-12.008],[133.904,-11.832],[133.533,-11.816],[133.356,-11.728],[133.185,-11.706],[133.025,-11.453],[132.857,-11.391],[132.683,-11.506],[132.557,-11.367],[132.263,-11.204],[132.198,-11.305],[131.962,-11.181],[131.812,-11.271],[132.134,-11.501],[132.278,-11.468],[132.475,-11.492],[132.674,-11.649],[132.584,-12.11],[132.372,-12.239],[132.253,-12.186],[132.064,-12.281],[131.888,-12.232],[131.726,-12.278],[131.438,-12.277],[131.22,-12.178],[131.046,-12.19],[131.023,-12.343],[130.874,-12.367],[130.867,-12.558],[130.672,-12.407],[130.61,-12.491],[130.617,-12.647],[130.4,-12.688],[130.318,-12.883],[130.168,-12.957],[130.135,-13.146],[130.26,-13.302],[130.136,-13.448],[129.839,-13.573],[129.71,-13.98],[129.459,-14.213],[129.379,-14.392],[129.608,-14.56],[129.605,-14.647],[129.754,-14.79],[129.637,-14.851],[129.567,-15.047],[129.459,-14.933],[129.268,-14.871],[129.238,-15.08],[129.058,-14.884],[128.636,-14.781],[128.477,-14.788],[128.175,-15.043],[128.199,-14.752],[127.888,-14.485],[127.673,-14.195],[127.293,-13.935],[127.099,-13.867],[126.903,-13.744],[126.776,-13.788],[126.781,-13.955],[126.57,-14.161],[126.403,-14.019],[126.258,-14.164],[126.111,-14.114],[126.017,-14.371],[126.021,-14.495],[125.85,-14.597],[125.82,-14.469],[125.681,-14.388],[125.436,-14.557],[125.335,-14.558],[125.179,-14.715],[125.243,-14.945],[125.384,-15.016],[125.356,-15.12],[125.073,-15.032],[124.839,-15.161],[124.909,-15.31],[125.073,-15.307],[125.063,-15.442],[124.75,-15.285],[124.562,-15.496],[124.44,-15.494],[124.382,-15.758],[124.577,-16.114],[124.435,-16.104],[124.388,-16.203],[124.454,-16.335],[124.3,-16.388],[124.13,-16.279],[123.961,-16.287],[123.859,-16.382],[123.729,-16.192],[123.646,-16.343],[123.49,-16.491],[123.778,-16.868],[123.874,-16.919],[123.799,-17.127],[123.664,-17.023],[123.586,-17.083],[123.608,-17.22],[123.525,-17.486],[123.383,-17.293],[123.266,-17.037],[123.142,-16.863],[122.971,-16.437],[122.917,-16.433],[122.72,-16.788],[122.432,-16.97],[122.261,-17.136],[122.16,-17.314],[122.147,-17.549],[122.237,-17.969],[122.361,-18.037],[122.006,-18.394],[121.834,-18.477],[121.631,-18.817],[121.494,-19.106],[121.18,-19.478],[120.878,-19.665],[120.434,-19.842],[120.196,-19.909],[119.768,-19.958],[119.586,-20.038],[119.104,-19.995],[118.751,-20.262],[118.199,-20.375],[117.684,-20.643],[117.406,-20.721],[117.139,-20.641],[116.707,-20.654],[116.011,-21.03],[115.456,-21.492],[115.162,-21.631],[114.859,-21.736],[114.603,-21.942],[114.378,-22.342],[114.142,-22.483],[114.164,-22.323],[114.093,-22.181],[114.143,-21.91],[113.958,-21.939],[113.683,-22.638],[113.768,-22.813],[113.795,-23.024],[113.757,-23.418],[113.553,-23.733],[113.421,-24.132],[113.418,-24.436],[113.569,-24.693],[113.671,-24.977],[113.993,-25.545],[114.214,-25.852],[114.216,-26.289],[114.09,-26.394],[113.942,-26.259],[113.88,-26.028],[113.766,-26.16],[113.692,-26.092],[113.713,-25.831],[113.539,-25.625],[113.395,-25.713],[113.513,-25.898],[113.589,-26.099],[113.853,-26.332],[113.836,-26.501],[113.734,-26.595],[113.582,-26.558],[113.389,-26.106],[113.231,-26.241],[113.333,-26.417],[113.709,-26.848],[114.028,-27.347],[114.098,-27.544],[114.133,-27.976],[114.165,-28.081],[114.537,-28.543],[114.628,-28.872],[114.857,-29.143],[114.959,-29.434],[114.942,-29.722],[114.995,-30.216],[115.078,-30.56],[115.177,-30.808],[115.294,-30.962],[115.455,-31.303],[115.698,-31.695],[115.738,-31.888],[115.708,-32.568],[115.619,-32.667],[115.683,-33.193],[115.515,-33.531],[115.359,-33.64],[115.182,-33.643],[114.994,-33.515],[114.973,-34.051],[115.009,-34.256],[115.128,-34.342],[115.278,-34.304],[115.726,-34.526],[115.987,-34.795],[116.517,-34.988],[117.144,-35.034],[117.582,-35.098],[118.136,-34.987],[118.895,-34.48],[119.248,-34.456],[119.451,-34.368],[119.635,-34.101],[119.854,-33.975],[120.209,-33.935],[120.418,-33.963],[120.815,-33.871],[121.405,-33.827],[122.061,-33.874],[122.151,-33.992],[122.778,-33.891],[123.068,-33.901],[123.208,-33.988],[123.365,-33.905],[123.507,-33.916],[123.65,-33.836],[123.868,-33.596],[124.126,-33.129],[124.373,-32.958],[124.759,-32.883],[125.267,-32.614],[125.567,-32.506],[125.917,-32.297],[126.137,-32.257],[126.779,-32.311],[127.32,-32.264],[127.678,-32.151],[128.068,-32.067],[128.546,-31.888],[128.946,-31.703],[129.188,-31.66],[130.13,-31.579],[130.783,-31.604],[131.144,-31.496],[131.393,-31.549],[131.721,-31.696],[132.215,-32.007],[132.324,-32.02],[132.649,-31.949],[132.757,-31.956],[133.212,-32.184],[133.551,-32.183],[133.787,-32.269],[133.93,-32.412],[134.234,-32.549],[134.227,-32.731],[134.1,-32.749],[134.174,-32.979],[134.301,-33.165],[134.608,-33.19],[134.791,-33.328],[134.889,-33.626],[135.185,-33.907],[135.45,-34.581],[135.231,-34.58],[135.481,-34.758],[135.648,-34.94],[135.792,-34.863],[135.999,-34.944],[135.891,-34.661],[136.121,-34.429],[136.431,-34.03],[136.636,-33.897],[137.237,-33.629],[137.354,-33.43],[137.442,-33.194],[137.68,-32.978],[137.791,-32.823],[137.913,-32.771],[137.993,-33.094],[137.852,-33.201],[137.932,-33.579],[137.65,-33.859],[137.494,-34.161],[137.459,-34.379],[137.493,-34.598],[137.391,-34.913],[137.014,-34.916],[136.884,-35.24],[137.144,-35.236],[137.46,-35.131],[137.692,-35.143],[137.874,-34.727],[137.919,-34.456],[138.089,-34.17],[138.49,-34.764],[138.511,-35.024],[138.4,-35.326],[138.184,-35.613],[138.522,-35.642],[138.915,-35.489],[139.193,-35.347],[139.283,-35.375],[139.038,-35.689],[139.245,-35.827],[139.549,-36.097],[139.729,-36.371],[139.857,-36.662],[139.738,-37.06],[139.784,-37.246],[139.875,-37.352],[140.212,-37.642],[140.39,-37.897],[140.627,-38.028],[141.011,-38.077],[141.214,-38.172],[141.424,-38.363],[141.594,-38.388],[141.725,-38.271],[141.925,-38.284],[142.188,-38.399],[142.345,-38.372],[142.612,-38.452],[142.84,-38.581],[143.083,-38.646],[143.226,-38.743],[143.539,-38.821],[143.812,-38.699],[144.102,-38.462],[144.665,-38.21],[144.538,-38.077],[144.891,-37.9],[145.12,-38.091],[145.067,-38.205],[144.911,-38.344],[144.96,-38.501],[145.191,-38.384],[145.293,-38.238],[145.476,-38.244],[145.542,-38.394],[145.397,-38.535],[145.606,-38.657],[145.791,-38.667],[145.935,-38.902],[146.158,-38.866],[146.4,-39.146],[146.484,-39.065],[146.467,-38.84],[146.337,-38.894],[146.216,-38.783],[146.293,-38.7],[146.436,-38.712],[146.857,-38.663],[147.396,-38.219],[147.631,-38.056],[147.877,-37.934],[148.263,-37.831],[148.944,-37.788],[149.298,-37.802],[149.565,-37.73],[149.809,-37.548],[149.933,-37.529],[149.986,-37.258],[149.951,-37.08],[149.96,-36.846],[150.063,-36.55],[150.129,-36.12],[150.195,-35.834],[150.374,-35.584],[150.567,-35.214],[150.69,-35.178],[150.697,-35.042],[150.781,-34.892],[150.871,-34.499],[150.96,-34.297],[151.232,-34.03],[151.323,-33.699],[151.292,-33.581],[151.432,-33.522],[151.484,-33.347],[151.813,-32.901],[152.164,-32.757],[152.247,-32.609],[152.47,-32.439],[152.545,-32.243],[152.559,-32.046],[152.786,-31.786],[152.944,-31.435],[153.048,-30.907],[153.031,-30.563],[153.272,-29.892],[153.347,-29.497],[153.348,-29.29],[153.462,-29.05],[153.605,-28.854],[153.617,-28.673],[153.569,-28.533],[153.576,-28.241],[153.455,-28.048],[153.386,-27.769],[153.198,-27.405],[153.117,-27.194],[153.162,-26.983],[153.084,-26.304],[153.165,-25.964],[153.028,-25.87],[152.921,-25.689],[152.913,-25.432],[152.789,-25.274],[152.654,-25.202],[152.502,-24.964],[152.456,-24.802],[152.13,-24.598],[151.903,-24.201],[151.691,-24.038],[151.501,-24.012],[151.236,-23.825],[150.843,-23.458],[150.783,-23.177],[150.764,-22.576],[150.672,-22.418],[150.569,-22.384],[150.541,-22.559],[150.235,-22.373],[150.076,-22.164],[149.942,-22.308],[149.704,-22.441],[149.596,-22.258],[149.46,-21.765],[149.454,-21.579],[149.329,-21.476],[149.205,-21.125],[149.061,-20.961],[148.789,-20.736],[148.684,-20.58],[148.73,-20.468],[148.885,-20.481],[148.759,-20.29],[148.6,-20.145],[148.367,-20.087],[148.081,-19.899],[147.916,-19.869],[147.742,-19.77],[147.586,-19.623],[147.419,-19.378],[147.139,-19.393],[147.003,-19.256],[146.829,-19.236],[146.481,-19.079],[146.297,-18.841],[146.333,-18.554],[146.223,-18.51],[146.032,-18.273],[146.126,-17.635],[146.05,-17.381],[145.902,-17.07],[145.912,-16.912],[145.755,-16.879],[145.55,-16.625],[145.426,-16.406],[145.458,-16.056],[145.375,-15.881],[145.272,-15.477],[145.293,-15.327],[145.252,-15.097],[145.288,-14.943],[144.648,-14.492],[144.473,-14.232],[144.21,-14.302],[143.962,-14.463],[143.756,-14.349],[143.643,-13.964],[143.548,-13.741],[143.587,-13.444],[143.529,-13.304],[143.512,-13.095],[143.402,-12.64],[143.254,-12.398],[143.11,-12.304],[143.105,-12.17],[143.179,-11.954]]],[[[153.077,-25.751],[153.141,-25.513],[153.35,-25.063],[153.282,-24.738],[153.181,-24.765],[153.242,-24.923],[153.189,-25.071],[153.038,-25.193],[153.061,-25.302],[152.977,-25.551],[153.077,-25.751]]],[[[139.508,-16.573],[139.698,-16.515],[139.588,-16.395],[139.293,-16.467],[139.163,-16.626],[139.16,-16.742],[139.431,-16.661],[139.508,-16.573]]],[[[136.715,-13.804],[136.656,-13.676],[136.425,-13.865],[136.428,-14.126],[136.363,-14.229],[136.894,-14.293],[136.885,-14.197],[136.745,-14.073],[136.804,-13.842],[136.715,-13.804]]],[[[130.459,-11.679],[130.339,-11.337],[130.153,-11.478],[130.198,-11.658],[130.072,-11.681],[130.131,-11.825],[130.317,-11.772],[130.459,-11.679]]],[[[130.619,-11.376],[130.427,-11.183],[130.369,-11.215],[130.423,-11.446],[130.512,-11.618],[130.645,-11.742],[130.951,-11.926],[131.292,-11.711],[131.539,-11.437],[131.268,-11.19],[131.023,-11.334],[130.913,-11.309],[130.752,-11.384],[130.619,-11.376]]],[[[113.183,-26.053],[112.982,-25.52],[112.908,-25.57],[112.964,-25.783],[113.183,-26.053]]],[[[137.596,-35.739],[137.53,-35.605],[137.334,-35.592],[137.092,-35.664],[136.639,-35.749],[136.541,-35.89],[136.755,-36.033],[137.148,-36.039],[137.21,-35.982],[137.448,-36.075],[137.59,-36.027],[137.671,-35.898],[137.836,-35.868],[138.012,-35.908],[138.047,-35.755],[137.596,-35.739]]],[[[151.147,-23.491],[151.033,-23.53],[151.184,-23.741],[151.296,-23.72],[151.147,-23.491]]],[[[146.278,-18.231],[146.116,-18.292],[146.236,-18.451],[146.342,-18.4],[146.278,-18.231]]],[[[132.593,-11.303],[132.629,-11.169],[132.593,-10.998],[132.484,-11.037],[132.494,-11.164],[132.593,-11.303]]],[[[145.043,-40.787],[144.719,-40.672],[144.646,-40.981],[144.778,-41.419],[145.055,-41.827],[145.238,-42.02],[145.294,-42.191],[145.517,-42.354],[145.435,-42.407],[145.199,-42.231],[145.268,-42.544],[145.488,-42.927],[145.61,-42.998],[145.803,-43.244],[145.975,-43.277],[146.043,-43.547],[146.187,-43.513],[146.549,-43.509],[146.699,-43.602],[146.874,-43.612],[147.077,-43.276],[147.245,-43.216],[147.26,-43.071],[147.408,-42.894],[147.574,-42.846],[147.8,-42.928],[147.648,-43.021],[147.786,-43.22],[147.981,-43.157],[147.915,-42.816],[147.924,-42.572],[148.009,-42.436],[148.023,-42.259],[148.316,-41.928],[148.288,-41.816],[148.312,-41.35],[148.293,-40.947],[148.215,-40.855],[147.969,-40.78],[147.873,-40.873],[147.622,-40.845],[147.455,-41.002],[147.321,-40.956],[146.99,-40.992],[146.574,-41.142],[146.317,-41.163],[145.821,-41.025],[145.734,-40.962],[145.429,-40.858],[145.283,-40.77],[145.043,-40.787]]],[[[143.928,-40.116],[144.141,-39.954],[144.091,-39.638],[144.001,-39.58],[143.862,-39.738],[143.839,-39.904],[143.928,-40.116]]],[[[148,-39.758],[147.839,-39.832],[147.891,-40.015],[148.106,-40.262],[148.323,-40.144],[148.297,-39.986],[148.178,-39.938],[148,-39.758]]],[[[147.356,-43.397],[147.284,-43.279],[147.163,-43.43],[147.309,-43.501],[147.356,-43.397]]],[[[148.326,-40.307],[148.198,-40.358],[148.353,-40.497],[148.474,-40.432],[148.326,-40.307]]]]},"properties":{"code":"AUS","name":"Australia"}},
{"type":"Feature","geometry":{"type":"Polygon","coordinates":[[[105.725,-10.493],[105.705,-10.431],[105.584,-10.512],[105.697,-10.564],[105.725,-10.493]]]},"properties":{"code":"IOA","name":"Australian Indian Ocean Territories"}},
{"type":"Feature","geometry":{"type":"Polygon","coordinates":[[[73.707,-53.137],[73.586,-53.027],[73.388,-53],[73.465,-53.184],[73.707,-53.137]]]},"properties":{"code":"HMD","name":"Heard Island and McDonald Islands"}},
{"type":"Feature","geometry":{"type":"Polygon","coordinates":[[[167.939,-29.018],[167.92,-29.083],[167.979,-29.076],[167.939,-29.018]]]},"properties":{"code":"NFK","name":"Norfolk Island"}},
{"type":"Feature","geometry":{"type":"Polygon","coordinates":[[[123.595,-12.426],[123.572,-12.424],[123.573,-12.434],[123.595,-12.436],[123.595,-12.426]]]},"properties":{"code":"ATC","name":"Ashmore and Cartier Islands"}},
{"type":"Feature","geometry":{"type":"Polygon","coordinates":[[[44.768,39.704],[45.032,39.765],[45.149,39.657],[45.457,39.494],[45.75,39.563],[45.766,39.378],[45.977,39.244],[45.952,39.178],[46.114,38.878],[46.491,38.907],[46.49,39.069],[46.55,39.201],[46.378,39.382],[46.481,39.555],[46.322,39.617],[46.202,39.594],[45.79,39.881],[45.965,40.234],[45.57,40.417],[45.376,40.638],[45.588,40.847],[45.369,41.005],[45.273,41.006],[45.001,41.291],[44.841,41.211],[44.473,41.191],[44.227,41.213],[43.793,41.131],[43.439,41.107],[43.632,40.929],[43.723,40.72],[43.569,40.482],[43.71,40.167],[43.792,40.07],[44.005,40.014],[44.289,40.04],[44.56,39.888],[44.768,39.704]]]},"properties":{"code":"ARM","name":"Armenia"}},
{"type":"Feature","geometry":{"type":"MultiPolygon","coordinates":[[[[-57.609,-30.188],[-57.405,-30.034],[-57.225,-29.782],[-56.939,-29.595],[-56.772,-29.418],[-56.571,-29.138],[-56.393,-28.997],[-56.322,-28.852],[-56.103,-28.652],[-55.859,-28.354],[-55.687,-28.382],[-55.725,-28.204],[-55.477,-28.089],[-55.346,-27.956],[-55.102,-27.867],[-54.91,-27.709],[-54.829,-27.551],[-54.555,-27.454],[-54.327,-27.424],[-54.205,-27.29],[-54.04,-27.244],[-53.838,-27.121],[-53.717,-26.883],[-53.753,-26.749],[-53.711,-26.352],[-53.671,-26.225],[-53.823,-25.96],[-53.891,-25.669],[-54.155,-25.523],[-54.444,-25.625],[-54.616,-25.576],[-54.632,-26.006],[-54.678,-26.309],[-54.755,-26.533],[-55.136,-26.931],[-55.427,-27.009],[-55.597,-27.208],[-55.633,-27.357],[-55.79,-27.416],[-55.951,-27.326],[-56.164,-27.321],[-56.437,-27.554],[-56.603,-27.468],[-56.716,-27.494],[-56.872,-27.441],[-57.112,-27.47],[-57.391,-27.43],[-57.812,-27.317],[-58.168,-27.273],[-58.605,-27.314],[-58.642,-27.196],[-58.485,-26.968],[-58.323,-26.858],[-58.191,-26.63],[-58.203,-26.381],[-58.082,-26.139],[-57.891,-26.007],[-57.755,-25.697],[-57.572,-25.534],[-57.587,-25.405],[-57.822,-25.136],[-58.136,-24.977],[-58.365,-24.959],[-58.52,-24.843],[-58.724,-24.787],[-59.373,-24.454],[-59.609,-24.267],[-59.892,-24.094],[-60.11,-24.009],[-60.505,-23.964],[-60.84,-23.858],[-61.033,-23.756],[-61.208,-23.557],[-61.506,-23.392],[-61.799,-23.182],[-62.067,-22.869],[-62.214,-22.612],[-62.373,-22.439],[-62.626,-22.29],[-62.651,-22.234],[-62.843,-21.997],[-63.819,-22.005],[-63.976,-22.073],[-64.266,-22.603],[-64.374,-22.761],[-64.524,-22.372],[-64.606,-22.229],[-65.058,-22.103],[-65.771,-22.1],[-66.099,-21.835],[-66.248,-21.83],[-66.365,-22.114],[-66.712,-22.216],[-66.8,-22.41],[-66.991,-22.51],[-67.195,-22.822],[-67.009,-23.001],[-67.356,-24.034],[-68.25,-24.392],[-68.507,-24.63],[-68.562,-24.838],[-68.466,-24.925],[-68.431,-25.149],[-68.541,-25.237],[-68.6,-25.486],[-68.511,-25.741],[-68.415,-26.154],[-68.53,-26.277],[-68.581,-26.518],[-68.319,-26.878],[-68.346,-27.028],[-68.652,-27.148],[-68.846,-27.154],[-68.942,-27.405],[-68.999,-27.449],[-69.174,-27.925],[-69.251,-27.974],[-69.657,-28.414],[-69.828,-29.103],[-70.027,-29.324],[-69.928,-29.769],[-69.96,-30.078],[-69.863,-30.12],[-69.956,-30.358],[-70.161,-30.44],[-70.348,-30.902],[-70.309,-31.023],[-70.388,-31.121],[-70.52,-31.148],[-70.585,-31.569],[-70.45,-31.842],[-70.254,-31.958],[-70.364,-32.083],[-70.32,-32.267],[-70.17,-32.472],[-70.177,-32.626],[-70.116,-32.807],[-70.022,-32.885],[-70.093,-33.027],[-70.085,-33.202],[-70.02,-33.271],[-69.82,-33.284],[-69.798,-33.399],[-69.894,-33.731],[-69.852,-34.224],[-70.052,-34.301],[-70.101,-34.432],[-70.29,-34.733],[-70.393,-35.147],[-70.555,-35.247],[-70.47,-35.326],[-70.38,-35.772],[-70.405,-36.062],[-70.722,-36.283],[-70.749,-36.393],[-70.905,-36.42],[-71.056,-36.524],[-71.066,-36.644],[-71.192,-36.844],[-71.118,-37.114],[-71.2,-37.3],[-71.135,-37.445],[-71.187,-37.631],[-71.168,-37.762],[-71.028,-38.041],[-70.968,-38.446],[-70.848,-38.542],[-70.952,-38.738],[-71.286,-38.845],[-71.426,-38.986],[-71.42,-39.287],[-71.539,-39.602],[-71.72,-39.635],[-71.638,-39.887],[-71.66,-40.021],[-71.818,-40.177],[-71.695,-40.335],[-71.805,-40.439],[-71.932,-40.692],[-71.873,-40.893],[-71.911,-41.65],[-71.77,-41.969],[-71.761,-42.101],[-72.026,-42.148],[-72.125,-42.298],[-72.053,-42.473],[-72.144,-42.577],[-72.114,-42.777],[-72.146,-42.99],[-72.055,-43.102],[-71.781,-43.167],[-71.764,-43.295],[-71.905,-43.348],[-71.905,-43.44],[-71.751,-43.59],[-71.795,-43.753],[-71.68,-43.93],[-71.812,-44.106],[-71.82,-44.383],[-71.213,-44.441],[-71.151,-44.494],[-71.261,-44.763],[-71.455,-44.75],[-71.957,-44.792],[-72.042,-44.904],[-71.596,-44.979],[-71.354,-45.23],[-71.349,-45.332],[-71.508,-45.513],[-71.693,-45.535],[-71.773,-45.724],[-71.751,-45.839],[-71.632,-45.954],[-71.684,-46.042],[-71.876,-46.161],[-71.778,-46.28],[-71.695,-46.578],[-71.733,-46.706],[-71.94,-46.831],[-71.963,-47.016],[-71.905,-47.202],[-72.042,-47.241],[-72.103,-47.343],[-72.346,-47.493],[-72.342,-47.572],[-72.518,-47.876],[-72.509,-47.973],[-72.328,-48.11],[-72.293,-48.229],[-72.355,-48.366],[-72.608,-48.519],[-72.614,-48.793],[-72.728,-48.896],[-72.982,-48.977],[-73.149,-49.188],[-73.135,-49.301],[-73.462,-49.314],[-73.576,-49.583],[-73.47,-49.795],[-73.529,-49.911],[-73.501,-50.125],[-73.387,-50.231],[-73.153,-50.738],[-73.082,-50.76],[-72.804,-50.638],[-72.51,-50.608],[-72.34,-50.682],[-72.276,-50.91],[-72.377,-51.095],[-72.303,-51.299],[-72.408,-51.541],[-72.269,-51.691],[-71.953,-51.88],[-71.919,-51.99],[-69.96,-52.008],[-69.488,-52.136],[-69.206,-52.136],[-68.715,-52.255],[-68.461,-52.29],[-68.443,-52.357],[-68.394,-52.307],[-68.691,-52.013],[-68.917,-51.715],[-69.033,-51.636],[-69.03,-51.446],[-69.144,-51.097],[-69.235,-50.951],[-69.045,-50.499],[-68.939,-50.382],[-68.75,-50.281],[-68.422,-50.158],[-68.662,-49.936],[-68.569,-49.867],[-68.405,-50.043],[-68.146,-50.091],[-67.914,-49.984],[-67.783,-49.859],[-67.662,-49.342],[-67.685,-49.247],[-67.466,-48.952],[-67.033,-48.628],[-66.393,-48.342],[-66.017,-48.084],[-65.912,-47.977],[-65.934,-47.827],[-65.775,-47.568],[-65.738,-47.345],[-65.854,-47.157],[-65.999,-47.094],[-66.65,-47.045],[-66.777,-47.006],[-67.387,-46.554],[-67.563,-46.345],[-67.609,-46.167],[-67.557,-45.97],[-67.258,-45.577],[-66.941,-45.257],[-66.585,-45.183],[-66.19,-44.965],[-65.639,-45.008],[-65.599,-44.876],[-65.698,-44.796],[-65.648,-44.661],[-65.361,-44.477],[-65.266,-44.28],[-65.308,-44.158],[-65.239,-44.049],[-65.305,-43.787],[-65.284,-43.63],[-64.986,-43.294],[-64.715,-43.136],[-64.432,-43.059],[-64.319,-42.969],[-64.629,-42.909],[-65.027,-42.759],[-64.971,-42.666],[-64.812,-42.633],[-64.65,-42.531],[-64.488,-42.513],[-64.324,-42.572],[-64.131,-42.861],[-64.035,-42.881],[-63.692,-42.805],[-63.617,-42.696],[-63.596,-42.407],[-63.685,-42.189],[-63.796,-42.114],[-64.061,-42.266],[-64.101,-42.395],[-64.42,-42.434],[-64.571,-42.416],[-64.622,-42.261],[-64.898,-42.162],[-65.059,-41.97],[-65.007,-41.745],[-65.018,-41.567],[-65.155,-41.106],[-65.133,-40.881],[-64.917,-40.731],[-64.853,-40.814],[-64.621,-40.854],[-64.123,-41.008],[-63.773,-41.15],[-63.213,-41.152],[-62.959,-41.11],[-62.395,-40.891],[-62.246,-40.675],[-62.394,-40.459],[-62.402,-40.197],[-62.287,-39.895],[-62.132,-39.825],[-62.054,-39.374],[-62.338,-39.151],[-62.304,-38.988],[-62.374,-38.853],[-62.189,-38.813],[-62.067,-38.919],[-61.603,-38.999],[-61.112,-38.993],[-59.828,-38.838],[-59.007,-38.673],[-58.179,-38.436],[-57.646,-38.17],[-57.547,-38.086],[-57.507,-37.909],[-57.396,-37.745],[-57.088,-37.446],[-56.727,-36.958],[-56.672,-36.851],[-56.698,-36.426],[-56.749,-36.346],[-56.937,-36.353],[-57.076,-36.297],[-57.265,-36.144],[-57.375,-35.9],[-57.354,-35.72],[-57.159,-35.506],[-57.171,-35.362],[-57.304,-35.188],[-57.764,-34.895],[-58.283,-34.683],[-58.466,-34.457],[-58.525,-34.296],[-58.392,-34.193],[-58.457,-33.898],[-58.547,-33.663],[-58.424,-33.112],[-58.25,-33.078],[-58.171,-32.959],[-58.22,-32.564],[-58.201,-32.472],[-58.123,-32.322],[-58.189,-31.924],[-58.042,-31.769],[-57.988,-31.576],[-58.054,-31.495],[-57.868,-31.104],[-57.898,-30.975],[-57.811,-30.859],[-57.873,-30.591],[-57.713,-30.384],[-57.609,-30.188]]],[[[-68.653,-54.854],[-68.22,-54.818],[-67.793,-54.869],[-66.93,-54.925],[-66.511,-55.032],[-65.842,-54.91],[-65.603,-54.928],[-65.346,-54.878],[-65.179,-54.678],[-65.369,-54.632],[-65.747,-54.653],[-66.236,-54.533],[-66.462,-54.441],[-66.67,-54.314],[-67.294,-54.05],[-67.503,-53.922],[-68.008,-53.564],[-68.161,-53.306],[-68.393,-53.295],[-68.521,-53.177],[-68.339,-52.9],[-68.63,-52.653],[-68.64,-54.324],[-68.653,-54.854]]],[[[-64.549,-54.716],[-64.757,-54.827],[-64.637,-54.903],[-64.105,-54.722],[-64.439,-54.739],[-64.549,-54.716]]]]},"properties":{"code":"ARG","name":"Argentina"}},
{"type":"Feature","geometry":{"type":"Polygon","coordinates":[[[-61.716,17.037],[-61.817,17.169],[-61.86,17.013],[-61.716,17.037]]]},"properties":{"code":"ATG","name":"Antigua and Barbuda"}},
{"type":"Feature","geometry":{"type":"MultiPolygon","coordinates":[[[[13.073,-4.635],[12.881,-4.445],[12.798,-4.431],[12.642,-4.531],[12.385,-4.619],[12.308,-4.766],[12.204,-4.779],[12.018,-5.004],[12.177,-5.325],[12.207,-5.468],[12.155,-5.633],[12.214,-5.759],[12.504,-5.696],[12.522,-5.149],[12.574,-4.997],[12.83,-4.737],[13.073,-4.635]]],[[[23.967,-10.872],[23.834,-11.014],[23.4,-10.976],[23.157,-11.075],[22.815,-11.08],[22.561,-11.056],[22.279,-11.194],[22.178,-10.892],[22.28,-10.784],[22.302,-10.397],[22.198,-10.041],[22.089,-9.863],[21.949,-9.726],[21.813,-9.469],[21.829,-9.168],[21.905,-8.693],[21.896,-8.341],[21.801,-8.112],[21.78,-7.865],[21.842,-7.421],[21.751,-7.305],[20.608,-7.278],[20.537,-7.122],[20.599,-6.935],[20.482,-6.916],[19.875,-6.986],[19.66,-7.037],[19.528,-7.144],[19.48,-7.472],[19.372,-7.655],[19.341,-7.967],[18.898,-7.998],[18.653,-7.936],[18.192,-8.024],[18.009,-8.108],[17.913,-8.068],[17.536,-8.076],[17.155,-7.461],[16.985,-7.257],[16.919,-6.934],[16.743,-6.618],[16.718,-6.241],[16.537,-5.966],[16.315,-5.866],[15.727,-5.864],[14.399,-5.893],[13.979,-5.857],[13.068,-5.865],[12.791,-6.004],[12.303,-6.093],[12.521,-6.59],[12.823,-6.955],[12.862,-7.232],[13.091,-7.78],[13.379,-8.37],[13.359,-8.687],[12.999,-9.048],[13.156,-9.39],[13.209,-9.703],[13.332,-9.999],[13.495,-10.257],[13.539,-10.421],[13.721,-10.634],[13.834,-10.93],[13.847,-11.054],[13.784,-11.488],[13.785,-11.813],[13.686,-12.124],[13.417,-12.52],[12.983,-12.776],[12.898,-13.028],[12.55,-13.438],[12.504,-13.755],[12.379,-14.039],[12.28,-14.637],[12.073,-15.248],[11.968,-15.634],[11.751,-15.832],[11.797,-15.986],[11.819,-16.704],[11.743,-17.249],[12.014,-17.169],[12.213,-17.21],[12.548,-17.213],[13.101,-16.968],[13.404,-17.008],[13.562,-17.141],[13.938,-17.389],[14.017,-17.409],[14.415,-17.388],[17.835,-17.393],[18.396,-17.399],[18.487,-17.443],[18.718,-17.703],[18.826,-17.766],[19.076,-17.818],[19.377,-17.825],[19.639,-17.869],[20.194,-17.864],[20.393,-17.887],[20.625,-17.997],[20.908,-18.006],[21.113,-17.956],[21.417,-18.001],[23.381,-17.641],[22.956,-17.286],[22.305,-16.69],[22.151,-16.597],[22.04,-16.263],[21.98,-15.956],[21.979,-13.001],[23.843,-13.001],[23.968,-12.957],[23.882,-12.799],[23.991,-12.422],[23.959,-12.118],[23.971,-11.636],[24.047,-11.405],[23.967,-10.872]]]]},"properties":{"code":"AGO","name":"Angola"}},
{"type":"Feature","geometry":{"type":"Polygon","coordinates":[[[1.706,42.503],[1.71,42.604],[1.501,42.643],[1.428,42.596],[1.486,42.434],[1.706,42.503]]]},"properties":{"code":"AND","name":"Andorra"}},
{"type":"Feature","geometry":{"type":"Polygon","coordinates":[[[8.577,36.937],[8.127,36.91],[7.91,36.856],[7.792,36.88],[7.608,37],[7.204,37.092],[7.238,36.969],[6.928,36.919],[6.576,37.003],[6.487,37.086],[6.328,37.046],[6.249,36.938],[6.065,36.864],[5.725,36.8],[5.425,36.675],[5.196,36.677],[4.995,36.808],[4.758,36.896],[3.779,36.896],[3.521,36.795],[2.973,36.784],[2.593,36.601],[2.343,36.61],[1.975,36.568],[1.257,36.52],[0.972,36.444],[0.515,36.262],[0.152,36.063],[0.048,35.901],[-0.189,35.819],[-0.426,35.862],[-0.917,35.668],[-1.205,35.496],[-1.336,35.364],[-1.674,35.183],[-1.913,35.094],[-2.22,35.104],[-2.132,34.971],[-1.796,34.752],[-1.85,34.607],[-1.733,34.467],[-1.792,34.368],[-1.707,34.176],[-1.703,33.717],[-1.631,33.567],[-1.679,33.319],[-1.551,33.074],[-1.51,32.878],[-1.352,32.703],[-1.111,32.552],[-1.066,32.468],[-1.24,32.338],[-1.275,32.089],[-2.448,32.13],[-2.863,32.075],[-2.931,32.043],[-3.017,31.834],[-3.44,31.705],[-3.827,31.662],[-3.789,31.362],[-3.833,31.198],[-3.673,31.111],[-3.702,30.944],[-3.985,30.914],[-4.323,30.699],[-4.779,30.552],[-4.968,30.465],[-5.18,30.166],[-5.449,29.957],[-5.775,29.869],[-6.215,29.811],[-6.501,29.809],[-6.521,29.66],[-6.635,29.569],[-7.095,29.625],[-7.235,29.575],[-7.486,29.392],[-7.685,29.35],[-7.999,29.132],[-8.265,28.981],[-8.66,28.719],[-8.683,28.621],[-8.683,27.656],[-8.683,27.286],[-5.517,25.424],[-4.823,24.996],[-4.517,24.804],[1.146,21.102],[1.166,20.817],[1.29,20.714],[1.611,20.556],[1.685,20.378],[1.929,20.273],[2.219,20.248],[2.406,20.064],[2.866,19.956],[3.204,19.79],[3.202,19.56],[3.256,19.411],[3.106,19.15],[3.256,19.013],[3.401,18.988],[4.228,19.143],[5.748,19.434],[5.837,19.479],[6.989,20.471],[7.482,20.873],[11.968,23.518],[11.767,23.893],[11.508,24.314],[10.686,24.551],[10.439,24.48],[10.256,24.591],[10.12,24.79],[10.028,25.051],[10.001,25.332],[9.448,26.067],[9.438,26.246],[9.491,26.334],[9.859,26.552],[9.894,26.848],[9.837,26.916],[9.748,27.331],[9.916,27.786],[9.858,28.043],[9.816,28.56],[9.843,28.967],[9.821,29.115],[9.673,29.567],[9.546,29.796],[9.31,30.115],[9.519,30.229],[9.044,32.072],[8.333,32.544],[8.211,32.927],[8.076,33.089],[7.763,33.233],[7.5,33.832],[7.514,34.081],[7.749,34.254],[7.838,34.41],[8.123,34.564],[8.246,34.734],[8.277,34.979],[8.394,35.204],[8.316,35.403],[8.318,35.655],[8.246,35.871],[8.349,36.368],[8.231,36.545],[8.37,36.633],[8.444,36.761],[8.601,36.834],[8.577,36.937]]]},"properties":{"code":"DZA","name":"Algeria"}},
{"type":"Feature","geometry":{"type":"Polygon","coordinates":[[[19.342,41.869],[19.578,41.788],[19.576,41.64],[19.441,41.425],[19.48,41.236],[19.461,40.933],[19.345,40.622],[19.439,40.47],[19.398,40.285],[19.485,40.21],[19.852,40.044],[19.965,39.872],[20.001,39.709],[20.207,39.654],[20.382,39.842],[20.311,39.979],[20.456,40.066],[20.657,40.117],[20.806,40.445],[20.95,40.494],[21.031,40.659],[20.964,40.85],[20.741,40.905],[20.489,41.273],[20.449,41.521],[20.566,41.874],[20.575,42.013],[20.485,42.223],[20.241,42.339],[20.064,42.547],[19.788,42.476],[19.654,42.629],[19.281,42.173],[19.361,42.069],[19.342,41.869]]]},"properties":{"code":"ALB","name":"Albania"}},
{"type":"Feature","geometry":{"type":"Polygon","coordinates":[[[66.522,37.348],[66.108,37.415],[65.765,37.569],[65.641,37.468],[65.555,37.251],[65.09,37.238],[64.816,37.132],[64.511,36.341],[64.358,36.226],[64.092,36.113],[64.01,36.012],[63.863,36.012],[63.109,35.819],[63.17,35.678],[63.057,35.446],[62.611,35.233],[62.463,35.251],[62.308,35.171],[62.253,35.25],[61.984,35.444],[61.72,35.419],[61.543,35.458],[61.345,35.629],[61.262,35.62],[61.279,35.514],[61.189,35.312],[61.1,35.272],[61.15,35.094],[61.08,34.856],[60.951,34.654],[60.726,34.518],[60.889,34.319],[60.643,34.307],[60.486,34.095],[60.527,33.842],[60.511,33.639],[60.655,33.56],[60.917,33.505],[60.561,33.138],[60.577,32.995],[60.829,32.249],[60.79,31.987],[60.792,31.661],[60.854,31.483],[61.66,31.382],[61.755,31.285],[61.814,31.073],[61.784,30.832],[60.843,29.859],[62.373,29.425],[62.477,29.408],[63.568,29.498],[64.099,29.392],[64.266,29.507],[64.521,29.565],[65.096,29.559],[66.177,29.836],[66.313,29.969],[66.247,30.044],[66.305,30.321],[66.287,30.608],[66.397,30.912],[66.567,30.997],[66.731,31.195],[66.924,31.306],[67.287,31.218],[67.453,31.235],[67.738,31.344],[67.578,31.506],[67.74,31.548],[68.017,31.678],[68.214,31.807],[68.443,31.754],[68.598,31.803],[68.782,31.646],[68.869,31.634],[69.083,31.738],[69.279,31.937],[69.241,32.434],[69.405,32.683],[69.502,33.02],[69.704,33.095],[69.92,33.113],[70.261,33.289],[70.284,33.369],[70.057,33.72],[69.868,33.898],[69.995,34.052],[70.416,33.95],[70.848,33.982],[71.052,34.05],[71.096,34.369],[70.966,34.53],[71.294,34.868],[71.455,34.967],[71.621,35.183],[71.546,35.289],[71.601,35.408],[71.428,35.834],[71.185,36.042],[71.233,36.122],[71.621,36.436],[71.822,36.486],[72.157,36.701],[72.623,36.83],[73.117,36.869],[73.769,36.888],[74.002,36.823],[74.541,37.022],[74.372,37.158],[74.727,37.291],[74.891,37.232],[74.659,37.394],[74.26,37.415],[74.167,37.329],[73.75,37.232],[73.721,37.419],[73.481,37.472],[73.211,37.408],[72.896,37.268],[72.757,37.173],[72.657,37.029],[72.359,36.983],[72.154,36.901],[71.802,36.694],[71.597,36.733],[71.433,37.128],[71.552,37.933],[71.279,37.918],[71.333,38.17],[71.256,38.307],[71.052,38.418],[70.879,38.456],[70.616,38.334],[70.418,38.075],[70.215,37.924],[70.251,37.664],[70.045,37.547],[69.941,37.6],[69.626,37.594],[69.492,37.553],[69.399,37.399],[69.414,37.208],[69.265,37.108],[68.96,37.325],[68.669,37.258],[68.387,37.138],[68.068,36.95],[67.958,36.972],[67.759,37.172],[67.517,37.267],[67.32,37.21],[67.069,37.335],[66.828,37.371],[66.522,37.348]]]},"properties":{"code":"AFG","name":"Afghanistan"}},
{"type":"Feature","geometry":{"type":"Polygon","coordinates":[[[77.049,35.11],[77.799,35.496],[77.446,35.476],[77.09,35.552],[76.767,35.662],[77.049,35.11]]]},"properties":{"code":"KAS","name":"Siachen Glacier"}},
{"type":"Feature","geometry":{"type":"Polygon","coordinates":[[[-63.123,18.069],[-63.023,18.019],[-63.011,18.069],[-63.123,18.069]]]},"properties":{"code":"SXM","name":"Sint Maarten"}},
{"type":"Feature","geometry":{"type":"Polygon","coordinates":[[[179.214,-8.524],[179.212,-8.488],[179.198,-8.489],[179.201,-8.512],[179.214,-8.524]]]},"properties":{"code":"TUV","name":"Tuvalu"}}
]}